work_id,cost_ratio_vs_category_median,progress_vs_elapsed_time_ratio,days_since_last_photo,citizen_grievance_count
WRK-000000,1.0,0.21505376344086022,48.08417207931989,0
WRK-000001,0.8016032064128257,0.1,46.72379311648907,0
WRK-000002,1.002004008016032,0.1,47.6952199974851,0
WRK-000003,1.002004008016032,0.1,5.595885797031665,0
WRK-000004,1.002004008016032,0.1,1.7287479939675405,0
WRK-000005,1.002004008016032,0.1,29.053210314123014,0
WRK-000006,1.002004008016032,0.1,28.199213885151472,0
WRK-000007,1.002004008016032,0.1,62.48591913098995,1
WRK-000008,1.002004008016032,0.1,298.8272311122447,5
WRK-000009,1.002004008016032,0.1,20.931216930863286,1
WRK-000010,1.002004008016032,0.1,1.4087261359561642,0
WRK-000011,1.002004008016032,0.1,21.78047256047919,0
WRK-000012,1.002004008016032,0.1,34.62654705767616,0
WRK-000013,1.002004008016032,0.1,7.737896491798226,1
WRK-000014,2.5,0.1,136.32896112274068,3
WRK-000015,0.5,0.1,3.0754650765245337,0
WRK-000016,1.0,0.1,1.8315453478038308,0
WRK-000017,1.002004008016032,0.1,275.2666395907645,5
WRK-000018,1.002004008016032,0.1,18.02398550740316,1
WRK-000019,1.002004008016032,0.1,289.3361864839371,4
WRK-000020,1.002004008016032,0.1,24.947718996272485,1
WRK-000021,1.002004008016032,0.1,4.471527444246408,0
WRK-000022,1.002004008016032,0.1,36.75940528288925,1
WRK-000023,1.002004008016032,0.1,24.541717264285182,0
WRK-000024,1.002004008016032,0.1,13.115923079260012,0
WRK-000025,1.002004008016032,0.1,8.341734126236332,0
WRK-000026,1.002004008016032,0.1,9.066393785965314,2
WRK-000027,1.002004008016032,0.1,1.5415429411130948,1
WRK-000028,1.002004008016032,0.1,3.5926450874910754,1
WRK-000029,1.002004008016032,0.1,13.706409032085006,0
WRK-000030,1.002004008016032,0.1,7.773604723196426,0
WRK-000031,1.002004008016032,0.1,25.28413715130213,0
WRK-000032,1.002004008016032,0.1,14.169812548322508,0
WRK-000033,1.002004008016032,0.1,145.39871773717834,4
WRK-000034,1.002004008016032,0.1,9.221766725149424,0
WRK-000035,1.002004008016032,0.1,12.831134743810281,0
WRK-000036,1.2024048096192386,0.1,6.876667228755865,0
WRK-000037,1.002004008016032,0.1,6.438224418126211,0
WRK-000038,1.002004008016032,0.1,17.57829364385089,0
WRK-000039,0.6114560559685177,1.0,5.938944178575989,1
WRK-000040,2.5,0.1,26.674048500637667,2
WRK-000041,0.8,0.1,27.817279724918148,0
WRK-000042,0.4,0.1,21.681658559303862,0
WRK-000043,0.8,0.1,1.460566959608716,1
WRK-000044,1.0,0.1,22.681350034455093,2
WRK-000045,1.0,0.1,27.086759757303447,0
WRK-000046,0.52,0.1,22.44079302914855,0
WRK-000047,1.0,0.1,5.600982404728464,1
WRK-000048,1.0,0.1,6.418723820720648,0
WRK-000049,1.0,0.1,3.3147181460319644,0
WRK-000050,1.0,0.1,7.087270253829235,0
WRK-000051,1.0,0.1,0.4227951281957562,1
WRK-000052,1.0,0.1,3.347127922314269,1
WRK-000053,1.0,0.1,26.301136890943127,0
WRK-000054,1.0,0.1,79.91512542369678,1
WRK-000055,1.0,0.1,11.270761847772697,0
WRK-000056,1.0,0.1,5.680794032016559,0
WRK-000057,1.0,0.1,7.955125078144711,0
WRK-000058,1.0,0.1,7.226844458698258,0
WRK-000059,1.0,0.1,2.5926720644720262,0
WRK-000060,0.15,0.1,21.6665026974322,0
WRK-000061,1.0,1.0,27.516977070348872,0
WRK-000062,1.0,1.0,30.156182612856142,0
WRK-000063,1.0,1.0,106.19765591519554,0
WRK-000064,1.0,1.0,42.13320469553527,0
WRK-000065,2.566208170806816,0.1,32.89731680991164,1
WRK-000066,2.566208170806816,0.1,20.869829639532075,0
WRK-000067,0.5,0.1859504132231405,11.85048397921582,0
WRK-000068,2.566208170806816,0.1,0.8890711254369439,1
WRK-000069,0.5,1.0,19.132055736403963,2
WRK-000070,0.5502228757679947,0.1,12.427661749858864,1
WRK-000071,2.1237628571428573,0.1,30.159227502191822,1
WRK-000072,5.246666666666667,0.1,40.56003162312493,1
WRK-000073,5.246666666666667,0.1,6.641376293945403,1
WRK-000074,5.246666666666667,0.1,0.9950144240745228,0
WRK-000075,5.246666666666667,0.1,18.496444702455477,0
WRK-000076,5.246666666666667,0.1,51.068387995880954,0
WRK-000077,5.246666666666667,0.1,16.42143193216912,0
WRK-000078,1.7030285714285713,0.1,42.618857716887526,0
WRK-000079,2.0,0.1,15.060294906796653,0
WRK-000080,2.0,0.1,26.27988095287818,0
WRK-000081,0.5,0.1,5.775659893676103,0
WRK-000082,0.5,0.1,2.6883450167737672,0
WRK-000083,0.5,0.1,2.849616654805842,1
WRK-000084,1.0,0.1,2.3536463615017515,1
WRK-000085,1.2857142857142858,0.1,1.0934623782705908,0
WRK-000086,1.5,0.1,34.33186382988964,0
WRK-000087,1.8,0.1,8.972299975338542,0
WRK-000088,0.5333333333333333,0.1,229.15038673092596,3
WRK-000089,0.5714285714285714,0.1,18.699186691826746,0
WRK-000090,0.5714285714285714,0.1,3.745349109363536,0
WRK-000091,0.7490636704119851,0.1,38.36584883703292,0
WRK-000092,0.5714285714285714,0.1,25.83912078880899,0
WRK-000093,0.5714285714285714,0.1,202.65801301913658,5
WRK-000094,0.5714285714285714,0.1,4.0118362874487214,1
WRK-000095,0.8,0.1,10.62039218537093,0
WRK-000096,1.0,0.1,6.0966173961353025,0
WRK-000097,0.5714285714285714,0.1,1.514773977847119,0
WRK-000098,0.5714285714285714,0.1,10.071195969042318,0
WRK-000099,1.5,0.1,261.6388662837311,5
WRK-000100,0.2857142857142857,0.1,20.176998747206873,0
WRK-000101,1.25,0.2777777777777778,61.64822451224324,0
WRK-000102,1.0,0.1,40.928646502662744,0
WRK-000103,0.6012024048096193,0.1,22.35784197683197,0
WRK-000104,1.0,0.1,37.012007901996846,0
WRK-000105,1.0,0.1,14.538613671337774,1
WRK-000106,1.0,0.1,21.35698512001933,0
WRK-000107,0.5714285714285714,0.1,7.604377723098946,0
WRK-000108,0.5714285714285714,0.1,4.381082634909899,0
WRK-000109,0.5714285714285714,0.1,42.89834767846293,0
WRK-000110,0.5714285714285714,0.1,2.8060592394051813,0
WRK-000111,0.5333333333333333,0.1,3.7579799002096603,0
WRK-000112,1.0,0.1,6.204834751513789,0
WRK-000113,0.5714285714285714,0.1,19.34998760347518,1
WRK-000114,0.5714285714285714,0.1,8.276781520409402,1
WRK-000115,0.5714285714285714,0.1,13.689658706299229,0
WRK-000116,0.5714285714285714,0.1,43.195578018494665,0
WRK-000117,0.5714285714285714,0.1,30.834404720685306,0
WRK-000118,0.5714285714285714,0.1,23.42493980775386,1
WRK-000119,0.5714285714285714,0.1,3.418998609172521,0
WRK-000120,0.5714285714285714,0.1,23.78841873385931,0
WRK-000121,1.0,0.1,9.089566631997654,1
WRK-000122,1.0,0.1,2.4752719378757293,2
WRK-000123,1.0,0.1,7.988514361139832,2
WRK-000124,1.0,0.1,1.4111487238265055,0
WRK-000125,1.0,0.1,18.30170300241932,0
WRK-000126,1.0,0.1,19.433538429724337,0
WRK-000127,1.0,0.1,5.886002186099931,0
WRK-000128,1.0,0.1,0.916828340522226,0
WRK-000129,1.0,0.1,54.58620893981082,0
WRK-000130,1.0,0.1,16.155983190675823,0
WRK-000131,1.0,0.1,29.761455795812466,0
WRK-000132,1.0,0.1,7.055897722217551,0
WRK-000133,1.0,0.1,33.52801726596054,0
WRK-000134,1.0,0.1,32.8254281923221,0
WRK-000135,1.0,0.1,1.8626435872243576,0
WRK-000136,1.0,0.1,108.63179344036129,0
WRK-000137,1.0,0.1,13.471923562312845,0
WRK-000138,1.0,0.1,27.955168465403382,1
WRK-000139,1.0,0.1,4.873979033223867,0
WRK-000140,1.0,0.1,19.676426927863726,0
WRK-000141,0.5714285714285714,0.1,5.724859772932929,0
WRK-000142,1.0,0.1,32.27889874885389,0
WRK-000143,1.0,0.1,9.261511041646138,0
WRK-000144,1.0,0.1,15.581943752252156,0
WRK-000145,1.0,0.1,10.561411468315098,0
WRK-000146,1.0,0.1,15.070201023812551,0
WRK-000147,1.0,0.3751284686536485,9.446018760098092,0
WRK-000148,0.3,0.1,12.259878721438044,0
WRK-000149,1.3333333333333333,0.1,0.5744302293322041,1
WRK-000150,0.42857142857142855,0.1,31.750179609999726,1
WRK-000151,0.5714285714285714,0.1,50.192967766764625,0
WRK-000152,0.5714285714285714,0.1,11.619190654621999,0
WRK-000153,0.8,0.1,68.08178593386947,0
WRK-000154,0.8,0.1,3.3617299225550856,0
WRK-000155,0.8571428571428571,0.1,55.69295217873232,1
WRK-000156,0.8333333333333334,0.1,7.287088686476703,0
WRK-000157,0.6,0.1,13.373165202843895,0
WRK-000158,1.3333333333333333,0.1,48.73988583502745,0
WRK-000159,1.0,0.1,2.538498658605777,0
WRK-000160,1.0,0.1,3.8196992016259443,0
WRK-000161,1.0,0.1,26.850573069026,0
WRK-000162,1.0,0.1,19.647578430016445,0
WRK-000163,1.0,0.1,5.759376794918653,0
WRK-000164,1.0,0.1,8.86716586376423,0
WRK-000165,0.5714285714285714,0.1,14.99702101424154,0
WRK-000166,1.0,0.1,37.99510763331127,0
WRK-000167,1.0,0.1,7.166408007221497,2
WRK-000168,1.0,0.1,15.301297084503918,0
WRK-000169,0.75,0.1,147.86324302508896,4
WRK-000170,0.7142857142857143,0.1,6.086370267037324,0
WRK-000171,0.5714285714285714,0.1,42.67084389136283,0
WRK-000172,0.75,0.1,11.131660755267133,0
WRK-000173,1.0,0.1,26.788505369202564,2
WRK-000174,0.7142857142857143,0.1,6.054051555455709,1
WRK-000175,1.0,1.0,3.720701880222576,1
WRK-000176,1.0,0.1,22.84815642377911,0
WRK-000177,1.0,1.0,28.349069322967836,0
WRK-000178,0.5714285714285714,0.1,19.01772889704672,0
WRK-000179,0.7142857142857143,0.1,23.747032260639788,0
WRK-000180,0.75,0.1,20.377048507426498,0
WRK-000181,0.5714285714285714,0.1,21.839119019842457,0
WRK-000182,0.5714285714285714,0.1,45.093652029895466,0
WRK-000183,0.7142857142857143,0.1,56.469380994869034,0
WRK-000184,1.0,0.1,13.247146811245917,0
WRK-000185,0.7142857142857143,0.1,154.6977238345939,2
WRK-000186,0.7142857142857143,0.1,28.074686101958584,0
WRK-000187,1.0,0.1,16.923871721627965,1
WRK-000188,1.0,0.1,48.80933174224186,0
WRK-000189,0.7142857142857143,0.1,20.889467719516194,0
WRK-000190,1.0,0.1,2.805392498466099,1
WRK-000191,0.7142857142857143,0.1,20.98414765608155,0
WRK-000192,1.0639569635385535,0.06147540983606557,11.448894188746356,0
WRK-000193,1.0639569635385535,0.06147540983606557,2.3027227885906116,1
WRK-000194,1.0639569635385535,0.06147540983606557,5.47700220253229,0
WRK-000195,1.0639569635385535,0.06147540983606557,69.52079186390391,0
WRK-000196,1.0639569635385535,0.06147540983606557,8.058545192337773,0
WRK-000197,1.0639569635385535,0.06147540983606557,5.161817457873468,0
WRK-000198,1.0639569635385535,0.06147540983606557,8.882119516029778,1
WRK-000199,1.0639569635385535,0.06147540983606557,41.34708749639831,2
WRK-000200,1.0639569635385535,0.06147540983606557,21.776723531455,1
WRK-000201,3.4787806335923492,0.06147540983606557,3.9541017879203757,0
WRK-000202,3.4787806335923492,0.06147540983606557,0.16258845666068017,0
WRK-000203,3.4787806335923492,0.06147540983606557,8.760470311359875,0
WRK-000204,3.4787806335923492,0.06147540983606557,3.0125390159704937,2
WRK-000205,3.4787806335923492,0.06147540983606557,41.34924163996676,1
WRK-000206,3.4787806335923492,0.06147540983606557,2.1317639239357393,0
WRK-000207,3.4787806335923492,0.06147540983606557,13.68485180420787,1
WRK-000208,0.6,0.1,20.350549347436537,1
WRK-000209,1.0639569635385535,0.1,57.40010787713649,0
WRK-000210,0.7142857142857143,0.1,5.809563127769199,0
WRK-000211,1.0116279069767442,1.0,34.715597994257855,0
WRK-000212,0.5,0.1,216.48899069812632,2
WRK-000213,1.25,0.1842374616171955,34.60040084105545,0
WRK-000214,0.8,0.1,7.162601359535598,0
WRK-000215,0.6666666666666666,0.1,6.655379786884899,0
WRK-000216,0.6666666666666666,0.1,5.0554605101063,0
WRK-000217,0.6666666666666666,0.1,20.877936438210792,0
WRK-000218,0.6666666666666666,0.1,12.992532201905334,0
WRK-000219,0.6666666666666666,0.1,17.3215862493018,0
WRK-000220,0.6666666666666666,0.1,25.65656749770563,0
WRK-000221,0.6666666666666666,0.1,247.17720210334505,2
WRK-000222,0.6666666666666666,0.1,147.8981557737397,3
WRK-000223,0.6666666666666666,0.1,27.97495279485019,0
WRK-000224,1.3333333333333333,0.1,0.6887364689094967,1
WRK-000225,0.2857142857142857,0.1,30.098797077726026,0
WRK-000226,0.6666666666666666,0.1,26.008225532467137,0
WRK-000227,0.6666666666666666,0.1,8.77326286248942,1
WRK-000228,0.6666666666666666,0.1,4.794547134592707,0
WRK-000229,0.6666666666666666,0.1,14.212288313194456,1
WRK-000230,0.6666666666666666,0.1,40.51391492277269,0
WRK-000231,0.6666666666666666,0.1,6.518561271245585,1
WRK-000232,0.6666666666666666,0.1,28.665784761039944,0
WRK-000233,0.6666666666666666,0.1,150.05414207693238,2
WRK-000234,1.0,0.1,7.976493413890024,2
WRK-000235,1.0,0.06134969325153374,86.05544321459688,0
WRK-000236,1.002004008016032,0.1,1.2079196545117699,1
WRK-000237,3.3333333333333335,0.1,0.7436995125487849,0
WRK-000238,1.15,0.1,37.14617448211955,0
WRK-000239,2.0,0.1,250.8214490290007,5
WRK-000240,1.2,0.1,12.120922026906918,1
WRK-000241,1.5,0.1,39.18354582968189,0
WRK-000242,1.0,0.1,49.49999413316079,3
WRK-000243,1.0,0.1,16.485568050579072,0
WRK-000244,0.5714285714285714,0.1,42.13110778032889,0
WRK-000245,1.0,0.1,190.0189668075173,4
WRK-000246,1.0,0.1,10.029259259940265,1
WRK-000247,1.0,0.1,4.865850332837906,0
WRK-000248,1.0,0.1,27.53530491986417,0
WRK-000249,1.0,0.1,42.81767287393165,0
WRK-000250,1.0,0.1,53.39773929724723,1
WRK-000251,1.0,0.1,6.040212947625358,0
WRK-000252,1.0,0.1,20.515993673276363,0
WRK-000253,0.5714285714285714,0.1,10.26606861459397,0
WRK-000254,1.0,0.1,34.238568395625165,0
WRK-000255,1.0,0.1,4.414289278629045,1
WRK-000256,1.0,0.1,1.1789296972073693,0
WRK-000257,0.75,0.1,7.218281945805592,1
WRK-000258,1.0,0.1,1.4132072856515228,0
WRK-000259,1.0,0.1,9.42207398245028,0
WRK-000260,1.08045,0.1,9.757600163559005,0
WRK-000261,0.9555,0.1,2.267783843576306,0
WRK-000262,2.30496,0.1,61.74460553672845,2
WRK-000263,1.2005,0.1,6.043606662065349,0
WRK-000264,1.0,0.1,23.935356533337107,0
WRK-000265,0.4,0.1,4.014411454592054,0
WRK-000266,0.75,0.1,10.175339123669353,0
WRK-000267,0.75,0.1,1.8048742736891323,0
WRK-000268,0.75,0.1,2.3568394192542335,0
WRK-000269,0.75,0.1,0.2230247162217847,2
WRK-000270,0.75,0.1,32.30734123426393,1
WRK-000271,0.75,0.1,7.105094718765531,0
WRK-000272,0.75,0.1,13.85265036535857,0
WRK-000273,0.75,0.1,17.37892979457169,0
WRK-000274,0.75,0.1,3.5962605983758538,0
WRK-000275,0.75,0.1,58.662939382891,0
WRK-000276,1.0,0.1,10.932887208647891,0
WRK-000277,0.75,0.1,1.507504587823232,0
WRK-000278,0.75,0.1,2.1608786259974853,0
WRK-000279,0.4,0.1,9.926666099292497,0
WRK-000280,0.6700167504187605,0.1,2.539822837726758,0
WRK-000281,1.6,0.1,6.5265308815377745,0
WRK-000282,1.0,0.1,14.866695443399625,0
WRK-000283,3.5698348951361,1.0,0.8299421181661466,0
WRK-000284,0.4,0.1,7.177895090440346,0
WRK-000285,1.2,0.1,31.397763164900844,0
WRK-000286,1.0,0.1,1.4904341956143545,1
WRK-000287,1.0,0.1,19.407159481638413,0
WRK-000288,0.4,0.1,1.0093969190679737,0
WRK-000289,0.75,0.1,53.562175570340756,0
WRK-000290,0.75,0.1,5.083917663642766,0
WRK-000291,0.75,0.1,289.4200006672102,3
WRK-000292,0.75,0.1,21.80214052256793,1
WRK-000293,0.75,0.1,45.187338030657564,0
WRK-000294,0.75,0.1,63.75473858729621,0
WRK-000295,0.75,0.1,27.634523845635965,0
WRK-000296,0.75,0.1,34.55223259685605,1
WRK-000297,0.75,0.1,21.936925153758665,0
WRK-000298,0.75,0.1,3.8507316035781414,1
WRK-000299,0.75,0.1,23.313052200512544,0
WRK-000300,0.75,0.1,3.337605880255927,0
WRK-000301,0.75,0.1,19.783254039368735,0
WRK-000302,0.75,0.1,15.34515752824767,0
WRK-000303,0.75,0.1,7.151287425920011,1
WRK-000304,0.75,0.1,179.19672621766009,5
WRK-000305,0.75,0.1,18.045084743468344,0
WRK-000306,0.75,0.1,4.634337129677723,0
WRK-000307,0.75,0.1,8.36165632430089,0
WRK-000308,0.75,0.1,8.454563286462733,0
WRK-000309,1.0,0.1,2.248493123308291,0
WRK-000310,1.0,0.1,5.79291129333571,1
WRK-000311,2.0,0.1,20.52123346836581,0
WRK-000312,1.0400478182904962,0.1,23.901906901716615,1
WRK-000313,1.0400478182904962,0.1,11.478582354184487,1
WRK-000314,1.0400478182904962,0.1,11.99879235331462,0
WRK-000315,1.0400478182904962,0.1,222.34318543320452,2
WRK-000316,1.0400478182904962,0.1,23.332382177326352,1
WRK-000317,1.0400478182904962,0.1,8.124852241651737,0
WRK-000318,1.0400478182904962,0.1,289.63315847390777,4
WRK-000319,1.0527426160337552,0.1,261.8029896447257,4
WRK-000320,1.0232067510548524,0.1,12.005621100997438,0
WRK-000321,1.0501054852320675,0.1,57.4651178011786,0
WRK-000322,1.0400478182904962,0.1,42.89707407007086,0
WRK-000323,1.0400478182904962,0.1,19.07896102991602,0
WRK-000324,0.9915611814345991,0.1,23.858104557976375,1
WRK-000325,1.0506329113924051,0.1,2.9594023656692334,0
WRK-000326,1.0284810126582278,0.1,9.270072505669571,1
WRK-000327,1.0516877637130801,0.1,26.053890658302272,0
WRK-000328,1.029535864978903,0.1,20.460224107093346,0
WRK-000329,1.0337552742616034,0.1,4.734305550778091,0
WRK-000330,1.001001001001001,0.1,62.11686972313253,1
WRK-000331,1.0495780590717299,0.1,0.7675913447161662,0
WRK-000332,1.0506329113924051,0.1,22.267275671626443,1
WRK-000333,1.0485232067510548,0.1,1.9285524703912371,0
WRK-000334,1.044831223628692,0.1,49.14597676948794,1
WRK-000335,1.0390295358649788,0.1,1.731583533588354,0
WRK-000336,1.0495780590717299,0.1,31.0331972860045,0
WRK-000337,1.0443037974683544,0.1,3.6215052007583104,0
WRK-000338,1.0474683544303798,0.1,90.81061938041456,0
WRK-000339,1.0495780590717299,0.1,11.56172558933676,0
WRK-000340,1.0464135021097047,0.1,23.485735957681882,0
WRK-000341,1.0506329113924051,0.1,19.587784006078333,0
WRK-000342,1.0443037974683544,0.1,13.397849654425695,0
WRK-000343,1.0232067510548524,0.1,28.840598221048467,0
WRK-000344,1.0021097046413503,0.1,14.800254909042106,0
WRK-000345,1.0443037974683544,0.1,54.81205415547316,0
WRK-000346,1.0495780590717299,0.1,124.87888306576953,4
WRK-000347,1.0400478182904962,0.1,107.17730948350626,0
WRK-000348,1.0400478182904962,0.1,16.556811016841134,0
WRK-000349,0.9704641350210971,0.1,5.896785580306077,2
WRK-000350,0.9810126582278481,0.1,11.731252117342814,0
WRK-000351,1.0126582278481013,0.1,24.860997390387446,0
WRK-000352,1.0126582278481013,0.1,19.936337631451842,0
WRK-000353,1.0400478182904962,0.1,234.90440237805944,3
WRK-000354,0.9810126582278481,0.1,45.514764155732415,0
WRK-000355,1.0523206751054852,0.1,18.91093514606746,0
WRK-000356,0.8786919831223629,0.1,31.48631880547537,0
WRK-000357,1.0495780590717299,0.1,13.443514227645183,0
WRK-000358,1.0548523206751055,0.1,2.3003281958399784,1
WRK-000359,3.0120481927710845,1.0,10.877731231536389,0
WRK-000360,1.178646594319138,0.1,156.74860037357007,3
WRK-000361,0.685259647859964,1.0,39.437363873862964,1
WRK-000362,0.685259647859964,1.0,4.578068868651926,0
WRK-000363,1.178646594319138,0.1,25.481948963489348,0
WRK-000364,1.4285714285714286,0.1,45.45626711111228,0
WRK-000365,1.0,0.1,2.6772073215067635,1
WRK-000366,1.0,0.1,18.98713871325816,0
WRK-000367,0.5,0.1,52.168611788862066,1
WRK-000368,0.5,0.1,10.31983927459212,0
WRK-000369,4.0,0.1,9.843213841879267,0
WRK-000370,1.1,0.1,13.280853946501288,1
WRK-000371,1.0400478182904962,0.1,4.118898660017679,0
WRK-000372,1.0400478182904962,0.1,3.6016971206823873,0
WRK-000373,1.0400478182904962,0.1,62.14102979647051,0
WRK-000374,1.0400478182904962,0.1,48.01959882625737,0
WRK-000375,1.0400478182904962,0.1,11.776945396419617,0
WRK-000376,1.0400478182904962,0.1,6.469800162646203,0
WRK-000377,1.0400478182904962,0.1,26.883186506699293,0
WRK-000378,1.0400478182904962,0.1,86.95789144977006,1
WRK-000379,1.0400478182904962,0.1,43.345843908189224,1
WRK-000380,1.0400478182904962,0.1,9.721668679522924,0
WRK-000381,1.0400478182904962,0.1,13.244849597715673,0
WRK-000382,1.0400478182904962,0.1,21.910286724659485,0
WRK-000383,1.0400478182904962,0.1,15.016454773633313,0
WRK-000384,1.0400478182904962,0.1,6.481373469419697,0
WRK-000385,1.0400478182904962,0.1,6.423046159831759,2
WRK-000386,1.0400478182904962,0.1,21.661974158112276,0
WRK-000387,1.0400478182904962,0.1,69.86012855154036,0
WRK-000388,1.0400478182904962,0.1,3.833483939842128,1
WRK-000389,1.0400478182904962,0.1,23.78427495773184,0
WRK-000390,1.0400478182904962,0.1,52.49363657304273,0
WRK-000391,4.952030642065162,0.1,0.2547574821744727,0
WRK-000392,1.6,0.1,10.97332249118571,0
WRK-000393,1.0,0.1,26.95874348714004,0
WRK-000394,1.0,0.3690596562184024,45.46826227873748,0
WRK-000395,0.5,0.3686868686868687,56.347898434888066,0
WRK-000396,1.002004008016032,0.1,6.680181658350329,0
WRK-000397,0.5,0.1,1.411755013885757,0
WRK-000398,1.2,0.1,6.827552770101052,1
WRK-000399,2.0,0.1,16.178621734043993,1
WRK-000400,0.5,0.1,5.295612540512434,0
WRK-000401,0.7869198312236287,0.1,8.588076076701107,1
WRK-000402,1.0548523206751055,0.1,28.379406119720407,1
WRK-000403,0.60025,0.1,0.3514560858463064,1
WRK-000404,0.7203,0.1,35.530796652444906,0
WRK-000405,1.2005,0.1,0.42288362499777254,0
WRK-000406,3.675,0.1,19.15096744359372,2
WRK-000407,0.57575,0.1,1.1810558536711462,2
WRK-000408,0.57575,0.1,6.400999689812844,0
WRK-000409,0.62475,0.1,11.682173533826955,0
WRK-000410,0.57575,0.1,43.50590813005566,0
WRK-000411,0.57575,0.1,4.3164518685182305,0
WRK-000412,2.7,0.1,77.71828253954764,1
WRK-000413,2.7,0.1,43.563761905126185,0
WRK-000414,2.2311468094600624,1.0,1.5842442041982665,0
WRK-000415,3.888888888888889,0.20181634712411706,0.17868904729145704,0
WRK-000416,1.5,0.1,3.395673429046786,0
WRK-000417,1.0,0.1,19.492836694302454,0
WRK-000418,0.60025,0.1,123.38199296716552,0
WRK-000419,4.0,0.1,7.103901686023724,0
WRK-000420,0.5,0.1,27.952982228425597,0
WRK-000421,1.078,0.1,1.6776097373897918,0
WRK-000422,0.5978,0.1,31.228183099833657,0
WRK-000423,1.4406,0.1,39.76301984043403,0
WRK-000424,1.078,0.1,44.340085411264944,0
WRK-000425,1.078,0.1,45.01593907454301,0
WRK-000426,1.078,0.1,32.90987457749859,1
WRK-000427,0.8379,0.1,1.6958516048131438,2
WRK-000428,1.0045,0.1,16.48176987398221,0
WRK-000429,1.0045,0.1,138.9452611938011,4
WRK-000430,1.0045,0.1,9.369370400105195,1
WRK-000431,1.0045,0.1,44.67228380069433,0
WRK-000432,3.2870084672311486,0.1,43.10223964766928,0
WRK-000433,0.6012024048096193,0.1,23.387890294514705,0
WRK-000434,1.3,0.1,5.031280397670672,0
WRK-000435,0.6012024048096193,0.1,22.04880251221649,0
WRK-000436,3.006012024048096,0.1,5.748612692356887,0
WRK-000437,0.06733420887667471,0.1,29.69081239842054,1
WRK-000438,1.2005,0.1,3.869167808845077,0
WRK-000439,2.597,0.1,23.675276162299852,0
WRK-000440,2.156,0.1,9.505400957797214,1
WRK-000441,0.9604,0.1,1.8898069625068064,1
WRK-000442,0.9604,0.1,27.60155620512341,1
WRK-000443,1.2005,0.1,2.5388164241799256,0
WRK-000444,0.9604,0.1,85.4604589064322,0
WRK-000445,0.9604,0.1,13.177192105555577,2
WRK-000446,0.7203,0.1,7.102405114558915,0
WRK-000447,2.401,0.1,3.988853006098487,0
WRK-000448,2.2785,0.1,14.589445698878896,0
WRK-000449,1.0,1.0,27.822277430582698,0
WRK-000450,1.0,1.0,35.523937908969316,0
WRK-000451,1.25,1.0,17.580812747125325,0
WRK-000452,1.0,0.1,67.75318407313608,0
WRK-000453,1.8,0.1,206.61406371031615,4
WRK-000454,1.0,1.0,3.5687477250253483,0
WRK-000455,0.3,0.1,64.72223190856485,0
WRK-000456,0.15,1.0,8.076890078057769,0
WRK-000457,0.2,1.0,67.99961360788434,0
WRK-000458,1.0116279069767442,1.0,6.20460352488551,0
WRK-000459,1.0116279069767442,1.0,10.517028176102148,0
WRK-000460,1.0,1.0,22.923662647928214,0
WRK-000461,1.0,1.0,299.87035053112305,2
WRK-000462,2.2222222222222223,0.1,52.680464973552375,0
WRK-000463,0.36535769051270084,0.1,8.972457239274977,0
WRK-000464,1.0,0.1,5.185700080084269,0
WRK-000465,0.36535769051270084,0.1,1.2141398571436381,0
WRK-000466,0.42857142857142855,0.1,0.5094487275372368,0
WRK-000467,0.2,0.1,0.5830605042051585,0
WRK-000468,2.0,0.1,7.626251132336405,0
WRK-000469,0.36535769051270084,0.1,7.30274181601024,1
WRK-000470,0.36535769051270084,0.1,20.41126041827921,0
WRK-000471,0.36535769051270084,0.1,45.8002798588526,0
WRK-000472,1.0465116279069768,1.0,23.451485443219646,0
WRK-000473,1.0465116279069768,1.0,21.809183729831673,0
WRK-000474,1.0465116279069768,1.0,11.076798545383141,0
WRK-000475,1.5,0.1,19.360422538169974,0
WRK-000476,1.5,0.1,16.01249610342029,0
WRK-000477,3.6015,0.1,1.0738314342584196,0
WRK-000478,1.3916,0.1,5.374398444032661,0
WRK-000479,0.60025,0.1,5.18530577473645,0
WRK-000480,0.9604,0.1,1.5371739270100224,0
WRK-000481,0.60025,0.1,9.148520954747625,0
WRK-000482,0.60025,0.1,1.186293633279208,0
WRK-000483,0.60025,0.1,30.08607905121544,0
WRK-000484,1.3333333333333333,0.1,30.795308514173378,1
WRK-000485,0.685259647859964,0.1,2.1546943901120925,1
WRK-000486,0.685259647859964,0.1,1.723450516138822,0
WRK-000487,0.8571428571428571,0.1,62.594657731995866,1
WRK-000488,0.5581914596706671,0.1,6.274164768158631,0
WRK-000489,1.0,0.1,14.09074309080038,0
WRK-000490,1.0619198312236287,0.1,12.29447262208318,1
WRK-000491,1.0,0.1,25.46468636681537,0
WRK-000492,1.0,0.1,20.73092278555488,0
WRK-000493,1.0,0.1,45.76988985729399,0
WRK-000494,1.0,0.1,3.7702528189436246,0
WRK-000495,1.0,0.1,20.652120357333352,0
WRK-000496,1.0,0.1,8.595170835508206,0
WRK-000497,2.5,0.1,14.296431313486206,0
WRK-000498,0.8888888888888888,0.1,82.89036720124452,0
WRK-000499,1.0,1.0,10.823028062893469,0
WRK-000500,1.0,0.1,23.581104198863127,0
WRK-000501,0.6,1.0,12.803774684180144,0
WRK-000502,1.0909090909090908,0.1,3.928735176505512,1
WRK-000503,3.002004008016032,0.1,0.3927413542341826,0
WRK-000504,2.9859719438877756,0.1,31.194728885983455,1
WRK-000505,3.0,0.1,1.912583243953899,1
WRK-000506,2.995991983967936,0.1,3.924982204007498,0
WRK-000507,0.5,1.0,18.260959416135428,0
WRK-000508,2.0,0.1,7.4685019781995985,0
WRK-000509,0.9090909090909091,0.1,12.238154794917298,0
WRK-000510,1.0,0.1,12.514523513569962,0
WRK-000511,1.0,0.1,194.17819617045635,4
WRK-000512,0.75,0.1,44.13092609677007,0
WRK-000513,1.0,0.1,81.11926059768979,0
WRK-000514,3.0120150602409637,0.15,13.691274140693523,0
WRK-000515,3.0120150602409637,0.15,8.261177864896215,0
WRK-000516,3.0120150602409637,0.15,45.41477449631274,1
WRK-000517,3.0120150602409637,0.15,10.723167810459568,1
WRK-000518,3.0120150602409637,0.15,19.468987853855026,0
WRK-000519,1.002004008016032,0.1,41.37722587332508,0
WRK-000520,0.4,0.1,8.615241920355583,1
WRK-000521,2.0,0.1,38.51535431110762,2
WRK-000522,0.375,0.1,22.865980245815063,0
WRK-000523,1.0,0.1,20.528227934169593,0
WRK-000524,0.8,0.1,35.31167169014698,0
WRK-000525,0.5,0.1,0.29235759114014487,0
WRK-000526,0.36363636363636365,0.1,7.466435471083891,1
WRK-000527,0.5,0.1,4.510969972456637,0
WRK-000528,1.2,0.1,6.572786608513288,0
WRK-000529,1.1111111111111112,0.17964071856287425,8.444283388100127,0
WRK-000530,1.0,1.0,5.148840415348066,1
WRK-000531,6.858995,1.0,11.925044464966728,1
WRK-000532,0.6012024048096193,0.1,7.059008074891554,0
WRK-000533,1.6,0.1,11.218844656279028,0
WRK-000534,1.0,0.1,13.016634450569507,0
WRK-000535,1.3027426160337552,0.1,5.420994231390806,0
WRK-000536,3.659282700421941,0.1,19.40416007332325,1
WRK-000537,0.7203,0.1,23.516341781822025,0
WRK-000538,0.625,0.1,189.20657563840143,4
WRK-000539,0.75,0.1,4.593419016552273,1
WRK-000540,1.714636323070058,0.36354581673306774,216.70823584604528,3
WRK-000541,2.9886431560071727,0.1,27.43939199249653,0
WRK-000542,2.9886431560071727,0.1,0.9532234255539391,1
WRK-000543,2.9886431560071727,0.1,11.406031356513452,0
WRK-000544,1.434782608695652,0.36354581673306774,19.013338741663873,1
WRK-000545,1.0400478182904962,0.1,5.9525297538420885,1
WRK-000546,1.0400478182904962,0.1,36.76939522040273,0
WRK-000547,1.0400478182904962,0.1,25.90402824243298,4
WRK-000548,1.0400478182904962,0.1,3.795004252712251,2
WRK-000549,1.0400478182904962,0.1,11.935801369495607,0
WRK-000550,1.0400478182904962,0.1,67.05863023705477,0
WRK-000551,1.0400478182904962,0.1,15.957788261070544,0
WRK-000552,1.4662447257383966,0.1,28.438427492509597,0
WRK-000553,1.4978902953586497,0.1,49.47709973667177,0
WRK-000554,1.0400478182904962,0.1,280.5164004229672,5
WRK-000555,1.0400478182904962,0.1,1.941229995079057,0
WRK-000556,1.2763713080168777,0.1,4.961704043068796,0
WRK-000557,0.6666666666666666,0.1,13.266960163631278,1
WRK-000558,0.6666666666666666,0.1,11.736031594368042,0
WRK-000559,3.28750747160789,0.1,16.22417391253144,0
WRK-000560,5.379557680812911,0.1,26.373674696916307,1
WRK-000561,2.6897788404064555,0.1,30.40648778306626,0
WRK-000562,2.9886431560071727,0.1,21.324536026647515,0
WRK-000563,3.28750747160789,0.1,57.20711182337161,0
WRK-000564,2.9886431560071727,0.1,72.3022373289565,0
WRK-000565,2.6666666666666665,0.1,26.101680992392744,0
WRK-000566,2.6666666666666665,0.1,38.93307162374779,0
WRK-000567,1.0,0.1,245.68643825401313,4
WRK-000568,1.0666666666666667,1.0,2.884695529529311,0
WRK-000569,0.995,0.1,16.833475272694912,0
WRK-000570,1.25,1.0,51.80619193749586,0
WRK-000571,1.25,1.0,3.200317473239787,0
WRK-000572,1.0,1.0,8.761384275012702,0
WRK-000573,1.0,1.0,19.963438472130473,0
WRK-000574,1.0,1.0,11.486151884779016,0
WRK-000575,0.5274261603375527,0.1,1.0716622070577153,1
WRK-000576,0.9302325581395349,0.1,83.10438481260753,0
WRK-000577,1.1428571428571428,1.0,15.541659341266014,0
WRK-000578,1.0,1.0,5.842644659745585,1
WRK-000579,1.0,1.0,9.95486417987954,1
WRK-000580,1.0,1.0,0.5892831067795892,1
WRK-000581,1.0,1.0,16.101637896216346,1
WRK-000582,0.9302325581395349,0.1,32.91713973370149,0
WRK-000583,0.9302325581395349,1.0,16.14128256447277,0
WRK-000584,0.9302325581395349,0.1,29.699096770384937,0
WRK-000585,0.9302325581395349,1.0,13.510025657156639,0
WRK-000586,0.055778670236501564,1.0,29.136358054521825,1
WRK-000587,0.055778670236501564,1.0,14.140149679296432,0
WRK-000588,0.055778670236501564,1.0,20.449065179064437,1
WRK-000589,0.055778670236501564,1.0,38.45019511029263,0
WRK-000590,0.055778670236501564,1.0,87.8397982854118,0
WRK-000591,0.055778670236501564,1.0,10.761347272260778,1
WRK-000592,0.055778670236501564,1.0,68.90388510234837,0
WRK-000593,0.055778670236501564,1.0,2.2409287705040897,0
WRK-000594,0.055778670236501564,1.0,18.170385868943686,1
WRK-000595,0.055778670236501564,1.0,14.05050983240281,0
WRK-000596,0.055778670236501564,1.0,17.25772895013791,1
WRK-000597,0.45263713080168777,0.1,36.940110480977296,0
WRK-000598,0.5392405063291139,0.1,9.876829563629352,0
WRK-000599,0.9462025316455697,0.1,84.02866828470032,0
WRK-000600,0.7129746835443038,0.1,15.880795238424096,0
WRK-000601,0.6339662447257384,0.1,226.85781398143368,5
WRK-000602,0.33,0.36174430128840435,17.788478445714574,0
WRK-000603,0.33,0.1,14.741799841414544,0
WRK-000604,0.33,0.1,168.41232388080292,3
WRK-000605,0.33,0.1,0.48750516039053066,0
WRK-000606,0.33,0.1,78.57832844473593,0
WRK-000607,0.33,0.1,20.83464446828804,1
WRK-000608,0.33,0.1,55.19900838636048,0
WRK-000609,0.33,0.1,80.87857538018069,2
WRK-000610,1.0,1.0,30.984146176204696,2
WRK-000611,0.2,0.1,9.583585262983139,0
WRK-000612,0.2,1.0,12.68393250523469,0
WRK-000613,0.2,0.1,1.9933897540549692,0
WRK-000614,0.2,0.1,47.405796113347584,1
WRK-000615,0.64,1.0,23.510356367665104,0
WRK-000616,0.2,0.1,54.95183466911538,0
WRK-000617,0.2,0.1,48.46189702058048,1
WRK-000618,0.2,0.1,0.8210149346674577,0
WRK-000619,0.2,0.1,35.29672302979569,0
WRK-000620,0.2,0.1,2.919359411620423,0
WRK-000621,0.2,0.1,1.528558685090461,0
WRK-000622,1.0,1.0,22.729437699461744,0
WRK-000623,0.6793008683133556,1.0,12.172707026445266,0
WRK-000624,0.6793008683133556,1.0,31.51113779526428,0
WRK-000625,0.6793008683133556,1.0,65.41589654519002,0
WRK-000626,2.5,0.1,11.003800824887541,0
WRK-000627,1.0,0.1,18.47523414577575,1
WRK-000628,1.0,0.1,0.06252877641252644,0
WRK-000629,1.348962694204112,0.1,4.623090351234883,1
WRK-000630,0.6693440428380187,1.0,22.42557068707557,0
WRK-000631,4.383,0.1,0.24998249359300106,0
WRK-000632,2.0,0.1,20.9591865312979,0
WRK-000633,1.0,0.1,19.852969043901847,1
WRK-000634,1.25,0.1,1.9462009080256655,0
WRK-000635,1.5822784810126582,0.1,52.00266424868097,0
WRK-000636,1.348962694204112,0.1,29.0323003977013,0
WRK-000637,2.857142857142857,0.1,226.07669312670632,5
WRK-000638,3.5428571428571427,0.1,3.3241868530960184,0
WRK-000639,1.778723404255319,0.1,28.06395996456142,0
WRK-000640,1.0,0.1,8.406141440362644,0
WRK-000641,1.0,0.1,60.908760453705824,0
WRK-000642,1.408450704225352,0.1,13.290093074846007,1
WRK-000643,1.0,0.1,19.280714372797533,0
WRK-000644,1.4,0.1,6.516427009106795,0
WRK-000645,1.2,0.1,12.867743911782313,0
WRK-000646,2.0,0.1,27.875306694762543,0
WRK-000647,4.28,0.1,260.11876955628827,3
WRK-000648,5.610486891385768,0.1,0.2800947285329462,0
WRK-000649,3.0,0.1,0.7169421986735389,0
WRK-000650,1.0400478182904962,0.1,12.247473832226648,0
WRK-000651,1.0400478182904962,0.1,30.13366288056245,0
WRK-000652,1.0400478182904962,0.1,18.679187673331725,0
WRK-000653,1.0400478182904962,0.1,4.010570106306995,0
WRK-000654,1.0400478182904962,0.1,32.46560826689672,0
WRK-000655,1.0400478182904962,0.1,67.45440181435049,0
WRK-000656,1.25,0.1,8.208859230259364,0
WRK-000657,1.0400478182904962,0.1,13.008428278856464,1
WRK-000658,1.0400478182904962,0.1,11.7861122444337,0
WRK-000659,1.0400478182904962,0.1,6.946134723309022,0
WRK-000660,1.5186708860759495,0.1,8.50787129633376,1
WRK-000661,1.62,0.1,7.150685144933955,0
WRK-000662,1.0400478182904962,0.1,4.053014492340026,0
WRK-000663,1.0400478182904962,0.1,1.196542373815438,0
WRK-000664,1.0400478182904962,0.1,6.745455301444078,1
WRK-000665,1.0400478182904962,0.1,43.41205137887101,0
WRK-000666,1.0400478182904962,0.1,7.771275697941893,0
WRK-000667,1.0400478182904962,0.1,5.399853968061801,0
WRK-000668,1.0400478182904962,0.1,31.093085287679898,1
WRK-000669,1.0400478182904962,0.1,10.347931944698407,1
WRK-000670,1.0400478182904962,0.1,28.627216880922333,0
WRK-000671,1.0400478182904962,0.1,23.241590677303474,0
WRK-000672,1.0400478182904962,0.1,23.24221199500809,0
WRK-000673,3.006012024048096,0.1,7.2790938773168214,1
WRK-000674,1.002004008016032,0.1,17.08465140659086,0
WRK-000675,0.7120502092050209,0.1,58.06665871190922,0
WRK-000676,1.0400478182904962,0.1,27.162373884959198,1
WRK-000677,1.0400478182904962,0.1,24.42875491679013,0
WRK-000678,1.0400478182904962,0.1,12.106580532380777,0
WRK-000679,0.4,0.17786561264822134,23.33739754365155,1
WRK-000680,0.5,1.0,14.66498476259254,0
WRK-000681,0.5,1.0,3.591962479368912,0
WRK-000682,1.0,1.0,7.0923715921234445,2
WRK-000683,1.0,0.1,3.4185286659342475,0
WRK-000684,0.6877820336201613,1.0,21.882639238200177,0
WRK-000685,0.7120502092050209,0.1,2.018982782085322,0
WRK-000686,0.7120502092050209,0.1,1.8543481758930633,0
WRK-000687,0.7120502092050209,0.1,4.316469468255047,0
WRK-000688,0.7120502092050209,0.1,9.518073693269113,1
WRK-000689,0.7120502092050209,0.1,3.517740039407956,0
WRK-000690,0.71,0.17786561264822134,26.24081753565031,0
WRK-000691,0.5,1.0,15.476748430155482,0
WRK-000692,1.0,1.0,102.28481975719701,0
WRK-000693,1.0,1.0,68.2752757665275,0
WRK-000694,1.0,1.0,14.345538938723097,0
WRK-000695,1.4259493670886076,0.1,12.726127835474957,0
WRK-000696,1.445253164556962,0.1,2.39467710171035,0
WRK-000697,1.0,0.1,32.976542251297985,0
WRK-000698,1.0,0.1,70.52773701769085,0
WRK-000699,0.2,0.1,13.171902048600455,0
WRK-000700,1.0,0.1,187.9502036317084,5
WRK-000701,0.6666666666666666,0.1,0.4181614040675974,0
WRK-000702,1.3333333333333333,0.1,147.7499448641385,0
WRK-000703,2.0,0.1,2.123595082831386,0
WRK-000704,0.8571428571428571,0.1,30.237475596700104,1
WRK-000705,2.0,0.1,1.0900107447839722,0
WRK-000706,1.4255274261603375,0.1,6.873553606395129,0
WRK-000707,1.455168776371308,0.1,8.02170349330863,1
WRK-000708,0.40080160320641284,0.1,21.167458513175905,1
WRK-000709,0.6289308176100629,0.1,1.3317611053670488,1
WRK-000710,1.0,0.1,8.990991139347827,0
WRK-000711,0.2,0.1,4.849635945384525,0
WRK-000712,1.0,1.0,2.4295415100888063,0
WRK-000713,1.0,1.0,33.68621337426945,1
WRK-000714,1.0,1.0,9.62106384592626,0
WRK-000715,1.0,1.0,1.9606203898653405,0
WRK-000716,1.0,1.0,11.46134958775383,0
WRK-000717,1.0,1.0,3.9181242369336946,0
WRK-000718,1.0,1.0,0.022096916018985068,0
WRK-000719,1.0,1.0,2.2009882389548148,0
WRK-000720,1.0,1.0,23.903040086316913,0
WRK-000721,1.0,1.0,0.034723654192558184,1
WRK-000722,1.0,1.0,9.545642457042003,1
WRK-000723,1.0,1.0,14.008992261832262,1
WRK-000724,1.0,1.0,5.97151236596014,0
WRK-000725,1.0,1.0,16.097292848296654,0
WRK-000726,1.255813953488372,0.1,36.548044483076026,1
WRK-000727,1.0,1.0,12.518317695374972,1
WRK-000728,0.7069767441860465,1.0,11.746060746868627,1
WRK-000729,1.25,1.0,3.0329534236318887,1
WRK-000730,1.25,1.0,12.633710370655617,0
WRK-000731,1.0,0.1,46.3830179757339,0
WRK-000732,1.0,1.0,11.660719574144592,0
WRK-000733,1.0,1.0,164.31164803070524,5
WRK-000734,1.0,1.0,57.52895200444274,0
WRK-000735,1.0,1.0,7.992821491287124,0
WRK-000736,1.0,1.0,253.9397037488222,2
WRK-000737,1.0,1.0,42.019764918382315,1
WRK-000738,1.0,1.0,13.822530709288054,0
WRK-000739,1.0,0.1,2.8583709826787285,1
WRK-000740,1.0,1.0,1.755144448832022,0
WRK-000741,1.0,1.0,13.358764660300007,0
WRK-000742,1.0,1.0,31.390578296541648,0
WRK-000743,1.0,1.0,0.6208033731605062,0
WRK-000744,1.0,1.0,1.4561732220688683,0
WRK-000745,1.0,1.0,2.232907824832496,1
WRK-000746,1.25,1.0,3.398929878644996,0
WRK-000747,0.625,1.0,19.950431532260126,0
WRK-000748,1.25,1.0,1.1298575440024743,0
WRK-000749,1.25,1.0,38.16167246455716,0
WRK-000750,1.0,1.0,50.37013618006347,1
WRK-000751,1.0,1.0,99.93002432339631,0
WRK-000752,0.63,0.1,0.19593150184364927,1
WRK-000753,0.7,0.1,4.329286008406121,0
WRK-000754,0.7,0.1,14.684571016793807,0
WRK-000755,0.7,0.1,1.3981095653508593,0
WRK-000756,1.0,1.0,82.28831344651067,0
WRK-000757,0.4201506767117808,0.1,67.1229357356348,1
WRK-000758,0.3333333333333333,1.0,255.12037827155868,4
WRK-000759,1.6666666666666667,0.1,39.95740019551836,0
WRK-000760,1.1908,0.1,41.44412775802151,1
WRK-000761,0.9160337552742616,0.1,15.102713813116742,1
WRK-000762,0.8420886075949368,0.1,9.775365150266673,1
WRK-000763,0.8017932489451477,0.1,260.39229806689934,2
WRK-000764,1.0,1.0,11.969844186807713,0
WRK-000765,0.5,0.1,49.65336287930107,1
WRK-000766,1.8181818181818181,1.0,263.578731999223,5
WRK-000767,8.92458723784025,1.0,13.691219280119508,0
WRK-000768,1.0,1.0,10.00013697124691,0
WRK-000769,1.0,1.0,6.849311807364641,2
WRK-000770,1.0,1.0,4.411132917494735,0
WRK-000771,1.0,1.0,0.21266209821792997,0
WRK-000772,1.25,0.1,6.211461554977983,1
WRK-000773,1.0,0.1,0.365685080155597,0
WRK-000774,1.0,0.1,5.005914803263311,0
WRK-000775,2.857142857142857,0.1,66.1329052923144,0
WRK-000776,4.242857142857143,0.1,49.464954620222585,0
WRK-000777,0.8,1.0,48.082281982020525,0
WRK-000778,1.12,1.0,8.007565274598269,1
WRK-000779,1.15,1.0,59.66955721318649,0
WRK-000780,0.4,1.0,22.984576998314058,0
WRK-000781,0.7333333333333333,1.0,0.8983151596948036,0
WRK-000782,0.5,1.0,5.247206067110354,0
WRK-000783,0.7333333333333333,1.0,21.625692975509132,0
WRK-000784,0.185,1.0,3.5442710876306585,0
WRK-000785,0.36666666666666664,1.0,2.3720041151102746,0
WRK-000786,0.5813953488372093,1.0,28.61194051612211,1
WRK-000787,0.5813953488372093,1.0,0.11934308698263403,0
WRK-000788,1.0,1.0,0.7054001633911429,0
WRK-000789,0.5813953488372093,1.0,291.8435950828028,3
WRK-000790,0.5813953488372093,1.0,6.992483791833975,1
WRK-000791,0.5813953488372093,1.0,53.79116628212475,0
WRK-000792,0.42857142857142855,1.0,30.75421325032826,0
WRK-000793,0.5813953488372093,0.1,22.980224919880776,0
WRK-000794,0.5813953488372093,0.1,8.556618568313613,1
WRK-000795,0.5813953488372093,0.1,3.445626368800408,0
WRK-000796,0.6793008683133556,1.0,1.5521443720438506,2
WRK-000797,0.6793008683133556,1.0,28.686660092327287,0
WRK-000798,0.6793008683133556,1.0,2.1010136038476293,0
WRK-000799,0.9936708860759493,0.1,4.085688551558553,0
WRK-000800,0.9883720930232558,0.1,15.350370384779781,0
WRK-000801,0.5020080321285141,1.0,0.7897835346904081,0
WRK-000802,1.0040160642570282,1.0,21.590755630405063,0
WRK-000803,1.6,0.08840864440078586,1.3438692468025948,0
WRK-000804,1.5194109772423026,0.1,4.08613628130448,0
WRK-000805,2.208835341365462,0.1,1.6464303666608076,0
WRK-000806,0.9883720930232558,0.1,46.730382252938,0
WRK-000807,0.9883720930232558,0.1,71.72094147789105,0
WRK-000808,1.104417670682731,0.1,26.297908402099665,0
WRK-000809,1.104417670682731,0.1,23.49660616080097,0
WRK-000810,1.0,0.1,5.823788618900441,0
WRK-000811,1.0,0.1,289.6674578121473,5
WRK-000812,1.0,0.1,23.66399461010987,0
WRK-000813,0.6793008683133556,1.0,28.59819771044426,0
WRK-000814,0.6793008683133556,0.1,32.07877708577277,0
WRK-000815,0.6793008683133556,0.1,33.18113404453563,0
WRK-000816,0.6793008683133556,0.1,0.39208020650799724,1
WRK-000817,0.6793008683133556,0.1,23.518960792453647,0
WRK-000818,0.6793008683133556,1.0,19.557443771524415,0
WRK-000819,3.3333333333333335,0.1,41.239095236554284,0
WRK-000820,1.3333333333333333,0.1,2.5214119189160784,0
WRK-000821,2.3333333333333335,0.1,22.46227538305662,0
WRK-000822,1.6666666666666667,0.1,12.804290108048363,1
WRK-000823,0.6793008683133556,0.1,13.113794683498195,0
WRK-000824,0.6793008683133556,0.1,3.253040388846366,1
WRK-000825,141.10878661087867,0.1,28.85980013396672,0
WRK-000826,0.6793008683133556,1.0,14.184714181700166,0
WRK-000827,0.6793008683133556,1.0,2.1822715506527173,0
WRK-000828,0.6793008683133556,0.1,149.4134968619927,0
WRK-000829,0.6793008683133556,0.1,18.702249420673752,1
WRK-000830,0.6793008683133556,0.1,10.235674594588385,0
WRK-000831,0.6793008683133556,0.1,65.21807527865528,1
WRK-000832,3.849312256210224,1.0,37.33322747353286,1
WRK-000833,1.0,0.1,30.91146325749103,0
WRK-000834,1.0,0.1,1.4400870649427624,1
WRK-000835,4.28,0.17647058823529413,22.484650225965552,0
WRK-000836,4.277142857142858,0.17647058823529413,43.69769414795733,3
WRK-000837,2.0,0.1,13.73398456389191,0
WRK-000838,1.0,0.1,29.220377840671794,0
WRK-000839,1.0,0.1,6.51169126353032,0
WRK-000840,3.4787806335923492,0.05870841487279843,2.9939654222588934,0
WRK-000841,3.4787806335923492,0.05870841487279843,242.78699004653316,2
WRK-000842,3.4787806335923492,0.05870841487279843,10.917201312435967,0
WRK-000843,3.4787806335923492,0.05870841487279843,14.307812219734618,0
WRK-000844,3.4787806335923492,0.05870841487279843,7.206932798744079,0
WRK-000845,3.4787806335923492,0.05870841487279843,13.841934585665756,0
WRK-000846,3.4787806335923492,0.05870841487279843,6.993401932781175,0
WRK-000847,3.4787806335923492,0.05870841487279843,1.1334938991823797,1
WRK-000848,3.4787806335923492,0.05870841487279843,39.880648214715734,0
WRK-000849,3.4787806335923492,0.05870841487279843,3.74420221519041,0
WRK-000850,3.4787806335923492,0.05870841487279843,7.688269604047752,0
WRK-000851,3.4787806335923492,0.05870841487279843,38.88340595922307,0
WRK-000852,3.4787806335923492,0.05870841487279843,21.921738798113747,1
WRK-000853,3.4787806335923492,0.1,17.441309419354173,0
WRK-000854,2.5,0.1,43.44981442102708,0
WRK-000855,2.5,0.1,3.5769535111120265,0
WRK-000856,1.25,0.1,13.363104239224178,2
WRK-000857,2.5,0.1,12.589891376144447,1
WRK-000858,2.5,0.1,69.86417503185186,0
WRK-000859,2.0,0.1,34.52308450197998,1
WRK-000860,2.0,0.1,4.411390745502274,1
WRK-000861,0.5,0.1,3.3445184692339853,0
WRK-000862,0.5,0.1,9.262149977123212,0
WRK-000863,7.452165156092649,0.1,4.379947986563416,1
WRK-000864,1.0,1.0,9.353267305506348,1
WRK-000865,1.0,1.0,2.260802153542186,1
WRK-000866,1.0204081632653061,1.0,17.968353593441876,0
WRK-000867,1.0204081632653061,1.0,4.464923126097532,0
WRK-000868,1.2951807228915662,0.3564453125,4.882723736437066,0
WRK-000869,1.5060240963855422,0.3564453125,80.2194597069858,0
WRK-000870,2.108433734939759,0.3564453125,33.853716915545796,0
WRK-000871,2.108433734939759,0.3564453125,42.81342355704641,0
WRK-000872,1.9578313253012047,0.1,1.3116694637326107,1
WRK-000873,1.9578313253012047,0.1,6.113331065432636,1
WRK-000874,1.4,1.0,9.358323494280308,1
WRK-000875,1.6,0.1,34.9863096237028,0
WRK-000876,1.5,0.1,18.934934004137606,0
WRK-000877,0.25,0.1,0.12404987934468409,0
WRK-000878,0.5,0.1,6.734739568006173,0
WRK-000879,0.6,0.1,33.76084183863235,0
WRK-000880,1.0,1.0,113.50072280923874,1
WRK-000881,1.2025316455696202,0.11707317073170732,8.456483465192473,0
WRK-000882,0.8734177215189873,1.0,12.544533874759827,1
WRK-000883,1.0,1.0,18.635862217842526,0
WRK-000884,1.2025316455696202,1.0,12.541379775109045,2
WRK-000885,0.8734177215189873,1.0,33.26052655527387,1
WRK-000886,1.0,1.0,44.27923250251815,0
WRK-000887,1.2025316455696202,1.0,4.215905689842377,0
WRK-000888,1.25,1.0,15.851860461975535,2
WRK-000889,0.43670886075949367,1.0,2.2237622907801082,0
WRK-000890,0.5142857142857142,0.1,3.509420129327407,0
WRK-000891,0.75,0.1,12.673576722297465,0
WRK-000892,1.0,1.0,7.35671092058589,1
WRK-000893,0.5,1.0,1.8216759522864712,0
WRK-000894,0.75,0.1,14.981254140708597,1
WRK-000895,1.05,0.1,26.822097259353193,0
WRK-000896,3.9,0.2634146341463415,26.167963108594876,0
WRK-000897,1.0,0.1,7.569413307803519,0
WRK-000898,1.25,0.1,15.453091970015464,0
WRK-000899,1.1428571428571428,0.1,4.441472124045692,0
WRK-000900,1.957142857142857,0.1,5.245062022990373,0
WRK-000901,0.5813953488372093,1.0,7.773573974284593,0
WRK-000902,2.857142857142857,0.1,56.94926629170446,0
WRK-000903,1.0,0.1,10.729268775145384,0
WRK-000904,1.0063694267515924,0.1,17.644673627437644,1
WRK-000905,2.3255813953488373,0.1,15.331470080431746,0
WRK-000906,2.3255813953488373,0.1,27.545607014092454,1
WRK-000907,1.0,0.1,58.37862484441963,0
WRK-000908,0.4,0.1,176.82176935125852,4
WRK-000909,0.75,0.1,26.29950055782993,0
WRK-000910,1.625,0.1,8.089093449695582,0
WRK-000911,1.0,0.1,41.33787613055637,0
WRK-000912,0.25,0.1,2.9896976046035375,0
WRK-000913,5.0,1.0,2.9076198080757316,0
WRK-000914,7.244897959183674,1.0,14.989151704938138,0
WRK-000915,1.4,0.1,1.7090936626370234,1
WRK-000916,1.0,0.1,6.464013001955871,0
WRK-000917,1.0,0.1,15.619976516102565,0
WRK-000918,3.111111111111111,0.1,6.068309298932194,1
WRK-000919,4.444444444444445,0.1,52.89251165736475,0
WRK-000920,3.1746031746031744,0.1,15.652841397319268,0
WRK-000921,4.0,0.1,12.937601191051941,0
WRK-000922,2.2222222222222223,0.1,14.891382389950431,0
WRK-000923,1.0,0.1,25.368199185783634,1
WRK-000924,9.70464135021097,0.1,7.22180480293063,0
WRK-000925,1.0,1.0,28.213583512047204,0
WRK-000926,0.9036144578313253,1.0,50.99478331059789,0
WRK-000927,1.0,1.0,200.0075940464944,2
WRK-000928,0.7333333333333333,1.0,14.459561993053986,1
WRK-000929,0.41139240506329117,0.17475728155339806,4.870638085938553,1
WRK-000930,0.3270042194092827,0.17475728155339806,6.557578055376205,0
WRK-000931,1.139240506329114,0.17475728155339806,32.16599630303414,0
WRK-000932,0.5907172995780591,0.17475728155339806,18.488813849740836,0
WRK-000933,1.1814345991561181,0.17475728155339806,7.898393792540601,0
WRK-000934,1.0465116279069768,1.0,0.6375137451080198,2
WRK-000935,1.0465116279069768,1.0,39.38989945183095,1
WRK-000936,1.0465116279069768,1.0,3.3173574789478772,0
WRK-000937,1.0465116279069768,1.0,11.955119090130443,0
WRK-000938,1.0465116279069768,1.0,6.283334118729877,1
WRK-000939,1.1716906946264745,0.1,8.39490706681832,0
WRK-000940,1.0,0.1,160.27006627722102,2
WRK-000941,0.75,0.1,6.662442587702229,0
WRK-000942,0.5,0.1,50.107830883250614,0
WRK-000943,1.1716906946264745,0.1,12.087658518687238,0
WRK-000944,1.1716906946264745,0.1,11.683411400201722,0
WRK-000945,1.1716906946264745,0.1,17.73845214373476,1
WRK-000946,1.1716906946264745,0.1,8.7209468238675,0
WRK-000947,1.7901972504482966,0.1,7.915227928774584,0
WRK-000948,1.7901972504482966,0.1,0.39259703023343334,0
WRK-000949,1.0465116279069768,0.058195926285160036,31.32322936637152,0
WRK-000950,1.0,1.0,24.232641426213576,0
WRK-000951,1.0465116279069768,1.0,10.148128511254036,0
WRK-000952,1.0,1.0,19.655502125018703,0
WRK-000953,1.0,1.0,10.166218773609891,0
WRK-000954,1.0,1.0,2.4544250188160492,1
WRK-000955,1.0,1.0,3.128794684426226,0
WRK-000956,1.0465116279069768,1.0,66.78704262513365,0
WRK-000957,1.0465116279069768,1.0,25.360910606468167,0
WRK-000958,0.9009009009009009,0.058195926285160036,8.939312762884072,1
WRK-000959,2.35,0.1,28.34446449269571,0
WRK-000960,2.35,0.1,14.500867753311324,0
WRK-000961,2.35,0.1,30.86082838560548,1
WRK-000962,2.35,0.1,21.951607597117867,1
WRK-000963,2.35,0.1,28.200554350300123,0
WRK-000964,2.35,0.1,0.11483000741130081,0
WRK-000965,1.45,0.1,86.11399620329179,0
WRK-000966,1.5618027666220438,0.3536821705426357,0.9510179466916415,0
WRK-000967,1.5618027666220438,0.3536821705426357,9.979938739331512,0
WRK-000968,2.35,0.1,2.6443106969454506,0
WRK-000969,2.35,0.1,4.324447401570946,0
WRK-000970,2.35,0.1,10.51717528383149,0
WRK-000971,2.953488372093023,1.0,8.810293004855357,0
WRK-000972,3.027666220437305,0.3536821705426357,57.79902134822488,0
WRK-000973,2.35,0.1,9.729810691902914,0
WRK-000974,1.348962694204112,0.1,60.16171243275602,0
WRK-000975,2.141304347826087,0.3536821705426357,17.461394174917956,0
WRK-000976,2.347826086956522,0.3536821705426357,9.967112301912852,0
WRK-000977,1.6666666666666667,1.0,18.282323537940737,0
WRK-000978,0.43670886075949367,1.0,17.30912533149892,0
WRK-000979,1.0,1.0,5.965392724072499,0
WRK-000980,0.5,1.0,5.825423895075428,1
WRK-000981,1.0,1.0,45.86437266116835,0
WRK-000982,1.2025316455696202,1.0,1.5924159742521233,0
WRK-000983,1.0,1.0,14.464849607122707,0
WRK-000984,0.5,1.0,61.05951596729538,0
WRK-000985,1.6666666666666667,1.0,7.634295660367761,0
WRK-000986,1.0,1.0,33.632487768754174,0
WRK-000987,0.6,0.1,7.433017635423484,0
WRK-000988,0.5617977528089888,0.1,62.50480210480567,0
WRK-000989,1.0,0.1,3.002951911239889,0
WRK-000990,1.0,0.1,10.595354171325715,1
WRK-000991,1.0,0.2611218568665377,14.387040067637084,0
WRK-000992,1.4285714285714286,1.0,27.36083992080318,1
WRK-000993,1.0,0.1,17.151903720697803,1
WRK-000994,1.0,0.1,279.2340751872075,2
WRK-000995,1.449,1.0,3.06154478097639,0
WRK-000996,1.0,0.1,31.909548970631285,0
WRK-000997,0.5,0.1,49.17561879578341,0
WRK-000998,0.5,0.1,28.686463312956576,0
WRK-000999,0.75,0.1,7.703889093033952,0
WRK-001000,1.0,0.1,4.555379644160026,0
WRK-001001,0.5,0.1,6.344098355726842,1
WRK-001002,1.0,0.1,2.5569371651757793,0
WRK-001003,1.5,0.1,21.88316833657746,0
WRK-001004,0.15669527896995708,0.1,15.954632231375612,1
WRK-001005,1.0500927835051546,0.1,15.97686987327121,2
WRK-001006,1.1,0.1,19.367516233722746,0
WRK-001007,1.0,0.1,45.82473205344181,0
WRK-001008,1.1,0.1,1.3663882759014405,1
WRK-001009,1.0,0.1,10.188787124197912,0
WRK-001010,1.1,0.1,4.950852573372442,2
WRK-001011,1.0,0.057803468208092484,24.843683160451025,0
WRK-001012,1.1,0.1,42.47906506829112,0
WRK-001013,1.0,0.057803468208092484,6.778431198188322,0
WRK-001014,1.1,0.1,12.545176727067533,0
WRK-001015,1.0,0.1,0.9616627588659709,0
WRK-001016,1.0,0.1,12.692713686477761,0
WRK-001017,1.1,0.1,7.397422529389898,1
WRK-001018,0.4461538461538462,0.1,19.397063931817833,0
WRK-001019,1.0,0.1,13.395496167813018,1
WRK-001020,1.1,0.1,32.273477285753486,0
WRK-001021,1.0,0.1,11.06830582012417,0
WRK-001022,1.1,0.1,200.84894952896357,5
WRK-001023,1.0,0.1,37.420253040457766,1
WRK-001024,1.1,0.1,11.571456109255724,0
WRK-001025,0.75,0.1,19.775311980462515,1
WRK-001026,1.1111111111111112,0.17341040462427745,5.064619562086444,1
WRK-001027,1.25,0.1,280.2101452717038,2
WRK-001028,0.5,0.1,20.665780104418964,0
WRK-001029,0.6,0.1,21.467378463980236,2
WRK-001030,0.4,0.1,22.571512312940033,0
WRK-001031,0.7058823529411765,0.1,18.834593569030336,0
WRK-001032,3.9,0.1,1.6226034850024649,1
WRK-001033,0.5274261603375527,0.1,7.34364938046752,0
WRK-001034,1.4999,1.0,188.50763256254135,3
WRK-001035,4.444444444444445,1.0,35.043702461796656,0
WRK-001036,3.3333333333333335,1.0,34.39152441628673,0
WRK-001037,4.0,0.1,58.68213671438883,0
WRK-001038,3.0,0.1,16.771690424519615,0
WRK-001039,2.0,0.1,15.546241290577061,1
WRK-001040,3.3333333333333335,0.1,13.86893159137897,0
WRK-001041,4.444444444444445,1.0,1.3451062029346408,0
WRK-001042,4.444444444444445,1.0,14.720893664896321,0
WRK-001043,4.444444444444445,0.1,26.559213371966713,1
WRK-001044,3.1746031746031744,0.1,6.600260100427108,0
WRK-001045,4.444444444444445,0.1,44.706297701343196,0
WRK-001046,0.63,0.1,139.60886640563916,3
WRK-001047,0.63,0.1,23.94133936357011,0
WRK-001048,6.25,0.1,18.79331657517485,0
WRK-001049,1.25,0.1,34.11229584623479,0
WRK-001050,0.75,0.1,12.38696256214743,0
WRK-001051,0.63,0.1,15.628336386121383,1
WRK-001052,0.63,0.1,5.491108632669927,1
WRK-001053,1.0,1.0,14.462149466587512,0
WRK-001054,1.0,1.0,5.438117134606006,1
WRK-001055,1.0,0.1,229.43680689687227,2
WRK-001056,0.8888888888888888,0.1,17.045089792992812,0
WRK-001057,1.0,1.0,16.783571402569535,0
WRK-001058,1.0,1.0,32.02410910353779,0
WRK-001059,1.0,0.1,4.978467155311691,0
WRK-001060,1.0,1.0,5.190948695971935,0
WRK-001061,1.5,1.0,61.6819366459397,0
WRK-001062,1.5,1.0,18.372500430434833,0
WRK-001063,1.5,1.0,16.952035041656032,1
WRK-001064,1.5,1.0,0.3312957191597725,1
WRK-001065,0.5274261603375527,0.1,9.931085371676824,0
WRK-001066,0.5274261603375527,0.1,46.187804457139464,0
WRK-001067,0.5274261603375527,0.1,33.43948377344004,1
WRK-001068,8.88888888888889,0.1,10.212008288477785,1
WRK-001069,1.2857142857142858,1.0,21.10276573437214,0
WRK-001070,0.63,0.1,9.321610308144363,2
WRK-001071,0.43,0.08645533141210375,12.077146029910802,1
WRK-001072,1.625,0.1,8.695017275605984,1
WRK-001073,0.75,0.1,4.93262301867881,0
WRK-001074,0.46515954972555584,0.1,15.782142347291702,0
WRK-001075,1.625,0.1,13.467543960056405,1
WRK-001076,0.43,0.1,156.39545649443954,2
WRK-001077,1.25,0.1,2.3264846821444056,0
WRK-001078,0.43,0.1,11.96284933936203,1
WRK-001079,0.43,0.1,28.8700510573941,0
WRK-001080,0.75,0.1,14.55437895867555,0
WRK-001081,0.75,0.1,53.04462967719498,0
WRK-001082,0.43,0.1,9.725729464337752,0
WRK-001083,0.5274261603375527,0.1,3.304496429403506,0
WRK-001084,0.6371308016877637,0.1,43.03783149880647,1
WRK-001085,1.8,1.0,1.415135367525004,0
WRK-001086,0.6349206349206349,0.1,11.16158851900052,0
WRK-001087,0.6349206349206349,0.1,298.2918737884092,4
WRK-001088,0.31746031746031744,0.1,18.417497590893312,0
WRK-001089,0.6666666666666666,0.1,25.98433299677238,1
WRK-001090,6.247211066488175,0.3506243996157541,12.818337392545489,0
WRK-001091,1.996,1.0,37.693226723410206,1
WRK-001092,1.4,1.0,0.9451137742333066,0
WRK-001093,0.4,0.1,7.827634384632426,0
WRK-001094,0.4,0.1,17.46553915687787,0
WRK-001095,1.2,0.1,9.524429321076358,0
WRK-001096,0.792,0.1,3.109725062918388,1
WRK-001097,1.5402061855670104,1.0,4.580762521257808,0
WRK-001098,3.3467202141900936,0.3502879078694818,10.112124098014139,0
WRK-001099,0.5577867023650156,0.1,8.416695508627537,0
WRK-001100,3.0,0.1727447216890595,26.163673172591505,0
WRK-001101,1.5,0.1727447216890595,23.69188458307804,0
WRK-001102,0.87,0.1727447216890595,22.407961447972188,0
WRK-001103,3.0,0.1727447216890595,19.44642372193508,1
WRK-001104,1.394466755912539,0.1,27.94628395201785,0
WRK-001105,1.394466755912539,0.3502879078694818,59.161791038100134,0
WRK-001106,1.394466755912539,0.1,6.981859404947251,0
WRK-001107,1.394466755912539,0.1,43.0869037032334,0
WRK-001108,1.394466755912539,0.1,0.3017434584523849,0
WRK-001109,1.394466755912539,0.1,60.76708550336774,0
WRK-001110,1.1155734047300312,0.1,2.1133620889050246,1
WRK-001111,1.1155734047300312,0.1,2.386292048712816,0
WRK-001112,1.5,0.1727447216890595,11.397070306270082,0
WRK-001113,0.9767441860465116,0.05758157389635317,3.332582614488878,0
WRK-001114,6.528,0.1,0.24691595490626136,0
WRK-001115,1.2,0.1,196.32951053106595,5
WRK-001116,1.393939393939394,0.19193857965451055,6.685855686926044,1
WRK-001117,0.995,0.1,34.94845427700871,1
WRK-001118,0.995,0.1,2.5719071307059553,0
WRK-001119,2.653,0.1,18.367898912389812,0
WRK-001120,2.653,0.1,34.51356728059276,0
WRK-001121,2.653,0.1,4.353093950089233,0
WRK-001122,2.653,0.1,6.82533896859005,1
WRK-001123,1.4285714285714286,1.0,244.84375463274165,2
WRK-001124,1.627906976744186,1.0,24.127818435643007,0
WRK-001125,1.0,0.1,14.445262418610934,0
WRK-001126,1.0,1.0,37.233598311632285,0
WRK-001127,1.0,1.0,2.179917480128209,0
WRK-001128,1.0,1.0,30.95151300044106,0
WRK-001129,1.4651162790697674,1.0,27.334418417776014,0
WRK-001130,1.1,0.2588686481303931,9.060254145713241,1
WRK-001131,0.6,1.0,7.273538389024187,0
WRK-001132,1.3386880856760375,0.1,16.467203436764997,0
WRK-001133,0.8,1.0,29.039507021767808,0
WRK-001134,0.9009009009009009,1.0,32.121749672767464,0
WRK-001135,2.2222222222222223,0.1,45.20929695150453,0
WRK-001136,2.2222222222222223,0.1725790987535954,4.023503812602528,0
WRK-001137,0.9009009009009009,1.0,5.538541109944263,0
WRK-001138,0.9009009009009009,1.0,27.03738843967363,0
WRK-001139,0.9009009009009009,1.0,4.032284443150975,0
WRK-001140,0.9009009009009009,1.0,0.1802852252526664,0
WRK-001141,0.9009009009009009,1.0,4.764721684470639,1
WRK-001142,0.9009009009009009,1.0,7.245951974613558,0
WRK-001143,0.9009009009009009,1.0,7.298130919357156,0
WRK-001144,0.9009009009009009,1.0,22.505464717961257,0
WRK-001145,0.9009009009009009,1.0,20.296780836381135,0
WRK-001146,1.0,1.0,11.856494457301014,0
WRK-001147,0.5,0.1,132.74183566178283,3
WRK-001148,0.6666666666666666,0.1,13.423614985544019,1
WRK-001149,1.1742857142857144,0.1,262.65323343726965,5
WRK-001150,0.8335140997830802,0.1,62.90795971395198,0
WRK-001151,0.882,0.1,28.294011346237873,0
WRK-001152,1.0605637733742674,0.1,6.280818692268334,1
WRK-001153,1.0,0.1,3.4319266054393696,0
WRK-001154,1.6554285714285715,0.1,56.87430558129671,0
WRK-001155,2.397,0.1,21.591819768406793,1
WRK-001156,5.908,0.1,35.71790310408378,0
WRK-001157,0.7637142857142857,0.1,17.402452676868897,0
WRK-001158,3.9992,0.1,17.454894615722466,0
WRK-001159,1.0,0.1,144.11939869677522,1
WRK-001160,1.5602857142857143,0.1,49.63551240187614,0
WRK-001161,6.901,0.1,1.3218820117409247,0
WRK-001162,1.018857142857143,0.1,131.30698792598847,4
WRK-001163,2.700469992769342,0.1,8.952052593855576,0
WRK-001164,1.0,0.1,8.507144543035892,0
WRK-001165,1.5945714285714285,0.1,3.9295167304020238,0
WRK-001166,0.4749063670411985,0.1,22.159215199385677,1
WRK-001167,1.0,0.1,11.110399471112329,0
WRK-001168,1.5845714285714285,0.1,165.93639604062895,5
WRK-001169,1.5997142857142856,0.1,8.723254130891764,0
WRK-001170,1.1087543027258349,0.1,14.915963038560413,1
WRK-001171,2.1765,0.1,10.944732083378472,0
WRK-001172,2.5,0.1,21.256049136252702,0
WRK-001173,0.022311468094600623,1.0,5.777639569382891,0
WRK-001174,0.022311468094600623,1.0,35.36807529571614,0
WRK-001175,1.0,1.0,268.0586741550742,4
WRK-001176,1.0,1.0,257.3536015404019,4
WRK-001177,1.0,1.0,0.08719163849931764,0
WRK-001178,1.0,1.0,10.639121163152502,0
WRK-001179,1.0,1.0,15.459030084703754,0
WRK-001180,1.0,1.0,25.941358409298285,0
WRK-001181,1.0,1.0,10.683515128265492,0
WRK-001182,0.022311468094600623,1.0,12.452344263555194,2
WRK-001183,1.1716906946264745,0.1,18.591200410822115,1
WRK-001184,1.1716906946264745,0.1,10.062284989178929,0
WRK-001185,1.1716906946264745,0.1,68.27950932553618,0
WRK-001186,1.1716906946264745,0.1,1.3338219713582522,0
WRK-001187,1.1716906946264745,0.1,2.4061259866855953,0
WRK-001188,1.1716906946264745,0.1,14.918825225283674,1
WRK-001189,1.1716906946264745,0.1,6.193759509218529,0
WRK-001190,1.1716906946264745,0.1,34.58638396994402,0
WRK-001191,1.1716906946264745,0.1,8.531170861432454,1
WRK-001192,1.1716906946264745,0.1,4.574084991867532,2
WRK-001193,1.1716906946264745,0.1,3.5324791501293564,0
WRK-001194,1.1716906946264745,0.1,19.356499963229655,0
WRK-001195,1.0,1.0,3.572104519114814,1
WRK-001196,0.9767441860465116,1.0,11.32305670982134,0
WRK-001197,0.7,1.0,194.12828266393873,2
WRK-001198,1.5116279069767442,1.0,25.812535064239604,0
WRK-001199,3.157264614011602,1.0,9.588651169981555,1
WRK-001200,1.0,1.0,0.9432636113670221,0
WRK-001201,1.0,1.0,9.022960663314677,0
WRK-001202,0.766,1.0,10.86346240333198,0
WRK-001203,0.022311468094600623,1.0,12.380705832528015,1
WRK-001204,1.0,1.0,5.459094934307933,1
WRK-001205,0.022311468094600623,1.0,84.13252580077497,0
WRK-001206,0.022311468094600623,1.0,27.684687434930982,1
WRK-001207,0.022311468094600623,1.0,1.8752711425034276,0
WRK-001208,0.022311468094600623,1.0,1.6929409648817422,0
WRK-001209,0.022311468094600623,1.0,11.951249445397778,0
WRK-001210,0.022311468094600623,1.0,293.875815897704,5
WRK-001211,0.022311468094600623,1.0,1.7334498767072462,0
WRK-001212,0.022311468094600623,1.0,32.278902700249205,0
WRK-001213,0.022311468094600623,1.0,21.413234024931967,1
WRK-001214,0.022311468094600623,1.0,33.388159931107076,1
WRK-001215,0.022311468094600623,1.0,34.579980310071335,0
WRK-001216,0.022311468094600623,1.0,27.738105313742505,0
WRK-001217,0.022311468094600623,1.0,18.921311135954834,0
WRK-001218,1.0,1.0,41.86503524051353,0
WRK-001219,0.022311468094600623,1.0,20.00274412984976,0
WRK-001220,0.022311468094600623,1.0,17.038991194887306,0
WRK-001221,0.022311468094600623,1.0,15.008039282309436,0
WRK-001222,1.1716906946264745,0.1,28.007399289106303,0
WRK-001223,1.0,1.0,6.974595813592229,0
WRK-001224,1.0,1.0,85.87048078098603,1
WRK-001225,1.0,1.0,32.19187451175076,2
WRK-001226,1.0,1.0,211.34522127679134,2
WRK-001227,1.1716906946264745,0.1,25.39197377794298,1
WRK-001228,1.1716906946264745,0.1,26.382097932797862,1
WRK-001229,1.0,1.0,2.624279142692888,0
WRK-001230,1.1716906946264745,0.1,11.2164434220679,0
WRK-001231,1.1716906946264745,0.1,6.84974192906428,0
WRK-001232,1.1716906946264745,0.1,4.0268426372530195,1
WRK-001233,1.0,1.0,5.901848389405563,1
WRK-001234,1.0,1.0,27.388551560846235,1
WRK-001235,1.0,1.0,14.086104087856956,0
WRK-001236,1.0,1.0,6.974490622174163,0
WRK-001237,1.0,1.0,4.612229433283379,1
WRK-001238,1.0,1.0,36.0560853332538,0
WRK-001239,0.022311468094600623,1.0,12.331336648491062,0
WRK-001240,1.0,1.0,24.169385770770372,1
WRK-001241,1.0,1.0,11.114179987645755,0
WRK-001242,1.0,1.0,5.973466916227789,0
WRK-001243,1.0,1.0,28.02251829564268,0
WRK-001244,0.42333333333333334,0.1,14.464537882561386,1
WRK-001245,0.2866666666666667,0.1,20.68263429771555,1
WRK-001246,0.31666666666666665,0.1,37.83041667480394,0
WRK-001247,1.162564,0.1,51.49803530744265,0
WRK-001248,1.0,1.0,25.49435915133751,0
WRK-001249,1.0,1.0,19.52497648136768,1
WRK-001250,1.0,1.0,31.826885117420964,1
WRK-001251,1.0,1.0,6.474776635394463,0
WRK-001252,1.0,1.0,7.775315319140531,0
WRK-001253,1.0,1.0,26.2081792608046,1
WRK-001254,0.813953488372093,0.1,7.724709041741889,0
WRK-001255,1.744186046511628,0.1,7.6059694384072,0
WRK-001256,0.6,0.1,42.529830390318125,0
WRK-001257,1.0,1.0,33.83703331338111,0
WRK-001258,1.0,1.0,7.970329736471454,0
WRK-001259,1.0,1.0,12.120122446946603,1
WRK-001260,1.0,1.0,34.86846549053617,0
WRK-001261,1.0,1.0,1.972926766376324,0
WRK-001262,1.0,1.0,25.51771057994268,1
WRK-001263,0.998,1.0,3.752690452628051,0
WRK-001264,1.0,1.0,39.072301265525645,1
WRK-001265,1.0,1.0,12.81911986879076,0
WRK-001266,1.0,1.0,3.510058188585013,0
WRK-001267,1.9686666666666666,0.1,0.009684559549624062,0
WRK-001268,0.9942320215834031,0.1,0.6494406681892567,1
WRK-001269,1.0,0.1,7.938142912453712,1
WRK-001270,1.1087543027258349,0.1,30.751074491594302,1
WRK-001271,1.6102857142857143,0.1,0.7230812956835451,0
WRK-001272,1.0511428571428572,0.1,26.748451848174124,0
WRK-001273,1.0,1.0,44.748521070251996,2
WRK-001274,1.0,1.0,8.579132649689852,0
WRK-001275,1.0,1.0,26.74718305140589,0
WRK-001276,1.1993594875900722,1.0,0.32810006203517034,1
WRK-001277,1.1993594875900722,1.0,2.5979519362974064,0
WRK-001278,1.599679743795036,1.0,5.715465523205868,0
WRK-001279,0.800640512409928,1.0,11.083576369851517,0
WRK-001280,0.800640512409928,1.0,24.764115993068355,0
WRK-001281,0.999,0.1,34.79049320325367,2
WRK-001282,1.5932746196957566,1.0,9.513873243475073,0
WRK-001283,0.685259647859964,0.1,14.389392887962613,1
WRK-001284,1.0,0.3489483747609943,80.30350891100726,0
WRK-001285,2.566208170806816,1.0,15.854416196554453,0
WRK-001286,0.8888888888888888,0.1,10.65085618221467,0
WRK-001287,0.8571428571428571,1.0,177.95134543559686,3
WRK-001288,6.7725,0.19120458891013384,109.20078023540154,1
WRK-001289,1.3542857142857143,0.1,10.79195199671238,0
WRK-001290,0.8116883116883117,0.1,22.070898700564747,0
WRK-001291,0.8116883116883117,0.1,49.2336013390743,1
WRK-001292,3.4334415584415585,0.1,8.943263819732726,0
WRK-001293,0.5,0.1,11.773964286166256,0
WRK-001294,0.4,0.1,15.564520723215198,2
WRK-001295,0.6,0.1,123.49448047189958,3
WRK-001296,0.6,0.1,26.762024500781546,0
WRK-001297,1.2,1.0,215.66746651841603,2
WRK-001298,1.0,1.0,10.91756734252492,1
WRK-001299,0.4,0.1,51.36147879142538,0
WRK-001300,0.6683695652173913,0.3489483747609943,11.381265011176554,0
WRK-001301,0.696,0.1,5.381377628301715,1
WRK-001302,0.9872611464968153,1.0,19.54288755202167,0
WRK-001303,1.0,0.1,36.69935298507689,0
WRK-001304,0.75,1.0,6.254567514046543,0
WRK-001305,0.8571428571428571,1.0,17.897961439412192,1
WRK-001306,1.0,0.1,7.989436325898716,0
WRK-001307,1.0,1.0,0.6586717904740444,0
WRK-001308,0.75,0.25787965616045844,5.562835287443867,0
WRK-001309,2.1666666666666665,0.1,23.41844635678244,1
WRK-001310,2.2311468094600624,1.0,28.10662842183371,0
WRK-001311,11.155734047300312,0.34861509073543456,5.2963959084548975,0
WRK-001312,2.45,0.1,19.90232546347466,0
WRK-001313,2.45,0.1,11.218820832578087,2
WRK-001314,0.35,0.1,18.57000854592441,0
WRK-001315,1.0,0.1,0.7788746284308208,0
WRK-001316,0.4,0.1,3.1461766258539674,0
WRK-001317,0.7,1.0,4.340052930722588,0
WRK-001318,1.0,1.0,6.842700650781513,0
WRK-001319,0.8571428571428571,1.0,10.955046436839886,0
WRK-001320,1.7901972504482966,0.1,11.398539490658424,1
WRK-001321,1.7901972504482966,0.1,11.15544667274251,1
WRK-001322,1.7901972504482966,0.1,2.79289929363926,0
WRK-001323,1.7901972504482966,0.1,57.803370146672854,0
WRK-001324,1.7901972504482966,0.1,8.386401826114177,1
WRK-001325,1.7901972504482966,0.1,16.06041536185949,0
WRK-001326,1.7901972504482966,0.1,39.68485387665996,0
WRK-001327,1.7901972504482966,0.1,2.7377567970409715,1
WRK-001328,1.7901972504482966,0.1,16.741153903491995,1
WRK-001329,1.7901972504482966,0.1,9.956150611695348,0
WRK-001330,1.7901972504482966,0.1,33.569647581790726,1
WRK-001331,1.7901972504482966,0.1,13.181205105059101,0
WRK-001332,1.7901972504482966,0.1,8.650198281981208,2
WRK-001333,1.7901972504482966,0.1,0.26686667910058803,0
WRK-001334,1.7901972504482966,0.1,54.040528479534856,0
WRK-001335,1.7901972504482966,0.1,2.2815264936217083,1
WRK-001336,1.7901972504482966,0.1,19.554226934643722,0
WRK-001337,1.7901972504482966,0.1,7.420387182553426,0
WRK-001338,1.7901972504482966,0.1,65.90367938780727,2
WRK-001339,1.7901972504482966,0.1,3.3305519709574574,0
WRK-001340,1.7901972504482966,0.1,54.201106851784964,0
WRK-001341,0.3816301040832666,0.05725190839694656,82.7221202683436,0
WRK-001342,1.0,1.0,6.319290942555067,0
WRK-001343,1.0,1.0,2.2326676333072606,0
WRK-001344,0.8571428571428571,1.0,21.258906374444123,1
WRK-001345,1.2857142857142858,1.0,6.117048233527262,0
WRK-001346,1.7901972504482966,0.1,7.841207606010666,0
WRK-001347,1.7901972504482966,0.1,27.0560236031819,1
WRK-001348,1.7901972504482966,0.1,42.38302751836648,0
WRK-001349,1.7901972504482966,0.1,18.599091977025235,0
WRK-001350,1.7901972504482966,0.1,32.85287493700422,0
WRK-001351,0.3,1.0,2.442988954972654,0
WRK-001352,1.7901972504482966,0.1,50.079919020078464,0
WRK-001353,1.7733333333333334,1.0,2.7544331391763,1
WRK-001354,1.7901972504482966,0.1,2.388383718180318,0
WRK-001355,1.7901972504482966,0.1,6.1068880730766795,0
WRK-001356,1.7901972504482966,0.1,14.989534353400042,0
WRK-001357,1.7901972504482966,0.1,3.6493997546223205,0
WRK-001358,1.7901972504482966,0.1,51.540832010102505,0
WRK-001359,1.7901972504482966,0.1,5.045507885300885,2
WRK-001360,1.7901972504482966,0.1,42.90807088748189,0
WRK-001361,1.7901972504482966,0.1,49.93266112848733,1
WRK-001362,1.7901972504482966,0.1,11.373936570465608,0
WRK-001363,1.7901972504482966,0.1,44.94176613724764,0
WRK-001364,1.7901972504482966,0.1,33.29593054763156,0
WRK-001365,1.7901972504482966,0.1,10.441666848273801,1
WRK-001366,1.7901972504482966,0.1,33.548104305569936,0
WRK-001367,1.7901972504482966,0.1,23.049720969945046,0
WRK-001368,1.7901972504482966,0.1,6.628853241559147,0
WRK-001369,1.7901972504482966,0.1,74.34467029200442,0
WRK-001370,1.7901972504482966,0.1,19.41804600112559,0
WRK-001371,1.7901972504482966,0.1,37.343299644389376,2
WRK-001372,1.7901972504482966,0.1,11.28247177797869,1
WRK-001373,1.7901972504482966,0.1,142.7065522706499,2
WRK-001374,1.7901972504482966,0.1,274.02999510890265,2
WRK-001375,1.7901972504482966,0.1,7.333573608274907,1
WRK-001376,1.7901972504482966,0.1,28.68255172021633,0
WRK-001377,1.7901972504482966,0.1,40.6795020414274,0
WRK-001378,1.7733333333333334,1.0,81.99865847784727,0
WRK-001379,1.7901972504482966,0.1,13.991113984843564,0
WRK-001380,1.7901972504482966,0.1,0.5927225825094153,0
WRK-001381,1.7901972504482966,0.1,3.6679455662583997,0
WRK-001382,1.7901972504482966,0.1,3.8221673472906477,0
WRK-001383,1.7901972504482966,0.1,182.36169823832793,5
WRK-001384,1.7733333333333334,1.0,7.471788025307601,2
WRK-001385,1.7733333333333334,1.0,7.789354664678539,0
WRK-001386,1.7733333333333334,1.0,54.21864521624051,0
WRK-001387,1.0116279069767442,0.1,15.829695989737782,1
WRK-001388,1.1627906976744187,0.1,8.62958155892025,0
WRK-001389,0.33066666666666666,0.1,0.6309219892094455,0
WRK-001390,1.627906976744186,0.05725190839694656,1.9730338495901398,0
WRK-001391,1.7901972504482966,0.1,4.9059529689201495,1
WRK-001392,1.7901972504482966,0.1,5.36174080085247,0
WRK-001393,1.7901972504482966,0.1,275.13597840487796,4
WRK-001394,1.7901972504482966,0.1,18.1147803570462,0
WRK-001395,1.7901972504482966,0.1,5.607330096661802,0
WRK-001396,1.7901972504482966,0.1,17.3431479412127,0
WRK-001397,1.7901972504482966,0.1,11.213750642208026,0
WRK-001398,1.7901972504482966,0.1,35.591425986567145,1
WRK-001399,1.7901972504482966,0.1,15.326673808190572,1
WRK-001400,1.7901972504482966,0.1,13.998285988942683,0
WRK-001401,1.7901972504482966,0.1,9.663245590928247,0
WRK-001402,1.7901972504482966,0.1,125.03801105853294,3
WRK-001403,1.7901972504482966,0.1,7.297426751172448,0
WRK-001404,1.7901972504482966,0.1,5.754113408676428,2
WRK-001405,1.7901972504482966,0.1,17.320773285024703,0
WRK-001406,1.7901972504482966,0.1,8.12433954901685,0
WRK-001407,1.7901972504482966,0.1,7.7529897444762605,0
WRK-001408,1.7901972504482966,0.1,63.856107622505434,2
WRK-001409,1.7901972504482966,0.1,23.163495674997314,1
WRK-001410,1.7901972504482966,0.1,10.155049669902636,0
WRK-001411,1.7901972504482966,0.1,22.171277243918276,0
WRK-001412,1.7901972504482966,0.1,35.989555985008145,0
WRK-001413,1.0,0.1,79.15641541818769,2
WRK-001414,1.0,0.1,16.705597191747884,0
WRK-001415,1.7901972504482966,0.1,1.1599573873331543,0
WRK-001416,1.7901972504482966,0.1,14.331963395891842,0
WRK-001417,1.7901972504482966,0.1,203.6110812946182,2
WRK-001418,0.8571428571428571,1.0,68.36181678606641,0
WRK-001419,1.7901972504482966,0.1,3.125523636669667,0
WRK-001420,1.7901972504482966,0.1,1.4278685558515725,0
WRK-001421,1.7901972504482966,0.1,46.226414308679026,0
WRK-001422,1.7901972504482966,0.1,11.53772218294333,1
WRK-001423,1.7901972504482966,0.1,14.427236874847253,0
WRK-001424,1.7901972504482966,0.1,11.70400378671614,0
WRK-001425,1.7901972504482966,0.1,53.074846475960186,0
WRK-001426,1.7901972504482966,0.1,17.449955161102146,0
WRK-001427,1.7901972504482966,0.1,12.857967849037058,0
WRK-001428,1.7901972504482966,0.1,2.2660807536075396,1
WRK-001429,1.7901972504482966,0.1,58.56961245709848,0
WRK-001430,1.7901972504482966,0.1,5.258967868288921,0
WRK-001431,1.7901972504482966,0.1,55.27360429734693,1
WRK-001432,1.7901972504482966,0.1,0.9874768434426938,0
WRK-001433,1.7901972504482966,0.1,40.85074594557146,0
WRK-001434,1.7901972504482966,0.1,11.225986876271154,0
WRK-001435,1.7901972504482966,0.1,86.67929346676857,0
WRK-001436,1.7901972504482966,0.1,35.519938846437206,0
WRK-001437,1.7901972504482966,0.1,2.5856298252201477,0
WRK-001438,1.7901972504482966,0.1,2.71540336213082,0
WRK-001439,1.7901972504482966,0.1,7.870975684409035,0
WRK-001440,0.6682608695652174,0.3482824427480916,70.04874214944336,1
WRK-001441,1.7901972504482966,0.1,17.953078556696582,0
WRK-001442,1.7901972504482966,0.1,17.67414681955089,0
WRK-001443,1.7901972504482966,0.1,35.64097537115248,0
WRK-001444,1.7901972504482966,0.1,24.60414050943823,0
WRK-001445,1.7901972504482966,0.1,23.78608030448884,0
WRK-001446,1.7901972504482966,0.1,38.3703718903496,0
WRK-001447,1.0,0.1,16.96314828311949,0
WRK-001448,1.0,0.1,26.395584068928887,0
WRK-001449,1.0,0.1,9.941567260792286,1
WRK-001450,1.0,0.1,15.070263896366036,0
WRK-001451,1.0,0.1,19.438769668330316,1
WRK-001452,1.0714285714285714,0.1,10.040862875408438,1
WRK-001453,1.4285714285714286,0.1,34.48751818104737,0
WRK-001454,0.9333333333333333,0.1,47.63957486320423,1
WRK-001455,0.8,0.1,3.6777134009434382,0
WRK-001456,0.8,0.1,36.78183163792835,0
WRK-001457,7.0,0.1,1.3689584447307523,0
WRK-001458,1.0,0.1,4.710105008601669,0
WRK-001459,1.9686666666666666,0.1,16.94153645849265,1
WRK-001460,0.7383966244725738,0.1,38.63031886950224,0
WRK-001461,1.1111111111111112,0.1,73.07902473537862,0
WRK-001462,0.7304761904761905,1.0,20.855753299129134,0
WRK-001463,0.32351628737170907,1.0,1.1834604736572865,0
WRK-001464,1.1970102632753234,1.0,30.523262706551687,0
WRK-001465,0.19410977242302543,1.0,4.634830402374776,1
WRK-001466,0.6470325747434181,1.0,5.03431805967507,0
WRK-001467,0.6470325747434181,1.0,1.8908978064869557,0
WRK-001468,0.19410977242302543,1.0,13.249788034909415,0
WRK-001469,0.6470325747434181,1.0,8.067027679176066,0
WRK-001470,0.6470325747434181,1.0,40.9015519310704,0
WRK-001471,0.6470325747434181,1.0,25.29164783762656,0
WRK-001472,0.6470325747434181,1.0,8.779877555482502,1
WRK-001473,0.3675578371891459,0.1,7.253843999182239,0
WRK-001474,0.75,0.1,14.358770598826869,1
WRK-001475,4.285714285714286,0.1,5.747880691723496,1
WRK-001476,1.0,0.1,1.0388069583966966,0
WRK-001477,0.8565714285714285,0.17126546146527116,8.824146603733562,0
WRK-001478,0.375,0.1,5.784852955910237,0
WRK-001479,0.5,0.1,26.151463479771785,1
WRK-001480,0.5,0.1,21.160605979549125,1
WRK-001481,0.6,0.1,5.16263428698943,2
WRK-001482,0.375,0.1,39.859517716970785,0
WRK-001483,0.6,0.1,16.532174435070676,1
WRK-001484,0.6329113924050633,0.1,60.26120457517117,0
WRK-001485,0.99,0.1,29.75853276326754,0
WRK-001486,0.4,0.1,46.45106279472064,0
WRK-001487,0.6,0.1,63.56720606937414,1
WRK-001488,1.2173913043478262,0.3472882968601332,10.318081805555803,0
WRK-001489,0.8565714285714285,0.17126546146527116,22.015866794362303,1
WRK-001490,1.2857142857142858,0.17126546146527116,3.46350731340212,1
WRK-001491,2.2311468094600624,1.0,5.5657641930920025,0
WRK-001492,2.2311468094600624,1.0,4.5739895227166425,0
WRK-001493,2.2311468094600624,1.0,12.358135392188398,0
WRK-001494,2.2311468094600624,1.0,24.926986222311562,0
WRK-001495,1.5,0.1,16.878426372999062,0
WRK-001496,1.0,0.1,0.5720079765996541,0
WRK-001497,1.0,0.1,4.84931271552319,0
WRK-001498,1.0,0.1,24.98967569168947,0
WRK-001499,5.577867023650156,0.34695817490494296,20.31165173907947,0
WRK-001500,0.7911392405063291,0.1,6.381807252687493,2
WRK-001501,1.2637130801687764,0.1,7.306964254592759,0
WRK-001502,1.49,0.1,226.6534515839,2
WRK-001503,3.3467202141900936,1.0,14.659193923709475,0
WRK-001504,2.2311468094600624,1.0,18.179622691307376,2
WRK-001505,1.0,0.1,11.389166990119843,0
WRK-001506,31.818181818181817,0.1,27.26579096385987,1
WRK-001507,1.6090128755364808,1.0,44.594870670952986,0
WRK-001508,0.8568571428571429,0.17094017094017094,67.0771150056979,0
WRK-001509,1.0,0.17094017094017094,22.468747118470574,0
WRK-001510,1.0,0.1,10.335091667346394,0
WRK-001511,1.0,0.1,3.1640528757933954,0
WRK-001512,1.8823529411764706,0.1,0.729106118210825,0
WRK-001513,0.6349206349206349,1.0,131.16269161316356,3
WRK-001514,1.0,0.1,27.015402811827713,2
WRK-001515,7.751004016064257,1.0,9.928017707279551,0
WRK-001516,41.186970102632756,1.0,19.123377424718743,1
WRK-001517,1.6666666666666667,0.3466286799620133,37.77619320527913,0
WRK-001518,1.1666666666666667,0.1,77.71284960625925,0
WRK-001519,1.0,0.1,4.425251941249355,0
WRK-001520,1.0,0.1,18.141251973404767,1
WRK-001521,1.0,0.1,31.830296129846918,0
WRK-001522,1.0537974683544304,0.1,92.97193625943268,1
WRK-001523,1.0,0.1,28.411396980071068,1
WRK-001524,1.0,0.1,19.52974021509126,0
WRK-001525,0.9090909090909091,0.1,23.06633521803758,3
WRK-001526,1.4999,1.0,7.065615507681155,0
WRK-001527,3.588607594936709,0.1,215.30194799090773,2
WRK-001528,3.2459915611814347,0.1,39.65188137118466,0
WRK-001529,2.066983122362869,0.1,6.17851513630665,1
WRK-001530,2.408016877637131,0.1,53.839120949533246,1
WRK-001531,1.509915611814346,0.1,2.2026449060743545,2
WRK-001532,1.1845991561181435,0.1,9.751150678642684,0
WRK-001533,1.6862869198312236,0.1,171.7920089698968,2
WRK-001534,1.3974683544303796,0.1,1.7120168309214816,0
WRK-001535,1.2360759493670885,0.1,73.54020612839722,1
WRK-001536,1.169620253164557,0.1,6.350396830097536,0
WRK-001537,1.4285864978902953,0.1,14.415354074961694,0
WRK-001538,1.5744725738396625,0.1,19.65583791236783,0
WRK-001539,0.40337552742616034,0.1,2.8134209517057163,1
WRK-001540,1.0283755274261603,0.1,6.890903149563049,0
WRK-001541,0.5791139240506329,0.1,6.515631710732396,0
WRK-001542,0.6867627785058977,0.1,7.454413552845206,2
WRK-001543,0.6867627785058977,0.1,13.184369218511453,0
WRK-001544,0.6867627785058977,0.1,8.111302512199646,0
WRK-001545,0.6867627785058977,0.1,33.706778080870116,0
WRK-001546,0.9535864978902954,0.1,14.426441257834115,0
WRK-001547,0.7790084388185654,0.1,10.458757985973893,0
WRK-001548,0.2907172995780591,0.1,5.188402413888049,0
WRK-001549,1.160337552742616,0.1,28.722558481705633,0
WRK-001550,2.038779069767442,1.0,9.731539897353919,0
WRK-001551,1.8992558139534883,1.0,9.825827616654681,0
WRK-001552,1.8036919831223628,0.1,66.58246657699823,0
WRK-001553,2.7591772151898732,0.1,1.1831423283388984,0
WRK-001554,2.4119198312236287,0.1,10.49961192474959,0
WRK-001555,0.3333333333333333,1.0,18.474790541265953,0
WRK-001556,0.8888888888888888,0.25616698292220114,27.61112802073979,1
WRK-001557,0.6666666666666666,0.1,26.45997578533732,1
WRK-001558,2.9860759493670885,0.1,170.652745571187,5
WRK-001559,1.0,0.1,129.7968413659038,3
WRK-001560,1.3906118143459916,0.1,22.10738443092894,0
WRK-001561,3.7486286919831224,0.1,17.821230167814047,1
WRK-001562,2.9267932489451476,0.1,1.844226843291628,0
WRK-001563,1.1699367088607595,0.1,14.141839632916271,1
WRK-001564,1.8024261603375527,0.1,4.108964832923737,1
WRK-001565,2.011919831223629,0.1,2.4266375493462036,0
WRK-001566,1.1830168776371308,0.1,17.06303800785143,2
WRK-001567,0.49736286919831224,0.1,22.422616190277083,0
WRK-001568,0.8936708860759494,0.1,210.85094204531842,4
WRK-001569,0.9090909090909091,0.1,7.362402545032395,0
WRK-001570,1.2,0.1,18.51440495089106,1
WRK-001571,0.8888888888888888,0.1,12.21090683839507,1
WRK-001572,2.141142857142857,0.17077798861480076,14.389149072121363,0
WRK-001573,1.1111111111111112,0.17061611374407584,25.462628623442313,1
WRK-001574,2.2,1.0,18.086147840289417,0
WRK-001575,1.0434782608695652,0.3459715639810427,19.91757212375758,0
WRK-001576,1.1111111111111112,0.17061611374407584,32.83865152957736,0
WRK-001577,2.142857142857143,0.1,9.234432261591692,0
WRK-001578,0.4,0.1,14.834826123452915,0
WRK-001579,6.024096385542169,0.1,20.718937881849413,2
WRK-001580,1.0,1.0,35.595253143613476,0
WRK-001581,1.0,1.0,5.9140176288198685,0
WRK-001582,1.0,1.0,29.35753656568634,0
WRK-001583,1.0,1.0,6.452168757294475,1
WRK-001584,1.0,1.0,7.944726187110437,1
WRK-001585,1.0,1.0,11.001303266202518,0
WRK-001586,1.0,1.0,2.322468943217841,1
WRK-001587,1.0,1.0,43.15660367654934,2
WRK-001588,1.0,1.0,39.47081114997432,0
WRK-001589,1.0,1.0,61.41662580769399,0
WRK-001590,0.7304761904761905,1.0,18.01579926971201,2
WRK-001591,0.5,0.1,22.7111620332072,0
WRK-001592,1.0,0.1,7.057292591595003,0
WRK-001593,0.75,0.1,0.5743751176201882,0
WRK-001594,1.0,1.0,26.577831898254644,1
WRK-001595,1.0,0.1,4.3969565461976465,0
WRK-001596,0.5,0.1,5.772191669170613,0
WRK-001597,1.0,0.1,99.6048261419117,0
WRK-001598,1.0,0.1,3.3174260938442997,0
WRK-001599,1.0,0.1,1.8587117160681674,0
WRK-001600,1.0,0.1,1.5656559323875132,1
WRK-001601,1.0,0.1,21.35543552854309,0
WRK-001602,1.0,0.1,8.944963901505833,0
WRK-001603,1.0,0.1,8.105131521129085,0
WRK-001604,1.0,0.1,15.936362800692876,0
WRK-001605,1.0,0.1,2.141104252704756,1
WRK-001606,1.0,0.1,2.830464498202186,0
WRK-001607,1.0,0.1,49.813774688908566,0
WRK-001608,1.0,0.1,42.4513934309128,0
WRK-001609,1.0,0.1,16.588822950578418,0
WRK-001610,1.0,0.1,49.00387400067614,0
WRK-001611,1.25,0.1,1.5881074832151656,0
WRK-001612,1.0,0.1,16.169185735841126,1
WRK-001613,0.5,0.1,22.872898089414303,0
WRK-001614,1.0,0.1,37.072634197022055,0
WRK-001615,1.0,0.1,17.202505100219902,1
WRK-001616,0.75,0.1,16.842787946910512,1
WRK-001617,0.5,0.1,6.897088504001737,1
WRK-001618,0.5,0.1,22.004535028077356,0
WRK-001619,1.25,0.1,2.7097639161831335,0
WRK-001620,1.5,0.1,39.04237723160169,0
WRK-001621,2.35,0.1,13.578892041867906,1
WRK-001622,1.0,0.1,2.289203190674087,0
WRK-001623,1.7568565400843883,0.1,7.15345532907731,0
WRK-001624,3.8533755274261603,0.1,12.4757826165191,0
WRK-001625,2.132911392405063,0.1,70.1428821956919,0
WRK-001626,0.5274261603375527,0.1,22.551608289459438,1
WRK-001627,1.108649789029536,0.1,31.407483209436172,0
WRK-001628,2.1529535864978904,0.1,92.5721733308934,1
WRK-001629,3.0928270042194095,0.1,27.40725378801466,0
WRK-001630,1.0,0.1,1.5190020440983294,0
WRK-001631,1.0,0.1,24.789899388214927,0
WRK-001632,1.0,0.1,29.701119283123898,0
WRK-001633,1.0,0.1,7.551440010489101,0
WRK-001634,1.0,0.1,3.5414360728199417,1
WRK-001635,0.5005005005005005,0.1,16.297297031803687,0
WRK-001636,1.0,0.1,124.46601338856185,0
WRK-001637,1.0,0.1,30.662948057639554,0
WRK-001638,1.0,0.1,40.96722095739152,1
WRK-001639,1.0,0.1,29.59558853919016,0
WRK-001640,1.0,0.1,8.492025697445774,0
WRK-001641,1.0,0.1,19.161909475169775,1
WRK-001642,1.0,0.1,58.631947685817465,1
WRK-001643,1.0,0.1,7.1772918085823525,0
WRK-001644,1.0,0.1,1.1324225949544051,0
WRK-001645,1.0,0.1,152.29331839879345,0
WRK-001646,1.0,0.1,9.996339008454362,0
WRK-001647,1.0,0.1,92.67822476819399,0
WRK-001648,1.0,0.1,17.92251360953346,0
WRK-001649,0.5714285714285714,0.1,16.512841288189385,0
WRK-001650,0.5714285714285714,0.1,21.147946562469,0
WRK-001651,1.0,0.1,17.30400862160167,0
WRK-001652,1.0,0.1,65.73201544211648,0
WRK-001653,1.0,0.1,10.83679939467138,0
WRK-001654,1.0,0.1,3.3048373828581052,0
WRK-001655,1.0,0.1,39.13124373002316,1
WRK-001656,1.0,0.1,22.98408297255445,0
WRK-001657,1.0,0.1,0.711041122632994,0
WRK-001658,1.0,0.1,22.81490625767602,1
WRK-001659,1.0,0.1,225.5487593298738,2
WRK-001660,1.0,0.1,7.626763702496651,0
WRK-001661,1.0,0.1,10.580784092525855,0
WRK-001662,1.0,0.1,2.5850175678928067,1
WRK-001663,1.2934195613040869,0.1,6.83990885886486,0
WRK-001664,0.7,1.0,22.607847941973525,0
WRK-001665,1.2934195613040869,0.1,124.13765563435201,5
WRK-001666,0.5274261603375527,0.1,29.96479929310238,2
WRK-001667,1.2934195613040869,0.1,58.19051578493976,0
WRK-001668,1.2934195613040869,0.1,2.329769681415883,0
WRK-001669,0.6,0.1,11.652895548895618,0
WRK-001670,0.4633642242816188,0.1,4.728815404493128,0
WRK-001671,0.7,0.1,13.279395732574066,0
WRK-001672,0.6,0.1,31.742024272098455,0
WRK-001673,0.6,0.1,21.39278938596101,0
WRK-001674,0.653,0.1,10.496960590145923,0
WRK-001675,0.685259647859964,1.0,4.263249040489315,0
WRK-001676,0.668,0.1,80.75554602666736,0
WRK-001677,0.685259647859964,0.1,6.149457277977312,0
WRK-001678,0.685259647859964,0.1,7.255167969296544,0
WRK-001679,0.685259647859964,0.1,0.10326964920686575,0
WRK-001680,0.685259647859964,0.1,89.03633009840071,0
WRK-001681,0.685259647859964,0.1,30.42956924611349,1
WRK-001682,0.5274261603375527,0.1,39.848857008888636,0
WRK-001683,0.5274261603375527,0.1,38.76321037317426,2
WRK-001684,0.2568,0.1,10.667616245938127,0
WRK-001685,0.789,0.1,11.81236448959999,0
WRK-001686,0.8,0.1,33.57582286556508,0
WRK-001687,0.8507233815587706,0.1,25.706483963277243,0
WRK-001688,1.2934195613040869,0.1,1.6748127589118895,2
WRK-001689,0.685259647859964,0.1,13.803355783088678,0
WRK-001690,1.2,0.1,65.39815675767335,1
WRK-001691,0.685259647859964,0.1,18.50219195837355,1
WRK-001692,1.2934195613040869,0.1,20.21248510469155,0
WRK-001693,1.0,0.1,6.133133455010137,2
WRK-001694,1.0,0.1,80.55579196780906,0
WRK-001695,0.875,0.1,48.94827019571707,0
WRK-001696,1.0,0.1,14.329322317527332,0
WRK-001697,0.8235294117647058,0.1,8.828604036469088,1
WRK-001698,0.6666666666666666,0.1,6.498983204908207,0
WRK-001699,1.2934195613040869,0.1,10.532782327712667,0
WRK-001700,1.2934195613040869,0.1,3.334431865011047,0
WRK-001701,0.5274261603375527,0.1,5.6237698309564665,1
WRK-001702,1.9919678714859437,1.0,0.9973543188284748,0
WRK-001703,1.1155734047300312,1.0,39.44256821268863,1
WRK-001704,0.9959839357429718,1.0,1.756536560758515,0
WRK-001705,0.9959839357429718,1.0,1.063556568983319,0
WRK-001706,0.9959839357429718,1.0,39.023833811265895,0
WRK-001707,0.5274261603375527,0.1,15.552185266292417,0
WRK-001708,0.4219409282700422,0.1,25.87095483619217,0
WRK-001709,0.5168776371308017,0.1,34.76197966628847,0
WRK-001710,0.5274261603375527,0.1,13.711904885428607,0
WRK-001711,0.5714285714285714,0.1,26.966653478094575,0
WRK-001712,0.5714285714285714,0.1,14.703302546413852,0
WRK-001713,0.5714285714285714,0.1,75.88062255680259,0
WRK-001714,0.5274261603375527,0.1,33.816368981263054,0
WRK-001715,0.9959839357429718,1.0,7.240094233101565,0
WRK-001716,0.9959839357429718,1.0,14.367943084973291,0
WRK-001717,0.9959839357429718,1.0,4.435174723283005,0
WRK-001718,1.9919678714859437,1.0,25.431779852167725,0
WRK-001719,1.1950022311468094,1.0,5.565823563456657,0
WRK-001720,1.2934195613040869,0.1,14.540183590998794,0
WRK-001721,1.0,0.1,15.03187190054567,0
WRK-001722,1.2934195613040869,0.1,16.357823047192085,0
WRK-001723,1.2934195613040869,0.1,5.706569200811192,0
WRK-001724,1.2934195613040869,0.1,14.9406563258845,1
WRK-001725,1.2934195613040869,0.1,37.51826052930744,0
WRK-001726,1.2934195613040869,0.1,5.948290209099383,1
WRK-001727,1.2934195613040869,0.1,8.554511857313248,0
WRK-001728,1.2934195613040869,0.1,202.86135479465298,5
WRK-001729,3.6362,0.1,4.578352665998267,0
WRK-001730,3.9598,0.1,262.3498146122852,5
WRK-001731,5.0,0.254957507082153,29.04665901880356,0
WRK-001732,1.0,0.1,29.140682157789946,1
WRK-001733,15.0,1.0,25.103420973089573,0
WRK-001734,0.4,0.1,7.44573398813979,0
WRK-001735,0.4,0.1,12.190054668409179,0
WRK-001736,1.0,0.1,14.34567880287207,0
WRK-001737,1.0,0.1,15.409905717549066,0
WRK-001738,1.0,1.0,27.720907462049617,0
WRK-001739,0.5,0.16981132075471697,7.503699062879568,0
WRK-001740,1.0,0.1,12.13522251194193,0
WRK-001741,2.0,0.1,69.92420779275564,1
WRK-001742,1.0,0.1,57.382640298939464,1
WRK-001743,1.0,0.1,7.1595703594118065,1
WRK-001744,1.0,0.1,241.8677954021587,2
WRK-001745,1.0,0.1,4.966964505656922,0
WRK-001746,1.255813953488372,1.0,270.0381402793371,3
WRK-001747,1.255813953488372,0.1,7.825576258542053,0
WRK-001748,1.255813953488372,0.1,21.436942735783116,1
WRK-001749,1.0,0.1,53.026056172621935,0
WRK-001750,1.0,0.1,12.74900737482331,0
WRK-001751,1.0,0.1,60.55839302461597,1
WRK-001752,1.0,0.1,44.58136408185716,0
WRK-001753,1.0,0.1,15.096597049365927,0
WRK-001754,1.0,0.1,22.799850960377782,0
WRK-001755,1.0,0.1,19.18148520316678,0
WRK-001756,1.0,0.1,35.89102077908671,0
WRK-001757,1.0,0.1,18.02650167497861,1
WRK-001758,1.0,0.1,14.30212448317439,0
WRK-001759,1.0,0.1,18.331282974388653,0
WRK-001760,1.0,0.1,17.367155265018035,0
WRK-001761,1.0,0.1,5.918037979841034,0
WRK-001762,1.0,0.1,0.48958312926977876,0
WRK-001763,1.0,0.1,10.127761486368112,0
WRK-001764,0.7304761904761905,0.1,8.94337527040861,0
WRK-001765,1.255813953488372,0.1,119.42048359946173,0
WRK-001766,1.0,0.1,16.734951497390004,1
WRK-001767,1.0,0.1,17.734850493653376,0
WRK-001768,1.0,0.1,21.78178144560136,0
WRK-001769,1.0,0.1,23.661022947740157,0
WRK-001770,1.0,0.1,3.51381116760116,0
WRK-001771,1.0,0.1,13.003613759464338,0
WRK-001772,1.0,0.1,1.6655436975026428,0
WRK-001773,0.8571428571428571,0.1,0.02761901692407599,0
WRK-001774,1.255813953488372,0.1,14.538427601493506,0
WRK-001775,1.255813953488372,0.1,157.17465677280268,3
WRK-001776,1.255813953488372,0.1,12.833827121469215,1
WRK-001777,1.255813953488372,0.1,1.4720693543052703,0
WRK-001778,1.0,0.1,6.921373322686424,0
WRK-001779,1.0,0.1,4.066265614513196,0
WRK-001780,0.6666666666666666,0.1,25.859457976570766,0
WRK-001781,1.0,0.1,7.663448756940049,0
WRK-001782,1.0,0.1,20.77763761973589,0
WRK-001783,1.0,0.1,11.062837627365116,0
WRK-001784,1.0,0.1,20.639264743796314,0
WRK-001785,1.0,0.1,19.159288486053143,0
WRK-001786,1.0,0.1,43.99469347297686,0
WRK-001787,1.0,0.1,7.364786512423462,1
WRK-001788,0.75,0.1,8.518778085794734,2
WRK-001789,1.0,0.1,12.961003570127339,0
WRK-001790,0.7,0.1,14.849171202347991,1
WRK-001791,0.9090909090909091,0.1,4.631253625119491,0
WRK-001792,1.25,0.1,16.068524888628474,0
WRK-001793,0.75,0.1,293.61878326751923,5
WRK-001794,0.5,0.1,205.66714651161405,3
WRK-001795,1.0909090909090908,0.1,42.99841329946403,1
WRK-001796,1.0,0.1,35.67345663064229,0
WRK-001797,0.75,0.1,33.034688264490065,0
WRK-001798,1.0,0.1,27.87622911620781,3
WRK-001799,1.0,0.1,21.320369889747433,0
WRK-001800,1.0,0.1,13.27151972625031,0
WRK-001801,1.0,0.1,22.00082298116021,1
WRK-001802,1.0,0.1,38.418554433367625,0
WRK-001803,1.0,0.1,11.39852911397795,0
WRK-001804,1.0,0.1,3.654937781379985,0
WRK-001805,1.260548523206751,0.16981132075471697,62.9567036505346,0
WRK-001806,1.0,0.1,51.979742717301995,0
WRK-001807,1.0,0.1,8.990842388520482,0
WRK-001808,1.0,0.1,10.01103877381393,0
WRK-001809,1.0,0.1,31.428965092585813,0
WRK-001810,1.0,0.1,11.732174145050491,0
WRK-001811,1.0,0.1,12.099587552370991,0
WRK-001812,1.0,0.1,15.795100186002157,0
WRK-001813,1.0,0.1,5.43303296338593,0
WRK-001814,1.0,0.1,16.637032008486546,0
WRK-001815,1.0,0.1,4.889592917708882,0
WRK-001816,1.6877637130801688,0.16981132075471697,8.937385320648755,1
WRK-001817,1.0,0.1,6.897265692710132,0
WRK-001818,1.0,0.1,1.6212037252893472,0
WRK-001819,1.0,0.1,41.98007843904986,0
WRK-001820,1.0,0.1,8.000682135816866,2
WRK-001821,1.0,0.1,7.386409537713181,1
WRK-001822,1.0,0.1,132.08157493586467,0
WRK-001823,1.0,0.1,18.093825917061352,0
WRK-001824,1.0,0.1,1.0851781958745679,0
WRK-001825,1.0,0.1,11.382158622605491,0
WRK-001826,1.9686666666666666,0.1,8.41241736443033,0
WRK-001827,1.1428571428571428,0.1,13.161079689823747,0
WRK-001828,1.0,0.1,4.214411268108499,0
WRK-001829,1.0,0.1,3.8262932484160244,0
WRK-001830,1.0,0.1,1.9332731626120014,0
WRK-001831,1.0,0.1,25.86176326245139,0
WRK-001832,1.0,0.1,0.5920234306119857,0
WRK-001833,1.0,0.1,30.98962292479382,0
WRK-001834,1.0,0.1,3.5177989287784674,0
WRK-001835,1.0,0.1,296.1425521880442,5
WRK-001836,1.0,0.1,25.75408729670628,0
WRK-001837,1.0,0.1,22.19528215521771,0
WRK-001838,1.0,0.1,0.785202447433767,1
WRK-001839,1.0,0.1,8.779221718723468,0
WRK-001840,1.0,0.1,244.8860346968675,3
WRK-001841,1.0,0.1,0.4264068943544547,0
WRK-001842,1.0,0.1,7.598849220125592,0
WRK-001843,1.0,0.1,10.327418406715198,0
WRK-001844,1.371308016877637,0.1696512723845429,42.04207962113489,0
WRK-001845,1.0,0.1,5.358621332454224,1
WRK-001846,1.0,0.1,4.416329764461755,0
WRK-001847,1.0,0.1,68.39420660697107,1
WRK-001848,1.0,0.1,9.141892566643019,1
WRK-001849,1.0,0.1,9.185258110126625,0
WRK-001850,1.0,0.1,28.832220911282814,1
WRK-001851,0.8966244725738397,0.1696512723845429,24.57293871034497,1
WRK-001852,0.7415611814345991,0.1696512723845429,11.622209244682162,1
WRK-001853,0.2,0.34401508011310084,19.295341075406924,0
WRK-001854,1.5822784810126582,0.1696512723845429,8.14193794984966,0
WRK-001855,0.26371308016877637,0.1696512723845429,23.891722152740414,1
WRK-001856,1.0548523206751055,0.1696512723845429,3.021341035749889,0
WRK-001857,0.6349206349206349,0.1,3.0258148456516154,1
WRK-001858,0.6349206349206349,0.1,8.806343543212238,0
WRK-001859,0.8116883116883117,0.1,0.35816768493298423,0
WRK-001860,0.8116883116883117,0.1,5.2287591075521656,0
WRK-001861,1.78491744756805,1.0,14.856594491720994,0
WRK-001862,3.2,1.0,200.53620560083462,3
WRK-001863,1.0000666711114075,1.0,2.9506223835746495,0
WRK-001864,1.0356358852005367,1.0,124.77330926581358,0
WRK-001865,2.219991075412762,1.0,39.21355588479132,0
WRK-001866,2.2311468094600624,1.0,6.004467475673803,0
WRK-001867,3.3467202141900936,1.0,36.799206568857045,0
WRK-001868,0.8375527426160337,0.1,51.49759069287123,0
WRK-001869,1.0369198312236287,0.1,27.82955798182577,0
WRK-001870,0.6371308016877637,0.1,1.130990191813332,0
WRK-001871,0.7626582278481012,0.1,16.70009027478454,0
WRK-001872,1.0,1.0,14.74555222763456,0
WRK-001873,0.37130801687763715,0.1,15.335567925370977,0
WRK-001874,0.8048523206751055,0.1,2.391023532341909,1
WRK-001875,1.2035864978902953,0.1,25.133147209249884,1
WRK-001876,0.890295358649789,0.1,42.70168272659121,0
WRK-001877,2.8280590717299576,0.1,241.68273299707266,2
WRK-001878,1.1530185295875672,0.1,6.334044424538902,0
WRK-001879,1.0,0.1,0.23355168107178154,0
WRK-001880,1.2,0.1,34.77288741393898,0
WRK-001881,1.0,0.1,96.22645453975525,0
WRK-001882,1.0,0.1,0.4026165766169536,0
WRK-001883,1.963409192324855,0.1,45.74122060620826,0
WRK-001884,0.9767441860465116,0.1,11.781278420231605,0
WRK-001885,1.1163829193413342,0.1,57.86464741773568,0
WRK-001886,0.9303190994511117,0.1,75.19931782427535,0
WRK-001887,2.5,0.1,32.42191745165284,0
WRK-001888,0.9303190994511117,0.1,2.6900436776748915,1
WRK-001889,3.3333333333333335,0.1,15.962819636707357,1
WRK-001890,2.2857142857142856,0.1,3.7791313129729716,1
WRK-001891,2.5285714285714285,0.1,94.63401866446324,2
WRK-001892,2.5285714285714285,0.1,12.819511769988004,0
WRK-001893,2.6857142857142855,0.1,5.070269663647721,0
WRK-001894,1.0,1.0,7.137460124234406,0
WRK-001895,1.0,1.0,67.46313614547815,0
WRK-001896,1.0,1.0,2.3047979258264637,0
WRK-001897,1.0,1.0,26.256297211889038,1
WRK-001898,1.0,1.0,44.233014287097745,0
WRK-001899,1.0,1.0,10.390706806986511,1
WRK-001900,1.0,1.0,21.850069855396743,0
WRK-001901,1.0,1.0,16.266819069559034,0
WRK-001902,1.0,1.0,12.227484170077085,1
WRK-001903,2.857142857142857,0.1,10.254395029709347,0
WRK-001904,1.7142857142857142,0.1,1.4018516414122146,0
WRK-001905,6.024096385542169,0.1,6.81543497833019,0
WRK-001906,1.5,1.0,3.88932313429084,1
WRK-001907,0.75,1.0,12.123779551075218,0
WRK-001908,2.5,1.0,28.068891537629316,0
WRK-001909,2.5,1.0,5.457528604839905,0
WRK-001910,2.5,1.0,6.613051865826782,0
WRK-001911,2.5148840073906795,1.0,7.854443416703836,0
WRK-001912,0.98,0.1,31.33270963757039,0
WRK-001913,2.5,1.0,39.878980833560696,1
WRK-001914,0.6666666666666666,0.1,2.99193382956019,0
WRK-001915,0.16666666666666666,0.1,46.761722096771535,0
WRK-001916,0.5,0.1,30.725851575334694,2
WRK-001917,0.25,0.1,1.9171435505575412,0
WRK-001918,1.963409192324855,0.1,22.122749083572963,1
WRK-001919,2.5285714285714285,0.1,17.911787692082616,0
WRK-001920,2.5285714285714285,0.1,14.87542740423441,0
WRK-001921,3.0342857142857143,0.1,1.6227392906969704,1
WRK-001922,0.9303190994511117,0.1,20.874480140616395,0
WRK-001923,1.1163829193413342,0.1,15.556114074031868,0
WRK-001924,2.5285714285714285,0.1,6.277048387420008,0
WRK-001925,1.699,0.1,11.896111715580997,0
WRK-001926,1.5,0.1,166.86643230596437,2
WRK-001927,2.2857142857142856,0.1,0.9416316824070932,0
WRK-001928,2.0228571428571427,0.1,10.943116278002972,0
WRK-001929,3.0342857142857143,0.1,36.77860448883556,1
WRK-001930,1.699,0.1,11.214531066291332,0
WRK-001931,0.79,0.1,39.16508969192529,0
WRK-001932,1.0,1.0,3.5819603350622238,0
WRK-001933,1.0,1.0,29.50608563723233,0
WRK-001934,1.0,1.0,145.86129254103247,4
WRK-001935,1.744186046511628,0.1,3.0546151404811765,0
WRK-001936,1.452480573819486,0.1,35.269273518500164,0
WRK-001937,1.452480573819486,0.1,6.056481220077023,1
WRK-001938,1.5,1.0,2.4478176889213135,1
WRK-001939,1.5,0.1,2.0665191674678973,0
WRK-001940,1.0,0.16933207902163688,10.383687297668903,0
WRK-001941,1.0,0.16933207902163688,0.2916563743379396,0
WRK-001942,1.0,0.16933207902163688,5.628512695299412,0
WRK-001943,1.452480573819486,0.1,10.440815912758492,0
WRK-001944,1.452480573819486,0.1,11.723453293308943,2
WRK-001945,1.452480573819486,0.1,4.6333087306192615,0
WRK-001946,1.452480573819486,0.1,7.650318937004412,0
WRK-001947,1.452480573819486,0.1,4.036886479262131,0
WRK-001948,1.452480573819486,0.1,5.573737219733013,0
WRK-001949,1.452480573819486,0.1,23.95384228844105,0
WRK-001950,1.452480573819486,0.1,10.69538539350027,0
WRK-001951,1.452480573819486,0.1,27.31034898924779,0
WRK-001952,1.452480573819486,0.1,5.530902416170776,0
WRK-001953,1.452480573819486,0.1,0.5450246532604384,1
WRK-001954,1.452480573819486,0.1,15.42597071745533,0
WRK-001955,1.452480573819486,0.1,25.154837066180082,0
WRK-001956,1.452480573819486,0.1,1.999193040476583,0
WRK-001957,0.6,0.1,22.633747244648603,0
WRK-001958,1.452480573819486,0.1,2.452386340912932,0
WRK-001959,1.452480573819486,0.1,7.179028777343854,1
WRK-001960,1.452480573819486,0.1,16.308977040087584,0
WRK-001961,1.452480573819486,0.1,2.0279144269279965,0
WRK-001962,1.452480573819486,0.1,19.507608028806246,1
WRK-001963,1.0,1.0,15.217879435841821,0
WRK-001964,1.744186046511628,0.1,21.442203264181913,1
WRK-001965,1.0,0.2539981185324553,280.20893458173646,4
WRK-001966,1.3,1.0,5.819365109086495,0
WRK-001967,1.5116279069767442,0.1,32.92088804483403,0
WRK-001968,1.0,1.0,0.4754220516307048,1
WRK-001969,2.4285714285714284,0.1,34.828476720157255,0
WRK-001970,1.5116279069767442,0.1,26.09588783716672,0
WRK-001971,1.5116279069767442,1.0,1.9406588646716516,0
WRK-001972,1.5116279069767442,0.1,3.3498127187743076,0
WRK-001973,1.452480573819486,0.1,30.05419321716508,1
WRK-001974,1.452480573819486,0.1,13.20546469168254,1
WRK-001975,1.25,0.1,10.96960728835067,0
WRK-001976,1.8181818181818181,0.1,6.2234555297672856,0
WRK-001977,1.452480573819486,0.1,11.443678490231054,1
WRK-001978,1.452480573819486,0.1,290.1226277069885,4
WRK-001979,1.452480573819486,0.1,10.573561221790523,0
WRK-001980,1.452480573819486,0.1,35.53391114142805,0
WRK-001981,1.452480573819486,0.1,0.695597258379633,0
WRK-001982,1.452480573819486,0.1,43.738871307865324,0
WRK-001983,1.452480573819486,0.1,6.761708069462619,0
WRK-001984,1.452480573819486,0.1,6.637953919173796,0
WRK-001985,1.452480573819486,0.1,22.633391381816303,0
WRK-001986,1.452480573819486,0.1,39.257616967059676,1
WRK-001987,1.452480573819486,0.1,16.344709878315587,1
WRK-001988,1.452480573819486,0.1,5.529662048612439,0
WRK-001989,0.9327004219409283,0.1,2.1845363820157457,1
WRK-001990,1.452480573819486,0.1,10.801711766864148,0
WRK-001991,1.452480573819486,0.1,1.544501307782571,0
WRK-001992,1.452480573819486,0.1,38.09988200802225,0
WRK-001993,0.56,0.1,6.939645489782133,0
WRK-001994,1.452480573819486,0.1,25.850503555517168,0
WRK-001995,1.452480573819486,0.1,32.73229074995169,0
WRK-001996,1.452480573819486,0.1,17.164384317694303,1
WRK-001997,1.452480573819486,0.1,26.466082191963103,0
WRK-001998,1.452480573819486,0.1,16.690133775698975,0
WRK-001999,1.2401898734177215,0.1,8.501691748144223,0
WRK-002000,0.7753164556962026,0.1,25.194973681903683,0
WRK-002001,1.452480573819486,0.1,23.354601571496406,1
WRK-002002,1.452480573819486,0.1,3.056586411944324,0
WRK-002003,1.452480573819486,0.1,28.365216526057925,1
WRK-002004,1.452480573819486,0.1,8.994324807358772,0
WRK-002005,1.452480573819486,0.1,53.648572427414784,0
WRK-002006,1.452480573819486,0.1,36.98014552614528,0
WRK-002007,1.452480573819486,0.1,14.446553782833666,0
WRK-002008,1.452480573819486,0.1,18.725352825796875,0
WRK-002009,1.452480573819486,0.1,2.83338413861749,0
WRK-002010,1.452480573819486,0.1,13.486599463124305,0
WRK-002011,1.452480573819486,0.1,11.692819422947618,0
WRK-002012,1.452480573819486,0.1,9.20364134350493,2
WRK-002013,1.452480573819486,0.1,12.279217717195607,1
WRK-002014,1.452480573819486,0.1,82.92321338689625,0
WRK-002015,1.452480573819486,0.1,3.010298016679727,0
WRK-002016,1.452480573819486,0.1,1.8020794889734444,0
WRK-002017,1.452480573819486,0.1,12.007378982676705,0
WRK-002018,1.452480573819486,0.1,8.014726463657919,0
WRK-002019,1.452480573819486,0.1,20.739532363978395,0
WRK-002020,1.452480573819486,0.1,5.61577435466498,1
WRK-002021,1.452480573819486,0.1,38.75270570040459,0
WRK-002022,0.4263713080168776,0.1,179.22288142270398,4
WRK-002023,0.7665611814345992,0.1,4.153818692112149,0
WRK-002024,1.1938818565400844,0.1,2.694514038591311,0
WRK-002025,1.452480573819486,0.1,22.647169238835016,0
WRK-002026,2.0,0.1,0.6754950803537417,0
WRK-002027,0.8333333333333334,1.0,6.126117044756025,0
WRK-002028,2.5,0.1,40.17902039354317,1
WRK-002029,1.452480573819486,0.1,2.7354938232132224,0
WRK-002030,1.452480573819486,0.1,17.22763342859771,0
WRK-002031,1.452480573819486,0.1,12.466228691266414,0
WRK-002032,23.806760354571217,0.1,66.51098337240833,0
WRK-002033,1.452480573819486,0.1,9.124648502380406,0
WRK-002034,1.452480573819486,0.1,33.91491824940796,0
WRK-002035,1.452480573819486,0.1,47.18558369888332,1
WRK-002036,1.452480573819486,0.1,3.2679627050022857,0
WRK-002037,1.452480573819486,0.1,12.993895281756352,1
WRK-002038,1.452480573819486,0.1,14.894981307216216,0
WRK-002039,1.452480573819486,0.1,12.839690979665352,0
WRK-002040,1.452480573819486,0.1,34.91487654614365,0
WRK-002041,1.452480573819486,0.1,1.0193619051107619,0
WRK-002042,1.452480573819486,0.1,5.3902720867768315,0
WRK-002043,1.452480573819486,0.1,4.228194221248923,0
WRK-002044,1.452480573819486,0.1,1.7587222528329638,0
WRK-002045,1.452480573819486,0.1,5.183609155916721,0
WRK-002046,1.452480573819486,0.1,7.612004588800363,1
WRK-002047,1.452480573819486,0.1,7.838883897228125,0
WRK-002048,1.452480573819486,0.1,0.623334330106484,0
WRK-002049,1.452480573819486,0.1,14.554793231058245,0
WRK-002050,0.6976744186046512,1.0,3.458943746972063,0
WRK-002051,1.0,0.1,10.57581556088664,0
WRK-002052,1.0,0.1,13.061149858047443,1
WRK-002053,1.0,0.1,18.086564562259465,0
WRK-002054,1.0,1.0,9.536169631505482,0
WRK-002055,0.5,0.1,1.7239221743948048,1
WRK-002056,2.3333333333333335,0.16885553470919323,0.23704712130181815,0
WRK-002057,2.5,0.1,9.975973999583225,1
WRK-002058,2.0,0.1,31.72616236688612,0
WRK-002059,1.0,0.1,69.99607006741114,0
WRK-002060,1.0,0.1,26.249804954382512,0
WRK-002061,1.0,0.1,8.85877359262933,0
WRK-002062,1.0,0.1,53.49984566664791,0
WRK-002063,1.0,0.1,47.94930915960033,0
WRK-002064,1.0,0.1,29.05887523463695,0
WRK-002065,1.0,0.1,49.34049680475199,1
WRK-002066,1.0,0.1,27.48608394806608,2
WRK-002067,1.0,0.1,14.897113756984714,0
WRK-002068,1.0,0.1,30.985785685256527,0
WRK-002069,1.0,0.1,19.889967312218232,0
WRK-002070,1.0,0.1,45.865613953803795,0
WRK-002071,1.0,0.1,4.915329910534271,0
WRK-002072,1.5,0.1,3.0005594632574755,0
WRK-002073,2.0,0.1,12.186483605842753,0
WRK-002074,1.0,0.1,2.413282349622359,0
WRK-002075,1.0,0.1,12.476377373410736,1
WRK-002076,1.0,0.1,22.689372620659547,0
WRK-002077,1.0,0.1,38.12116368406543,0
WRK-002078,1.0,0.1,69.98923612887674,0
WRK-002079,0.5,0.1,7.582856544418085,0
WRK-002080,0.5,0.1,9.638812542423153,0
WRK-002081,1.0,0.1,8.753716484089797,0
WRK-002082,1.0,0.1,0.9337510832163409,0
WRK-002083,1.0,0.1,3.465767949148887,0
WRK-002084,1.0,0.1,2.1281506326635076,2
WRK-002085,1.0,0.1,16.46730217406306,0
WRK-002086,0.23257977486277792,0.1,11.203948652691665,0
WRK-002087,4.333333333333333,0.1,56.17256348007742,0
WRK-002088,0.3256116848078891,0.1,0.5668428776802612,0
WRK-002089,1.6666666666666667,0.1,6.370596736141334,0
WRK-002090,2.2222222222222223,0.1,10.103388864953482,1
WRK-002091,2.5,0.1,18.209759181559065,0
WRK-002092,0.7142857142857143,0.1,5.24507053585885,0
WRK-002093,1.2094285714285715,0.1,7.489051122192615,0
WRK-002094,1.3333333333333333,0.1,5.329529100315459,0
WRK-002095,0.9883720930232558,0.1,23.017101872780113,1
WRK-002096,0.40584415584415584,0.1,5.263748881796241,0
WRK-002097,1.1111111111111112,0.2530459231490159,24.848477394287237,0
WRK-002098,1.1111111111111112,0.1,24.96910332150248,1
WRK-002099,2.89,0.16869728209934395,15.204592720753283,0
WRK-002100,1.1428571428571428,0.1,7.3052661771254455,0
WRK-002101,1.5,0.1,2.3458558925230326,0
WRK-002102,1.0,1.0,11.313892739365137,2
WRK-002103,1.0,1.0,22.457854251173693,1
WRK-002104,0.5813953488372093,0.1,190.3623940079642,0
WRK-002105,0.43,0.1,7.462272271545043,0
WRK-002106,1.0,0.16869728209934395,2.869346326524585,0
WRK-002107,1.0,0.16869728209934395,277.22473274312586,5
WRK-002108,0.5813953488372093,0.1,44.358331933158006,1
WRK-002109,0.5813953488372093,0.1,13.728753043384375,0
WRK-002110,0.5813953488372093,0.1,7.061235031510145,0
WRK-002111,1.0,0.16869728209934395,11.724747096524792,1
WRK-002112,1.0,1.0,8.132863084428685,0
WRK-002113,1.0,1.0,11.073886053643742,1
WRK-002114,1.0,1.0,19.487951470408163,0
WRK-002115,1.0,1.0,5.101513414729481,1
WRK-002116,1.0,1.0,26.973276638315276,0
WRK-002117,1.0,1.0,31.57995891604273,0
WRK-002118,1.0,1.0,2.8940538567620395,0
WRK-002119,1.0,1.0,3.153705346144386,0
WRK-002120,1.0,1.0,11.327074362859953,0
WRK-002121,1.0,1.0,27.195844645763444,0
WRK-002122,0.8,0.1,8.970278617137401,0
WRK-002123,1.0,0.1,102.75501013466422,0
WRK-002124,1.0,0.1,32.90689981441368,0
WRK-002125,0.5813953488372093,0.1,1.0806153596031516,0
WRK-002126,0.5813953488372093,0.1,17.525123494454412,0
WRK-002127,3.5654008438818567,0.1,26.512136456435186,1
WRK-002128,2.3333333333333335,0.1,2.7280436106852886,0
WRK-002129,1.0,1.0,37.77841104084311,0
WRK-002130,1.744186046511628,0.1,4.914140625814737,0
WRK-002131,4.032258064516129,0.1,151.68855801996062,3
WRK-002132,1.0,0.1,18.81477191221877,0
WRK-002133,0.46515954972555584,0.1,1.3246525624304115,0
WRK-002134,1.5,0.1,20.879851108796235,0
WRK-002135,1.5,0.1,5.605644446153358,0
WRK-002136,0.9009009009009009,1.0,4.78080237180866,0
WRK-002137,0.9997999866657777,1.0,24.087832213030712,0
WRK-002138,1.1381268934022009,1.0,214.34244103413346,4
WRK-002139,1.1381268934022009,1.0,25.354950220595292,0
WRK-002140,1.432,1.0,15.673916684756746,0
WRK-002141,1.1381268934022009,1.0,42.84923611624202,1
WRK-002142,1.1381268934022009,1.0,31.840774999182035,1
WRK-002143,5.132416341613632,1.0,9.82443996834297,2
WRK-002144,1.542857142857143,0.1,20.918753873528125,1
WRK-002145,1.1381268934022009,1.0,2.4489854405653557,0
WRK-002146,1.1381268934022009,1.0,24.094851921431722,0
WRK-002147,1.96,0.1,2.328633648735506,0
WRK-002148,1.96,0.1,0.36444796092794984,1
WRK-002149,1.96,0.1,10.304437934122998,0
WRK-002150,1.96,0.1,8.709195269409834,1
WRK-002151,1.96,0.1,22.728157152863734,0
WRK-002152,2.5,0.1,1.705729044439408,0
WRK-002153,1.0,0.1,45.82836882874308,1
WRK-002154,1.96,0.1,36.66521667266706,0
WRK-002155,1.0992063492063493,0.1,55.45112562366816,0
WRK-002156,1.0992063492063493,0.1,2.000556443160089,0
WRK-002157,1.0992063492063493,0.1,8.581278166493352,0
WRK-002158,1.744186046511628,0.1,3.7513052415412727,0
WRK-002159,2.0,1.0,4.908542286576103,1
WRK-002160,2.0,1.0,11.65887261603583,0
WRK-002161,2.0,1.0,6.128905247738684,0
WRK-002162,2.0,1.0,4.992426328279988,0
WRK-002163,2.0,1.0,8.892138890019325,0
WRK-002164,2.0,0.1,230.2064640262276,3
WRK-002165,1.1381268934022009,1.0,3.6997759711381706,0
WRK-002166,2.5,0.1,8.108854425268659,1
WRK-002167,1.744186046511628,0.1,12.580745758843761,0
WRK-002168,1.744186046511628,0.1,41.323559832293235,1
WRK-002169,7.530120481927711,1.0,15.35465772411714,0
WRK-002170,0.23628691983122363,0.1,55.32850490732411,0
WRK-002171,1.1381268934022009,1.0,59.79476515977968,0
WRK-002172,1.1381268934022009,1.0,4.328697614861672,0
WRK-002173,1.5,0.1,186.54826789277607,4
WRK-002174,0.8888888888888888,0.1,58.955558875268245,0
WRK-002175,0.6666666666666666,0.1,48.48664808743873,0
WRK-002176,0.5073051948051948,0.1,82.96875456597155,0
WRK-002177,0.5073051948051948,0.1,28.555019880602302,0
WRK-002178,1.3333333333333333,1.0,2.128170877224986,0
WRK-002179,1.3333333333333333,0.1,18.9367254681579,1
WRK-002180,0.8333333333333334,0.1,15.05813579732001,0
WRK-002181,2.5,1.0,34.98152601849257,0
WRK-002182,1.25,1.0,4.310930697412862,0
WRK-002183,1.25,1.0,3.806434941368096,0
WRK-002184,1.25,1.0,17.00047235140477,0
WRK-002185,1.25,1.0,2.6208157558361576,0
WRK-002186,0.6,0.1,2.855153417926009,0
WRK-002187,1.0,0.1,46.29747241405555,1
WRK-002188,1.0,0.1,54.680863710179175,0
WRK-002189,1.0,1.0,41.318509734321474,0
WRK-002190,1.0,1.0,26.180286687366877,0
WRK-002191,1.0,1.0,7.866856192225228,0
WRK-002192,1.0,1.0,8.065117170667005,0
WRK-002193,1.0,1.0,37.452895683749176,0
WRK-002194,1.0,0.1,70.01459775279328,0
WRK-002195,0.6,0.1,0.10004094647758531,0
WRK-002196,1.162,0.1,96.74504693994854,0
WRK-002197,1.1274285714285714,0.1,4.247386736292843,0
WRK-002198,0.8571428571428571,0.1,35.2948712829598,1
WRK-002199,3.8953333333333333,0.11225444340505145,4.820086532803801,0
WRK-002200,0.7,0.1,9.061435418365333,0
WRK-002201,1.4482857142857142,0.1,20.62709818729163,0
WRK-002202,1.8628571428571428,0.1,5.565632930945985,0
WRK-002203,1.001001001001001,1.0,48.64979888841049,0
WRK-002204,1.96,1.0,3.0864012747710827,0
WRK-002205,1.2,0.1,1.392648453590267,0
WRK-002206,2.0,1.0,64.08777116150762,2
WRK-002207,2.3333333333333335,0.1,32.99242644050545,2
WRK-002208,1.8628571428571428,0.1,9.424866554858783,0
WRK-002209,1.078,0.16838166510757718,12.80581190304121,0
WRK-002210,2.0,0.1,126.61231944152446,5
WRK-002211,1.5745269841269842,0.1,32.18781811008527,0
WRK-002212,0.8235294117647058,0.1,9.489521903083986,0
WRK-002213,1.0,0.1,20.420670930910436,1
WRK-002214,1.0,0.1,6.322063774072669,1
WRK-002215,2.098,0.1,0.6745235223779527,0
WRK-002216,0.625,0.1,36.23205622576755,0
WRK-002217,1.8628571428571428,0.1,2.197521057396216,0
WRK-002218,1.96,1.0,0.41454876208522284,0
WRK-002219,1.96,1.0,43.73152276220541,0
WRK-002220,0.75,0.1,46.128517313479385,0
WRK-002221,1.2,1.0,11.924392435850123,0
WRK-002222,1.1274285714285714,0.1,16.23330828245891,0
WRK-002223,2.5,0.1,226.39090875409687,4
WRK-002224,0.7304761904761905,0.1,10.629283055720848,0
WRK-002225,3.0,0.1,5.54047926565706,0
WRK-002226,4.0,0.1,4.906610277576263,1
WRK-002227,1.2,0.1,8.283295571365928,1
WRK-002228,0.54,1.0,35.85876409164857,0
WRK-002229,4.0,0.1,64.10467269756849,2
WRK-002230,1.25,1.0,32.25355879134302,0
WRK-002231,0.6,1.0,24.57171762094578,0
WRK-002232,1.25,1.0,13.041308870317373,0
WRK-002233,1.1022044088176353,0.1,6.764957641738477,1
WRK-002234,1.2024048096192386,0.1,20.08193167834987,0
WRK-002235,1.002004008016032,0.1,1.3495838581038408,0
WRK-002236,0.8,0.1,77.23721604555139,0
WRK-002237,0.8,0.1,24.68360909362903,0
WRK-002238,0.3028571428571429,1.0,42.0911865045986,0
WRK-002239,0.5762857142857143,1.0,0.2615313330359219,1
WRK-002240,1.0,1.0,2.1059350656106712,0
WRK-002241,1.25,1.0,28.473662749702278,0
WRK-002242,1.2,0.1,0.5470040114194183,0
WRK-002243,1.17604,0.16822429906542055,15.346173851488096,0
WRK-002244,4.0,0.1,5.089573415955852,0
WRK-002245,0.40080160320641284,0.1,7.500982518035601,3
WRK-002246,3.006012024048096,0.1,24.959183940980914,0
WRK-002247,3.006012024048096,0.16822429906542055,5.458897682131891,0
WRK-002248,1.7142857142857142,0.1,7.559762437861145,0
WRK-002249,64.72683801554095,0.1,19.25123798773497,1
WRK-002250,56.23132098027496,0.1,3.4989175971712405,0
WRK-002251,1.4142259414225942,0.1,24.39576995468338,0
WRK-002252,3.3333333333333335,0.1,37.697038860466535,0
WRK-002253,3.4285714285714284,0.1,47.83807743523022,0
WRK-002254,1.002004008016032,0.1,15.051454708059477,0
WRK-002255,0.8571428571428571,0.1,5.033948898377686,0
WRK-002256,1.8571428571428572,0.1,3.6595357543137097,0
WRK-002257,1.0,1.0,3.5997245901382686,1
WRK-002258,2.857142857142857,0.1,0.686387146746139,0
WRK-002259,1.0,0.1,26.967019198587685,0
WRK-002260,2.4462025316455698,0.1,13.387286740330895,0
WRK-002261,1.5084388185654007,0.1,43.77063153745296,1
WRK-002262,1.5822784810126582,0.1,2.5513468348057744,1
WRK-002263,1.5654008438818565,0.1,260.6059206521858,5
WRK-002264,2.6466244725738397,0.1,11.497917091579845,1
WRK-002265,1.0,0.1,2.3437941708669765,1
WRK-002266,1.0,0.1,0.37446234585747706,0
WRK-002267,1.0,0.1,4.4164906277357865,0
WRK-002268,1.0,0.1,37.94970861617187,0
WRK-002269,1.0,0.1,4.408775109778324,1
WRK-002270,1.0,0.1,24.55456197629524,0
WRK-002271,1.0,0.1,1.6193758059048315,0
WRK-002272,1.0,0.1,11.661810332182519,0
WRK-002273,1.0,0.1,19.623808331703835,0
WRK-002274,1.0,0.1,34.974540730650375,1
WRK-002275,1.0,0.1,21.54024568711545,0
WRK-002276,1.0,0.1,0.9242965007632364,0
WRK-002277,1.0,0.1,30.10762299753834,0
WRK-002278,1.0,0.1,0.1085073219204429,0
WRK-002279,1.0,0.1,3.969396636994904,0
WRK-002280,1.0,0.1,48.05062333555199,0
WRK-002281,1.0,0.1,25.00794466227029,1
WRK-002282,1.0,0.1,23.409599703829535,0
WRK-002283,1.0,0.1,13.937225565411119,2
WRK-002284,1.0,0.1,24.241740361544018,0
WRK-002285,1.0,0.1,4.00907806050101,2
WRK-002286,1.0,0.1,15.40623425878113,0
WRK-002287,1.0,0.1,8.880348062100056,1
WRK-002288,1.0,0.1,7.895705955453352,1
WRK-002289,1.0,0.1,21.33988371386923,0
WRK-002290,1.0,0.1,5.786902613541858,1
WRK-002291,1.0,0.1,268.77267870834874,4
WRK-002292,1.0,0.1,10.474424802811217,0
WRK-002293,1.0,0.1,98.83401367906907,1
WRK-002294,1.0,0.1,5.338726102060376,1
WRK-002295,1.0,0.1,1.463142199767681,0
WRK-002296,1.0,0.1,44.320374646951635,0
WRK-002297,1.0,0.1,68.29154618801945,0
WRK-002298,0.75,0.1,22.495782550570937,1
WRK-002299,1.0,0.1,0.9271965186128184,2
WRK-002300,0.6666666666666666,0.1,0.36662769722404764,0
WRK-002301,1.0,0.1,2.163538083497497,0
WRK-002302,1.0,0.1,212.7961256622604,3
WRK-002303,1.0,0.1,70.46191047386212,0
WRK-002304,1.0,0.1,3.0704857876724745,0
WRK-002305,1.0,0.1,3.497837417724057,0
WRK-002306,1.0,1.0,4.346076479025181,0
WRK-002307,1.0,1.0,38.92316640315448,0
WRK-002308,1.0,0.1,19.590774484837286,0
WRK-002309,1.0,0.1,18.569170602389512,0
WRK-002310,1.0,0.1,177.92671099767614,3
WRK-002311,1.0,0.1,12.197666225264177,1
WRK-002312,1.0,0.1,13.415575533049097,0
WRK-002313,1.0,0.1,5.423025443229371,2
WRK-002314,1.0,0.1,0.9212456187895858,1
WRK-002315,1.0,0.1,21.180808417590477,1
WRK-002316,1.0,0.1,229.06748888441456,5
WRK-002317,1.0,0.1,7.239562399137544,0
WRK-002318,1.0,0.1,35.52450047918697,1
WRK-002319,1.0,0.1,32.826461733390005,0
WRK-002320,1.0,0.1,26.317703353211765,0
WRK-002321,1.0,0.1,12.683338165523923,0
WRK-002322,1.0,0.1,96.69062178392184,0
WRK-002323,1.0,1.0,5.9044982429823865,0
WRK-002324,1.0,1.0,12.95161298192417,0
WRK-002325,1.0,0.1,39.07624496068821,1
WRK-002326,1.0,0.1,28.591761808815818,1
WRK-002327,1.0,0.1,13.85109435533688,0
WRK-002328,1.0,0.1,18.534618133965317,0
WRK-002329,1.0,0.1,33.389803991145,0
WRK-002330,1.0,0.1,12.406189074472442,0
WRK-002331,1.0,0.1,2.474995402631603,0
WRK-002332,1.0,0.1,5.00273926826532,1
WRK-002333,1.0,0.1,15.960713389839533,0
WRK-002334,1.0,0.1,1.061988655448578,0
WRK-002335,1.0,0.1,21.4878107944756,0
WRK-002336,1.0,0.1,1.704240481696551,0
WRK-002337,1.0,0.1,171.03325561671724,2
WRK-002338,1.0,0.1,20.6847489712742,0
WRK-002339,1.0,0.1,3.8626572724376116,0
WRK-002340,1.0,0.1,14.583744011664708,1
WRK-002341,1.0,0.1,111.71611239678981,1
WRK-002342,1.0,0.1,1.37698115369547,1
WRK-002343,1.0,0.1,19.64104800376956,0
WRK-002344,1.0,0.1,21.57889063637041,1
WRK-002345,1.0,0.1,22.024051993931963,0
WRK-002346,1.0,0.1,59.769859877880116,1
WRK-002347,1.0,0.1,25.280206393283486,0
WRK-002348,1.0,0.1,66.43030638887947,0
WRK-002349,1.0,0.1,14.023600876627913,0
WRK-002350,1.0,0.1,14.587849650202232,1
WRK-002351,1.0,0.1,73.2184589938997,0
WRK-002352,1.0,0.1,18.900792613792625,0
WRK-002353,1.0,0.1,6.765847349633511,1
WRK-002354,1.0,0.1,29.602620875636156,0
WRK-002355,1.0,0.1,20.4360844208681,1
WRK-002356,1.0,0.1,26.225160195506877,1
WRK-002357,1.0,0.1,18.844110735823485,0
WRK-002358,1.0,0.1,37.76931538970071,0
WRK-002359,1.0,0.1,9.877921655261792,2
WRK-002360,1.0,0.1,3.9010001560226923,0
WRK-002361,1.0,0.1,5.099015113279618,0
WRK-002362,1.0,0.1,25.72763536953344,0
WRK-002363,1.0,0.1,20.14160751946559,0
WRK-002364,1.0,0.1,62.25272077784335,0
WRK-002365,1.0,0.1,15.376053712994315,0
WRK-002366,1.0,0.1,6.533670464887605,0
WRK-002367,1.0,0.1,86.6563358030271,1
WRK-002368,1.0,0.1,52.52129887143283,0
WRK-002369,0.501002004008016,0.1,34.992257405554426,0
WRK-002370,3.1446540880503147,0.1,46.96103918774252,0
WRK-002371,2.0,0.1,10.773228996199727,0
WRK-002372,2.0,0.1,6.124768116488957,1
WRK-002373,2.0,0.1,8.313148207455395,0
WRK-002374,2.0,0.1,45.48390741419408,1
WRK-002375,1.002004008016032,0.1,30.863692144957675,0
WRK-002376,1.402805611222445,0.1,1.2848995930727551,0
WRK-002377,1.0,0.1,206.97223854384904,4
WRK-002378,1.002004008016032,0.1,7.079326914910979,0
WRK-002379,3.2,0.1,68.18267911405381,2
WRK-002380,2.0,0.1,32.02660767314861,0
WRK-002381,1.6032064128256514,0.1,22.970090437016815,0
WRK-002382,1.402805611222445,0.1,16.116244382561785,0
WRK-002383,1.402805611222445,0.1,4.349247451017829,0
WRK-002384,2.4,0.1,25.412697823371786,0
WRK-002385,1.002004008016032,0.1,15.861835321705563,0
WRK-002386,2.4,0.1,37.392244438184484,0
WRK-002387,4.0,0.1,8.53261502508668,0
WRK-002388,1.402805611222445,0.1,22.877461140824664,0
WRK-002389,1.002004008016032,0.1,2.2397244712681816,0
WRK-002390,1.0,0.1,4.849422520058069,1
WRK-002391,2.0,0.1,4.6622142015938435,0
WRK-002392,1.402805611222445,0.1,9.099903524539044,1
WRK-002393,1.402805611222445,0.1,41.97365255526819,0
WRK-002394,4.25531914893617,0.1,13.089101666098985,0
WRK-002395,0.501002004008016,0.1,15.588912998958174,0
WRK-002396,0.501002004008016,0.1,1.7360632195204404,0
WRK-002397,0.501002004008016,0.1,12.533769847848863,1
WRK-002398,3.111111111111111,0.34048507462686567,13.745230094812339,0
WRK-002399,0.2270952380952381,0.1,8.595385314700383,0
WRK-002400,3.5,0.1,22.10824003768231,1
WRK-002401,4.2,0.1,14.217983567376857,0
WRK-002402,0.5555555555555556,0.1,3.702189350741041,0
WRK-002403,0.7304761904761905,0.1,18.845367129550162,0
WRK-002404,0.5904761904761905,0.1,14.485035722461252,0
WRK-002405,0.3027936507936508,0.1,8.58533605301682,0
WRK-002406,0.2270952380952381,0.1,0.5571450624992701,0
WRK-002407,1.0,0.1,10.992631027122982,1
WRK-002408,1.0,0.1,49.90461676396315,1
WRK-002409,1.0,0.1,37.268631780833466,0
WRK-002410,3.1446540880503147,0.1,17.766186793187323,2
WRK-002411,1.002004008016032,0.1,4.339370804617922,0
WRK-002412,2.0,0.1,30.359560884192426,1
WRK-002413,1.8,1.0,34.83057977535622,0
WRK-002414,2.2311468094600624,0.34048507462686567,0.9773486644012725,0
WRK-002415,1.1155734047300312,1.0,52.91204402913398,0
WRK-002416,1.4285714285714286,0.11194029850746269,55.99781088503753,0
WRK-002417,2.2311468094600624,0.1,5.104796906266035,0
WRK-002418,1.78491744756805,0.34048507462686567,8.98546923925445,0
WRK-002419,1.359,0.251865671641791,1.4412457948591626,0
WRK-002420,0.25150602409638556,1.0,33.092864417300774,0
WRK-002421,1.002004008016032,0.1,14.97531517769383,0
WRK-002422,1.0,1.0,25.304317362593316,0
WRK-002423,1.0,1.0,21.781170011447884,0
WRK-002424,1.0,1.0,27.731790688394074,0
WRK-002425,1.0,1.0,12.598772050293203,1
WRK-002426,1.0,1.0,5.94093366394154,0
WRK-002427,1.0,1.0,11.88931478842643,0
WRK-002428,1.0,1.0,3.5149069911939024,0
WRK-002429,1.0,1.0,84.57247389623929,0
WRK-002430,1.0,1.0,11.157715132702808,0
WRK-002431,1.0,1.0,6.592495723751943,0
WRK-002432,1.0,1.0,9.006406166116893,0
WRK-002433,1.0,1.0,9.564056305808755,0
WRK-002434,1.0,1.0,14.148203663210918,0
WRK-002435,0.4,0.1,14.222754133488237,0
WRK-002436,1.0,1.0,7.150478590355442,0
WRK-002437,1.0,1.0,14.444811793142133,0
WRK-002438,1.0639569635385535,0.055970149253731345,81.73746162689818,0
WRK-002439,0.7521097046413502,0.16791044776119404,2.609477203357506,0
WRK-002440,1.402805611222445,0.1,4.27104193141327,0
WRK-002441,1.6032064128256514,0.1,244.68069210766342,4
WRK-002442,0.5,0.1,34.50119749364743,0
WRK-002443,1.0,1.0,68.00392591818931,0
WRK-002444,1.0,1.0,24.921786287198483,0
WRK-002445,0.2,1.0,41.75975548330584,0
WRK-002446,1.0,1.0,141.88945908785672,2
WRK-002447,1.0,1.0,39.88109940884482,0
WRK-002448,1.0,1.0,16.624875978745436,0
WRK-002449,1.0,0.1,43.41052344345861,3
WRK-002450,0.35714285714285715,0.1,18.908994253225902,0
WRK-002451,0.35714285714285715,0.1,0.16495389220119022,0
WRK-002452,1.0,0.1,7.698420459922126,1
WRK-002453,0.25150602409638556,1.0,4.634569827317703,0
WRK-002454,0.25150602409638556,1.0,27.653148502064585,0
WRK-002455,0.25150602409638556,1.0,140.58564444297264,5
WRK-002456,0.25150602409638556,1.0,7.3230206147346735,0
WRK-002457,0.17827004219409281,0.16775396085740912,10.811376707239024,0
WRK-002458,6.380277286850887,0.1,4.9933469101141466,1
WRK-002459,1.3523206751054853,0.16775396085740912,4.53521686946391,1
WRK-002460,0.8116883116883117,0.1,2.178178680162926,0
WRK-002461,0.8116883116883117,0.1,14.961921427108969,1
WRK-002462,0.8116883116883117,0.1,6.3385459817827865,0
WRK-002463,0.8116883116883117,0.1,12.277283501905522,0
WRK-002464,3.0,0.1,17.1100599864353,0
WRK-002465,6.158899609936358,0.3401677539608574,17.8452573384063,1
WRK-002466,0.8116883116883117,0.1,4.806034341663472,0
WRK-002467,0.8116883116883117,0.1,7.230942523244171,0
WRK-002468,1.7142857142857142,0.13979496738117428,0.28609299152405027,1
WRK-002469,0.8888888888888888,1.0,10.764237349759853,0
WRK-002470,2.2222222222222223,1.0,27.798912121024905,0
WRK-002471,2.2222222222222223,1.0,0.7418834129781664,0
WRK-002472,1.6265822784810127,0.1,36.389556424798236,1
WRK-002473,1.0,1.0,45.475964972061,0
WRK-002474,0.7166666666666667,0.1,16.743361101526432,1
WRK-002475,0.8888888888888888,0.1,36.47342364732819,0
WRK-002476,0.8888888888888888,0.1,12.37709548336455,0
WRK-002477,0.8955758552749418,1.0,6.588013442224611,0
WRK-002478,0.8955758552749418,1.0,1.2674395697731238,0
WRK-002479,0.8955758552749418,1.0,1.0179336525572413,0
WRK-002480,0.8955758552749418,1.0,36.68559296934339,0
WRK-002481,1.002004008016032,0.1,124.81594683720645,4
WRK-002482,1.0,0.1,15.82940051364179,0
WRK-002483,1.002004008016032,0.1,173.92523601084014,4
WRK-002484,0.5,0.1,20.511388157557153,1
WRK-002485,1.002004008016032,0.1,33.56695962366672,0
WRK-002486,1.002004008016032,0.1,18.898769832284863,1
WRK-002487,1.2024048096192386,0.1,18.052939433488085,0
WRK-002488,1.2024048096192386,0.1,8.527611557036504,1
WRK-002489,2.0,0.1,18.82553866436113,0
WRK-002490,1.002004008016032,0.1,6.0114618070772785,0
WRK-002491,0.6012024048096193,0.1,1.148183929646285,2
WRK-002492,0.9333333333333333,1.0,15.349536533444736,0
WRK-002493,1.0,0.1,1.9714339168390675,0
WRK-002494,1.0,0.1,11.368336161782791,0
WRK-002495,2.2222222222222223,0.1,0.44131661295208335,0
WRK-002496,1.0,1.0,19.08260230709298,0
WRK-002497,0.9,0.2516309412861137,7.569049768717445,0
WRK-002498,1.0,1.0,2.652753226418638,0
WRK-002499,1.0,1.0,10.699178310800177,0
WRK-002500,1.0,1.0,10.070676207503766,0
WRK-002501,1.0,1.0,29.49729381846153,0
WRK-002502,0.6857142857142857,1.0,50.4390928726979,0
WRK-002503,1.0,1.0,28.172579791987165,0
WRK-002504,0.646761,0.1,2.549636332072213,0
WRK-002505,1.0,1.0,5.358968470663395,0
WRK-002506,1.0,1.0,126.78746025276749,0
WRK-002507,1.0,1.0,10.438981873226838,1
WRK-002508,1.0,1.0,10.182927227077299,1
WRK-002509,0.6666666666666666,0.1,33.6612873585002,1
WRK-002510,0.4,1.0,155.77050769258173,5
WRK-002511,0.4,1.0,2.801909508464881,0
WRK-002512,3.984,0.3398510242085661,18.03809519810218,0
WRK-002513,0.7014028056112225,0.1,139.62665550174785,4
WRK-002514,0.2,0.1,36.352916076461355,0
WRK-002515,0.2,0.1,1.5707412927373812,1
WRK-002516,0.2,0.1,15.347231015198123,0
WRK-002517,0.2,0.1,41.59397835030678,1
WRK-002518,0.2,0.1,11.655290392589944,0
WRK-002519,0.2,0.1,24.85733193801877,0
WRK-002520,0.2,0.1,17.73889601199909,0
WRK-002521,0.2,0.1,40.00249991834826,1
WRK-002522,0.2,0.1,61.190956941741206,0
WRK-002523,0.2,0.1,25.279662788827032,0
WRK-002524,0.2,0.1,51.817190343849674,0
WRK-002525,0.2,0.1,8.656494794286658,0
WRK-002526,0.2,0.1,15.780004942899964,0
WRK-002527,1.0,0.1,11.943309676083068,0
WRK-002528,1.2,0.1,53.484947556265084,0
WRK-002529,1.0,1.0,34.012130449949645,0
WRK-002530,1.0,1.0,7.497119406484071,1
WRK-002531,1.0,1.0,9.378787782805066,0
WRK-002532,1.0,1.0,63.0779504481334,1
WRK-002533,1.0,0.1,5.515095850407926,0
WRK-002534,1.0,1.0,10.19080550645816,2
WRK-002535,1.0,1.0,9.128628582735121,0
WRK-002536,1.0,1.0,0.5395445061875099,2
WRK-002537,1.0,1.0,17.8500825611695,0
WRK-002538,0.2,0.1,10.768910915272421,0
WRK-002539,0.2,0.1,2.639110729931477,1
WRK-002540,0.2,0.1,0.35060170072241237,0
WRK-002541,0.2,0.1,11.027297201135454,0
WRK-002542,0.2,0.1,34.3613622763992,0
WRK-002543,0.2,0.1,30.867350615219316,0
WRK-002544,0.2,0.1,5.437787899579847,0
WRK-002545,1.0,1.0,7.22187940678025,0
WRK-002546,1.0,1.0,13.290647848169872,0
WRK-002547,1.0,1.0,1.9123213242131119,1
WRK-002548,1.0,1.0,20.416147944944512,0
WRK-002549,1.0,1.0,5.954235220309697,1
WRK-002550,1.0,1.0,42.58642180910086,0
WRK-002551,1.1117752540346684,0.1,20.88332347310432,0
WRK-002552,1.0,0.1,7.476978719721097,1
WRK-002553,1.1117752540346684,0.1,33.143373143291434,0
WRK-002554,1.1117752540346684,0.1,45.733143865821795,0
WRK-002555,1.1117752540346684,0.1,15.68692029038836,0
WRK-002556,1.1117752540346684,0.1,6.425176458162566,0
WRK-002557,1.1117752540346684,0.1,66.40513104409764,0
WRK-002558,0.4,0.1,40.44570063207335,0
WRK-002559,0.4,0.1,48.7923398538966,0
WRK-002560,1.0,0.1,22.34770040288437,0
WRK-002561,1.0,0.1,20.890781714469533,0
WRK-002562,1.1117752540346684,0.1,23.812985921196983,1
WRK-002563,1.250936329588015,0.1,3.6041603388772363,0
WRK-002564,0.9303190994511117,0.1,18.74929873982383,0
WRK-002565,0.6047074146432226,0.1,3.811629653862634,0
WRK-002566,0.8906666666666667,0.1,5.950501104908997,0
WRK-002567,1.75,0.1,7.90656715592303,1
WRK-002568,1.0,0.1,28.94196835819573,0
WRK-002569,1.25,0.1,291.68248220541517,5
WRK-002570,0.6047074146432226,0.1,14.367880592177503,0
WRK-002571,0.616,0.1,21.536848653779455,2
WRK-002572,1.0,0.1,14.273104883537869,0
WRK-002573,1.4285714285714286,0.1,25.20826719730617,0
WRK-002574,2.0917001338688084,0.1,1.5419826560038044,0
WRK-002575,1.394466755912539,0.1,10.18156353084285,1
WRK-002576,1.394466755912539,0.1,14.918422256790816,0
WRK-002577,0.8366800535475234,0.1,2.3337635074884844,0
WRK-002578,0.5577867023650156,0.1,12.290509299613472,0
WRK-002579,0.8366800535475234,0.1,12.534264121942444,0
WRK-002580,2.2311468094600624,0.1,24.58567348527618,0
WRK-002581,1.1117752540346684,0.1,7.876817740390788,0
WRK-002582,1.1117752540346684,0.1,21.94746294236252,2
WRK-002583,0.88,1.0,27.3442248099995,0
WRK-002584,1.0,1.0,23.59392766041187,0
WRK-002585,1.1117752540346684,0.1,269.1801088808121,4
WRK-002586,0.96,1.0,120.749590968186,3
WRK-002587,0.96,1.0,24.028396344292272,1
WRK-002588,1.1117752540346684,0.1,7.8004351484092,0
WRK-002589,1.1117752540346684,0.1,5.322366273534343,0
WRK-002590,1.1117752540346684,0.1,7.48462568162844,0
WRK-002591,3.397961745367603,0.1,3.464579040333082,1
WRK-002592,3.397961745367603,0.1,16.4149196279641,0
WRK-002593,3.397961745367603,0.1,14.835202707340525,1
WRK-002594,3.397961745367603,0.1,11.892294875050329,0
WRK-002595,3.397961745367603,0.1,7.010468151111721,0
WRK-002596,0.6,0.1,2.1741143263648772,0
WRK-002597,1.1117752540346684,0.1,45.77023431139153,0
WRK-002598,1.1117752540346684,0.1,17.076956474250327,1
WRK-002599,1.1117752540346684,0.1,30.36636922874226,0
WRK-002600,1.1117752540346684,0.1,35.7703316240545,1
WRK-002601,1.1117752540346684,0.1,30.56105362930346,0
WRK-002602,1.1117752540346684,0.1,11.120153015927052,0
WRK-002603,1.1117752540346684,0.1,19.976270661982742,0
WRK-002604,1.1117752540346684,0.1,0.9126985540545101,0
WRK-002605,1.1117752540346684,0.1,34.09489728514688,0
WRK-002606,1.1117752540346684,0.1,47.587540373696655,0
WRK-002607,1.1117752540346684,0.1,54.75037446541147,0
WRK-002608,1.1117752540346684,0.1,5.560585308128897,0
WRK-002609,1.1117752540346684,0.1,4.982159638871304,0
WRK-002610,1.1117752540346684,0.1,13.687371722903388,0
WRK-002611,1.1117752540346684,0.1,253.4022276477279,5
WRK-002612,1.1117752540346684,0.1,18.395613615700864,0
WRK-002613,1.1117752540346684,0.1,39.970141272779564,0
WRK-002614,1.1117752540346684,0.1,15.115367000784447,0
WRK-002615,1.1117752540346684,0.1,14.542037723205079,0
WRK-002616,1.1117752540346684,0.1,15.52589507134115,0
WRK-002617,1.1117752540346684,0.1,11.339824734659361,0
WRK-002618,1.1117752540346684,0.1,10.992248406397575,0
WRK-002619,1.1117752540346684,0.1,7.730312267364497,0
WRK-002620,1.1117752540346684,0.1,3.037977904960403,0
WRK-002621,1.1117752540346684,0.1,6.134092895732682,1
WRK-002622,1.1117752540346684,0.1,3.01238292162099,1
WRK-002623,1.1117752540346684,0.1,13.374046278844254,0
WRK-002624,1.1117752540346684,0.1,73.15019142175981,0
WRK-002625,1.1117752540346684,0.1,17.631605486327484,0
WRK-002626,1.1117752540346684,0.1,15.739337557357802,1
WRK-002627,1.1117752540346684,0.1,16.375123614586002,1
WRK-002628,1.1117752540346684,0.1,4.969411579836128,0
WRK-002629,1.1117752540346684,0.1,13.301350633812854,0
WRK-002630,1.1117752540346684,0.1,4.576768114544092,0
WRK-002631,1.1117752540346684,0.1,21.88766250805339,0
WRK-002632,1.1117752540346684,0.1,37.01683886145213,1
WRK-002633,1.1117752540346684,0.1,4.953157855267027,2
WRK-002634,1.1117752540346684,0.1,54.619975645385985,0
WRK-002635,1.1117752540346684,0.1,44.409868613249444,0
WRK-002636,1.1117752540346684,0.1,0.03540058022080278,0
WRK-002637,1.1117752540346684,0.1,8.966908000884295,3
WRK-002638,1.1117752540346684,0.1,4.291786518376697,0
WRK-002639,1.1117752540346684,0.1,3.402491931993941,0
WRK-002640,1.1117752540346684,0.1,35.248234058384526,1
WRK-002641,1.1117752540346684,0.1,25.142084887394955,0
WRK-002642,1.1117752540346684,0.1,13.24826624241734,0
WRK-002643,1.1117752540346684,0.1,32.60775726537711,0
WRK-002644,1.1117752540346684,0.1,28.991527531186208,0
WRK-002645,1.1117752540346684,0.1,1.899941756014438,0
WRK-002646,1.1117752540346684,0.1,1.6692082470645129,1
WRK-002647,1.1117752540346684,0.1,134.80421250567494,3
WRK-002648,1.1117752540346684,0.1,206.50002953020166,5
WRK-002649,1.1117752540346684,0.1,37.7496526804847,1
WRK-002650,1.1117752540346684,0.1,20.706273661403443,0
WRK-002651,1.1117752540346684,0.1,25.56611932481898,0
WRK-002652,1.1117752540346684,0.1,10.66333475625328,0
WRK-002653,1.1117752540346684,0.1,6.235820725365534,0
WRK-002654,1.1117752540346684,0.1,8.15950041751217,1
WRK-002655,1.1117752540346684,0.1,2.519953863149243,0
WRK-002656,1.1117752540346684,0.1,8.531794623378115,0
WRK-002657,1.1117752540346684,0.1,23.4690962064342,1
WRK-002658,1.1117752540346684,0.1,41.3316415552411,0
WRK-002659,1.1117752540346684,0.1,1.2733807029085016,0
WRK-002660,1.1117752540346684,0.1,39.50407776347162,0
WRK-002661,1.1117752540346684,0.1,61.01851051766236,0
WRK-002662,1.1117752540346684,0.1,52.59672342905171,0
WRK-002663,1.1117752540346684,0.1,164.77640533803742,5
WRK-002664,1.0,1.0,39.377635083304334,0
WRK-002665,2.0,0.1,28.69752809237015,1
WRK-002666,1.062124248496994,0.1,15.20021087514447,0
WRK-002667,3.2,1.0,16.67445229067659,1
WRK-002668,2.0,0.1,3.53757214535346,0
WRK-002669,2.0,0.1,34.626041921759885,0
WRK-002670,0.501002004008016,0.1,1.5934567159531843,0
WRK-002671,0.4,0.3395348837209302,23.02628508782444,0
WRK-002672,3.2,0.1,77.4505212637864,0
WRK-002673,2.2,0.1,133.7540548518416,4
WRK-002674,1.2024048096192386,0.1,16.159644296035506,1
WRK-002675,0.6,0.1,9.518814543624309,2
WRK-002676,2.5157232704402515,0.1,37.75607580902015,0
WRK-002677,2.0,0.1,1.891751554850545,0
WRK-002678,1.4285714285714286,0.1,13.518883343794636,0
WRK-002679,1.0,0.1,29.82043614389156,0
WRK-002680,1.0,1.0,8.180552664756581,0
WRK-002681,1.0,0.1,9.8759218208664,0
WRK-002682,2.0,1.0,1.8514415274530571,0
WRK-002683,1.2,0.1,3.2366242993441934,0
WRK-002684,0.8016032064128257,0.16744186046511628,0.593292874958389,0
WRK-002685,1.0,0.1,8.559969916861544,2
WRK-002686,0.4219409282700422,0.1,14.713120609428668,0
WRK-002687,1.6032064128256514,0.1,7.955055553943588,1
WRK-002688,1.002004008016032,0.1,131.63240618778872,3
WRK-002689,13.20754716981132,0.1,23.113804651568163,0
WRK-002690,0.7995991983967936,0.1,55.33546579416413,0
WRK-002691,0.4,0.1,15.06029910940933,0
WRK-002692,0.625,0.1,15.754232784310055,0
WRK-002693,0.6,0.1,6.660764242964532,0
WRK-002694,1.1155734047300312,1.0,9.346629532881567,1
WRK-002695,0.02,0.1,8.239623110185933,0
WRK-002696,0.02,0.11152416356877323,61.292651490492815,0
WRK-002697,1.1155734047300312,0.1,24.842997696642627,0
WRK-002698,1.1155734047300312,0.3392193308550186,30.701495519541176,0
WRK-002699,1.3386880856760375,0.3392193308550186,260.3956316914469,5
WRK-002700,1.3386880856760375,0.3392193308550186,34.58425690530478,0
WRK-002701,0.31063829787234043,0.1,11.6351271493884,1
WRK-002702,0.723404255319149,0.1,2.9802338173132576,0
WRK-002703,0.4595744680851064,0.1,20.508739498991964,1
WRK-002704,1.3386880856760375,1.0,3.190205673912682,0
WRK-002705,0.02,1.0,12.081132847266698,0
WRK-002706,1.1155734047300312,0.3392193308550186,2.6382265308415653,1
WRK-002707,2.0,0.1,15.76350698725659,0
WRK-002708,1.0,0.1,4.519835133249758,1
WRK-002709,2.0,0.1,4.820168024945295,1
WRK-002710,8.0,0.1,3.2450053638656895,0
WRK-002711,0.8438818565400844,0.1,0.8442757424726728,0
WRK-002712,1.4285714285714286,0.1,2.6794188426119603,1
WRK-002713,1.4285714285714286,0.1,29.806100340073392,0
WRK-002714,0.8438818565400844,0.1,9.438626482251264,0
WRK-002715,0.6329113924050633,0.1,35.77234776623302,0
WRK-002716,0.8438818565400844,0.1,53.405592396323186,0
WRK-002717,0.8438818565400844,0.1,57.89056859487857,0
WRK-002718,1.0548523206751055,0.1,147.2836461932106,2
WRK-002719,0.8438818565400844,0.1,15.66714292852215,0
WRK-002720,0.7383966244725738,0.1,2.1383590550126295,0
WRK-002721,1.0548523206751055,0.1,42.49454844883126,0
WRK-002722,0.8438818565400844,0.1,30.36628340877682,0
WRK-002723,0.8438818565400844,0.1,8.97467518498061,0
WRK-002724,1.0548523206751055,0.1,9.832349339651543,0
WRK-002725,1.0548523206751055,0.1,16.24080046179733,1
WRK-002726,5.035500276952515,0.1,23.440479423290842,1
WRK-002727,0.5813953488372093,0.1,37.19036468295433,0
WRK-002728,2.004008016032064,0.1,2.316689907746976,1
WRK-002729,1.375,0.1,201.01043495325206,2
WRK-002730,0.8,0.1,9.583394489527526,0
WRK-002731,1.25,0.1,6.390103515593158,0
WRK-002732,0.1,0.1,24.603593420773873,1
WRK-002733,0.7304761904761905,0.1,10.278539974804715,0
WRK-002734,0.1323943661971831,1.0,28.260331912462732,0
WRK-002735,1.0,0.1,35.04415090993278,0
WRK-002736,0.8235294117647058,0.1,9.466996900543176,1
WRK-002737,6.25,0.16728624535315986,0.33944625669272743,1
WRK-002738,1.125,0.16728624535315986,70.5132584098379,0
WRK-002739,0.6,0.1,24.45336032181416,0
WRK-002740,0.1195457262402869,0.1,45.41452946855455,0
WRK-002741,2.5,0.1,1.8971828604764909,0
WRK-002742,1.0,0.1,2.7865813596900386,0
WRK-002743,1.0,0.1,1.2325274762095537,0
WRK-002744,0.4,0.1,4.915049843325989,1
WRK-002745,1.25,0.1,0.17632390280752533,0
WRK-002746,0.75,0.1,41.94600926565091,0
WRK-002747,4.75,0.1,7.554427880397823,0
WRK-002748,1.0,0.1,168.7857444804401,5
WRK-002749,1.0,0.1,35.733346872617076,0
WRK-002750,0.1195457262402869,0.1,35.44546818629276,0
WRK-002751,0.1195457262402869,0.1,13.258140811514878,0
WRK-002752,0.1195457262402869,0.1,70.4138606408321,0
WRK-002753,0.1195457262402869,0.1,44.32086798941409,0
WRK-002754,0.1195457262402869,0.1,63.878723353290674,1
WRK-002755,0.1195457262402869,0.1,17.709305476646332,0
WRK-002756,0.1195457262402869,0.1,40.86839293374226,0
WRK-002757,0.1195457262402869,0.1,12.27302851790505,0
WRK-002758,0.1195457262402869,0.1,26.471607448166132,0
WRK-002759,0.1195457262402869,0.1,24.05210537137904,0
WRK-002760,0.1195457262402869,0.1,1.4856091626782553,1
WRK-002761,0.1195457262402869,0.1,4.500681774218948,0
WRK-002762,0.75,0.1,30.98553602775643,0
WRK-002763,0.1195457262402869,0.1,0.5268166002361762,0
WRK-002764,0.1195457262402869,0.1,29.295878017892242,0
WRK-002765,0.1195457262402869,0.1,17.64578813722817,0
WRK-002766,0.1195457262402869,0.1,94.0816562132921,0
WRK-002767,0.1195457262402869,0.1,0.6881628406785758,0
WRK-002768,0.1195457262402869,0.1,14.470716451783872,0
WRK-002769,0.1195457262402869,0.1,63.543106477748836,0
WRK-002770,0.1195457262402869,0.1,0.174060896844363,0
WRK-002771,0.1195457262402869,0.1,21.297651544828753,0
WRK-002772,0.1195457262402869,0.1,8.6475170315387,1
WRK-002773,1.0,0.1,5.810736005147874,0
WRK-002774,0.625,0.1,27.120824537502216,1
WRK-002775,1.4285714285714286,0.33890436397400187,12.52140363491723,0
WRK-002776,1.4285714285714286,0.33890436397400187,17.019392628915014,0
WRK-002777,0.40080160320641284,0.1,0.00376115897980942,0
WRK-002778,0.2,1.0,15.646097316739343,0
WRK-002779,0.8016032064128257,0.1,1.5968357677892069,0
WRK-002780,0.2,0.1,13.156843374381005,1
WRK-002781,0.40080160320641284,0.1,1.7935448238792646,0
WRK-002782,0.8,0.1,22.01204632765782,0
WRK-002783,1.2578616352201257,0.1,3.7857119385011497,0
WRK-002784,0.40080160320641284,0.1,0.5432752040445531,0
WRK-002785,0.8,0.1,34.11843671837207,0
WRK-002786,0.8,0.1,4.886502356327812,0
WRK-002787,3.7777777777777777,0.1,0.16200411112435562,0
WRK-002788,0.40080160320641284,0.1,23.91514532564056,1
WRK-002789,0.1592946802151823,1.0,14.91859352840094,0
WRK-002790,0.1592946802151823,1.0,18.895841470869748,0
WRK-002791,0.1592946802151823,1.0,41.071823242554004,0
WRK-002792,0.8,0.1,4.049508427114748,0
WRK-002793,0.8,0.1,5.662395038693825,0
WRK-002794,0.9753480773451025,0.1,27.497005456076984,0
WRK-002795,0.8,0.1,9.058439962737129,1
WRK-002796,0.9753480773451025,0.1,5.883448084335691,0
WRK-002797,0.40080160320641284,0.1,33.504584819619325,0
WRK-002798,0.8,0.1,8.64251723288281,0
WRK-002799,0.40080160320641284,0.1,8.333590979925605,0
WRK-002800,0.6380277286850886,0.1,58.53701499756767,1
WRK-002801,0.2,0.1,0.334694308015019,0
WRK-002802,0.40080160320641284,0.1,60.0793432143045,1
WRK-002803,0.8,0.1,8.069860905302347,0
WRK-002804,0.40080160320641284,0.1,65.43131177052021,0
WRK-002805,0.8,0.1,2.770418277247844,0
WRK-002806,0.8,0.1,17.159270595663536,0
WRK-002807,0.40080160320641284,0.1,26.838241562273883,1
WRK-002808,1.2760554573701772,0.1,27.83920710433523,0
WRK-002809,0.8,0.1,1.9185195231153138,0
WRK-002810,1.2760554573701772,0.1,1.8147428546902655,0
WRK-002811,0.8,0.1,19.341298341167636,0
WRK-002812,0.8,0.1,234.01681871666062,3
WRK-002813,0.8,0.1,32.21861544921242,0
WRK-002814,0.8,0.1,37.570905034265465,0
WRK-002815,0.40080160320641284,0.1,3.0595947684808067,0
WRK-002816,0.8,0.1,29.31784815264539,0
WRK-002817,1.2760554573701772,0.1,0.9978669509197973,1
WRK-002818,0.7164606842199535,0.1,62.790109269043256,1
WRK-002819,0.8,0.1,14.749384133006524,0
WRK-002820,0.8,0.1,26.340285922201314,0
WRK-002821,0.8,0.1,26.065607895397388,1
WRK-002822,0.8,0.1,21.42298685787845,0
WRK-002823,0.8,0.1,17.837059977232336,0
WRK-002824,0.8,0.1,0.5701923591358803,0
WRK-002825,0.8,0.1,40.19464711862301,0
WRK-002826,0.8,0.1,18.450617875466,2
WRK-002827,0.8,0.1,5.728683940178665,0
WRK-002828,1.4285714285714286,0.1,8.457995216756016,1
WRK-002829,0.2,0.1,8.982636491609956,1
WRK-002830,2.4383701933627564,0.1,1.3349544488248453,1
WRK-002831,0.6,0.1,4.174889869044956,0
WRK-002832,0.20040080160320642,0.1,0.4054471500576922,0
WRK-002833,1.002004008016032,0.1,17.899329562890095,0
WRK-002834,1.002004008016032,0.1,10.73430951830428,0
WRK-002835,1.0,0.16697588126159554,63.93618506023084,1
WRK-002836,2.0,0.1,5.425368117423889,0
WRK-002837,1.4285714285714286,0.3382761816496756,17.151616171061118,0
WRK-002838,1.1428571428571428,0.1,1.3813827859340448,1
WRK-002839,1.0,0.1,7.20412919393465,1
WRK-002840,0.1592946802151823,1.0,18.935677260323057,0
WRK-002841,0.1592946802151823,1.0,60.60386087181076,1
WRK-002842,0.1592946802151823,1.0,65.37625079975477,0
WRK-002843,0.1592946802151823,1.0,0.9968097910779186,0
WRK-002844,0.7654569304766069,0.1,19.439230075207178,0
WRK-002845,1.2142857142857142,0.1,5.05444268116216,0
WRK-002846,1.0,0.1,41.822658982327425,0
WRK-002847,0.1195457262402869,0.1,26.771876113043454,0
WRK-002848,0.1195457262402869,0.1,4.705046246790868,1
WRK-002849,0.1195457262402869,0.1,9.845306666059916,0
WRK-002850,0.5714285714285714,0.1,0.15712845415951746,0
WRK-002851,0.5714285714285714,0.1,10.396368821254525,0
WRK-002852,0.5714285714285714,0.1,15.79617891142056,1
WRK-002853,0.5714285714285714,0.1,12.914973414596835,0
WRK-002854,0.5714285714285714,0.1,25.993392008719752,0
WRK-002855,0.5714285714285714,0.1,2.9535694322917836,0
WRK-002856,1.0,0.1,35.191142788271726,0
WRK-002857,1.0,0.1,9.457644540585067,0
WRK-002858,1.0,0.1,9.850027606650752,0
WRK-002859,1.0,0.1,7.047562979033234,1
WRK-002860,0.5,0.1,125.93867318403471,5
WRK-002861,0.5,0.1,10.28755444643948,0
WRK-002862,1.0,0.1,198.24716928464252,5
WRK-002863,1.0,0.1,20.105900024393783,0
WRK-002864,0.5714285714285714,0.1,20.306390262715553,1
WRK-002865,1.0,0.1,7.963667802462108,0
WRK-002866,0.5714285714285714,0.1,38.45552066427353,0
WRK-002867,0.40580168776371306,0.1,9.607911355632982,0
WRK-002868,1.0,0.1,25.965777279377527,0
WRK-002869,1.0,0.1,6.989175095239708,0
WRK-002870,1.0,0.1,30.42888614715058,1
WRK-002871,1.0,0.1,29.593120290462778,1
WRK-002872,0.6047074146432226,0.1,25.24596751387581,0
WRK-002873,1.0,0.1,31.96973827810079,0
WRK-002874,1.0,0.1,17.12916350806943,0
WRK-002875,1.2,0.1,4.082288384219682,0
WRK-002876,1.0,0.1,14.247867734097603,0
WRK-002877,2.0,0.1,4.736031250861119,0
WRK-002878,1.002004008016032,0.1,19.180928338677308,0
WRK-002879,1.0,0.1,266.2644416773735,5
WRK-002880,1.0,0.1,16.863774791674324,1
WRK-002881,7.7,0.1,3.148935120946655,0
WRK-002882,1.368421052631579,1.0,17.750911216825504,0
WRK-002883,1.0,0.1,260.143261779641,2
WRK-002884,8.83,0.16666666666666666,22.957153939767522,0
WRK-002885,0.40816326530612246,1.0,7.341905180580524,0
WRK-002886,5.0,0.1,5.449889351256731,0
WRK-002887,0.30060120240480964,0.1,10.816593256751876,0
WRK-002888,0.8016032064128257,0.1,14.3045804717564,1
WRK-002889,0.1195457262402869,0.1,18.598219331161474,0
WRK-002890,0.1195457262402869,0.1,5.820499767166105,0
WRK-002891,0.30060120240480964,0.1,20.068373446487705,0
WRK-002892,1.2537244868661992,0.1,3.660377452488319,0
WRK-002893,0.1195457262402869,0.1,51.99115155005566,1
WRK-002894,0.1195457262402869,0.1,294.6721663602401,5
WRK-002895,0.669620253164557,0.1,12.960014675665981,0
WRK-002896,0.1195457262402869,0.1,22.90978249604118,0
WRK-002897,0.1195457262402869,0.1,3.3909647455729237,0
WRK-002898,0.1195457262402869,0.1,39.112815141142,1
WRK-002899,0.1195457262402869,0.1,46.29097802031338,0
WRK-002900,0.1195457262402869,0.1,4.317961672706061,1
WRK-002901,0.1195457262402869,0.1,0.7686621558720044,1
WRK-002902,0.1195457262402869,0.1,8.759672820643294,0
WRK-002903,0.1195457262402869,0.1,22.141683481715365,0
WRK-002904,0.1195457262402869,0.1,71.64586628063427,0
WRK-002905,0.1195457262402869,0.1,8.145308984939062,0
WRK-002906,0.1195457262402869,0.1,7.977065350582425,0
WRK-002907,0.1195457262402869,0.1,2.5458287850414107,0
WRK-002908,0.1195457262402869,0.1,40.37241900526337,1
WRK-002909,0.1195457262402869,0.1,62.32539144429378,0
WRK-002910,0.1195457262402869,0.1,1.4432134803370302,0
WRK-002911,0.1195457262402869,0.1,1.895187310778288,0
WRK-002912,0.1195457262402869,0.1,6.080626542556389,0
WRK-002913,0.1195457262402869,0.1,191.7594271491705,4
WRK-002914,0.5714285714285714,0.1,96.18223812950885,0
WRK-002915,0.1195457262402869,0.1,8.705340824326186,0
WRK-002916,0.5714285714285714,0.1,27.956655830554737,0
WRK-002917,1.71,0.1,17.89024730955527,0
WRK-002918,0.6075949367088608,0.1,4.8630126847146276,0
WRK-002919,0.694831223628692,0.1,15.86294722291407,0
WRK-002920,0.7571729957805907,0.1,58.218159383806345,0
WRK-002921,0.5714285714285714,0.1,28.6313136202771,0
WRK-002922,0.5714285714285714,0.1,299.5073684561138,5
WRK-002923,0.1195457262402869,0.1,27.390113694720885,0
WRK-002924,0.1195457262402869,0.1,3.0179990206932743,0
WRK-002925,0.1195457262402869,0.1,14.220157356581604,1
WRK-002926,0.1195457262402869,0.1,23.2601544612081,0
WRK-002927,0.1195457262402869,0.1,15.056347612133942,1
WRK-002928,0.1195457262402869,0.1,0.21521051223231003,0
WRK-002929,0.1195457262402869,0.1,1.8770572309674092,0
WRK-002930,0.1195457262402869,0.1,46.91821427026251,1
WRK-002931,3.0,0.1,28.361455927422238,0
WRK-002932,1.0,0.1,27.092944387104303,1
WRK-002933,2.0,0.1,43.18742253973855,1
WRK-002934,1.0,1.0,24.253908329185062,1
WRK-002935,0.6825,1.0,75.76529848080553,0
WRK-002936,1.0,0.1,47.0612456376264,1
WRK-002937,1.0,0.1,6.343659768621413,0
WRK-002938,3.8,0.1,8.253321624469569,0
WRK-002939,2.404809619238477,0.1,14.881590015742631,1
WRK-002940,1.4996,0.1,6.169349072015614,1
WRK-002941,0.6825,0.05555555555555555,39.12502441508745,0
WRK-002942,0.631682,0.1,3.8588153423970044,0
WRK-002943,0.1195457262402869,0.1,164.34656567101914,4
WRK-002944,0.1195457262402869,0.1,27.34678588058724,0
WRK-002945,0.1195457262402869,0.1,17.873017055863855,0
WRK-002946,0.1195457262402869,0.1,5.899724240622697,2
WRK-002947,0.1195457262402869,0.1,13.709527166036741,0
WRK-002948,0.1195457262402869,0.1,161.5868812090934,3
WRK-002949,0.1195457262402869,0.1,14.59860131068925,0
WRK-002950,0.1195457262402869,0.1,16.17983383320658,1
WRK-002951,0.1195457262402869,0.1,13.919347213729495,0
WRK-002952,0.1195457262402869,0.1,15.782372546311858,0
WRK-002953,0.1195457262402869,0.1,5.639791044442857,0
WRK-002954,0.1195457262402869,0.1,67.54426142130296,0
WRK-002955,0.1195457262402869,0.1,127.84688608185273,2
WRK-002956,0.1195457262402869,0.1,19.397464605605606,0
WRK-002957,0.1195457262402869,0.1,186.805915177436,5
WRK-002958,0.1195457262402869,0.1,9.554330480511327,0
WRK-002959,0.1195457262402869,0.1,51.65748954979264,0
WRK-002960,0.1195457262402869,0.1,148.83521387779075,5
WRK-002961,0.1195457262402869,0.1,0.8537060439452392,0
WRK-002962,0.1195457262402869,0.1,22.238744695619147,0
WRK-002963,0.1195457262402869,0.1,17.415920507027373,0
WRK-002964,0.1195457262402869,0.1,7.913136331351288,0
WRK-002965,0.1195457262402869,0.1,79.25660824063806,0
WRK-002966,0.1195457262402869,0.1,24.917793006892634,0
WRK-002967,0.1195457262402869,0.1,14.463974982518323,0
WRK-002968,0.1195457262402869,0.1,31.3385648708886,1
WRK-002969,0.1195457262402869,0.1,3.537513761911937,0
WRK-002970,0.1195457262402869,0.1,8.340179931297607,0
WRK-002971,0.1195457262402869,0.1,4.453807197104126,0
WRK-002972,0.1195457262402869,0.1,4.707059702157777,0
WRK-002973,0.1195457262402869,0.1,30.189230519348857,0
WRK-002974,0.1195457262402869,0.1,12.65022737297013,0
WRK-002975,0.1195457262402869,0.1,16.408751612199545,1
WRK-002976,0.1195457262402869,0.1,7.432981669809151,0
WRK-002977,0.1195457262402869,0.1,2.636587247942506,0
WRK-002978,0.1195457262402869,0.1,6.035664529301707,0
WRK-002979,0.1195457262402869,0.1,6.247533161509921,0
WRK-002980,0.1195457262402869,0.1,18.835548685243687,0
WRK-002981,0.1195457262402869,0.1,26.05149528006266,0
WRK-002982,4.482638,0.1,298.01808499800893,2
WRK-002983,0.75,0.1,44.649642028624,1
WRK-002984,0.1195457262402869,0.1,91.3505278592143,0
WRK-002985,0.1195457262402869,0.1,30.90033176681702,0
WRK-002986,0.1195457262402869,0.1,0.22197703794830798,1
WRK-002987,0.1195457262402869,0.1,2.315100420303158,0
WRK-002988,0.1195457262402869,0.1,18.137676821232013,0
WRK-002989,0.1195457262402869,0.1,13.858204014844393,0
WRK-002990,0.1195457262402869,0.1,4.981379105472539,0
WRK-002991,0.1195457262402869,0.1,5.195211940028974,3
WRK-002992,0.1195457262402869,0.1,27.016597917514254,0
WRK-002993,0.1195457262402869,0.1,8.876367609899932,0
WRK-002994,1.0,0.1,27.670853910275206,0
WRK-002995,0.1195457262402869,0.1,24.86305752038436,0
WRK-002996,0.1195457262402869,0.1,288.5234784890162,5
WRK-002997,0.1195457262402869,0.1,15.613409443200453,0
WRK-002998,0.1195457262402869,0.1,7.548280981942174,2
WRK-002999,0.1195457262402869,0.1,19.01677164413211,0
WRK-003000,0.1195457262402869,0.1,52.49464258680953,0
WRK-003001,0.1195457262402869,0.1,30.02087785510224,0
WRK-003002,0.1195457262402869,0.1,132.02740428217277,5
WRK-003003,0.1195457262402869,0.1,27.726116578246653,0
WRK-003004,0.1195457262402869,0.1,10.900402332385443,0
WRK-003005,0.1195457262402869,0.1,10.793542597448202,1
WRK-003006,0.1195457262402869,0.1,2.9959890575204504,0
WRK-003007,0.1195457262402869,0.1,194.3470770256052,3
WRK-003008,0.1195457262402869,0.1,15.806512974581015,0
WRK-003009,0.1195457262402869,0.1,8.578559195400487,0
WRK-003010,0.1195457262402869,0.1,1.301379410437797,0
WRK-003011,0.1195457262402869,0.1,0.9127407238207396,0
WRK-003012,0.1195457262402869,0.1,7.142907007705404,0
WRK-003013,0.1195457262402869,0.1,4.740584739086079,0
WRK-003014,0.1195457262402869,0.1,12.396489923270384,1
WRK-003015,0.1195457262402869,0.1,18.27875167774311,0
WRK-003016,0.1195457262402869,0.1,17.82793856259198,1
WRK-003017,0.1195457262402869,0.1,4.177603624692252,0
WRK-003018,0.1195457262402869,0.1,29.95942833940836,1
WRK-003019,0.1195457262402869,0.1,47.67507641808811,0
WRK-003020,0.1195457262402869,0.1,18.973988959545547,0
WRK-003021,0.1195457262402869,0.1,15.960908323592102,0
WRK-003022,0.1195457262402869,0.1,4.275688284681859,1
WRK-003023,0.1195457262402869,0.1,0.5617182140127365,0
WRK-003024,0.1195457262402869,0.1,26.921768242213613,0
WRK-003025,0.1195457262402869,0.1,51.53692037184473,1
WRK-003026,0.1195457262402869,0.1,60.17455101543235,0
WRK-003027,0.1195457262402869,0.1,1.0794395015492098,1
WRK-003028,0.1195457262402869,0.1,22.23419879054748,0
WRK-003029,0.501002004008016,0.1,12.579029097984439,0
WRK-003030,0.5,0.1,0.387375284265582,1
WRK-003031,1.2,0.1,10.143663144017435,0
WRK-003032,0.1195457262402869,0.1,5.635174407787465,1
WRK-003033,0.1195457262402869,0.1,14.890687054288108,0
WRK-003034,0.1195457262402869,0.1,22.409675776051124,0
WRK-003035,2.0,0.1,14.737859938350038,1
WRK-003036,1.002004008016032,0.1,18.879010336477606,0
WRK-003037,0.6012024048096193,0.1,18.154161263514194,0
WRK-003038,2.004008016032064,0.1,0.02359959857675057,0
WRK-003039,1.04,0.1,67.83015831651328,1
WRK-003040,0.40080160320641284,0.1,31.176982180807737,0
WRK-003041,1.8867924528301887,0.1,0.5788059987708725,1
WRK-003042,0.1195457262402869,0.1,5.030872373638272,0
WRK-003043,0.1195457262402869,0.1,133.92866346308674,2
WRK-003044,0.1195457262402869,0.1,2.3462861561991026,0
WRK-003045,0.1195457262402869,0.1,1.5767900179145498,0
WRK-003046,0.1195457262402869,0.1,13.83456103168906,0
WRK-003047,0.501002004008016,0.1,2.3201228094128195,0
WRK-003048,0.501002004008016,0.1,28.11032857337008,0
WRK-003049,0.501002004008016,0.1,13.921796747475032,2
WRK-003050,0.30060120240480964,0.1,5.054526006320621,0
WRK-003051,0.1195457262402869,0.1,26.102074022183853,0
WRK-003052,0.1195457262402869,0.1,22.586560410628426,1
WRK-003053,0.1195457262402869,0.1,57.217911893494914,0
WRK-003054,0.1195457262402869,0.1,3.4607920618676946,1
WRK-003055,0.1195457262402869,0.1,219.280420354537,2
WRK-003056,0.1195457262402869,0.1,3.213444071547169,0
WRK-003057,0.1195457262402869,0.1,8.856156445193411,0
WRK-003058,0.1195457262402869,0.1,36.819964267637594,0
WRK-003059,1.2138364779874213,0.1,63.64020151538852,0
WRK-003060,0.1195457262402869,0.1,18.10216147921836,1
WRK-003061,0.6012024048096193,0.1,33.38756476299498,0
WRK-003062,2.0,0.1,83.31629268255656,0
WRK-003063,0.501002004008016,0.1,0.6333627368071165,2
WRK-003064,0.501002004008016,0.1,121.97015719826395,3
WRK-003065,0.1195457262402869,0.1,7.551564260179947,0
WRK-003066,1.0,0.1,0.22038945135148458,0
WRK-003067,0.1195457262402869,0.1,9.961745011268492,0
WRK-003068,0.1195457262402869,0.1,57.1745942318463,0
WRK-003069,0.1195457262402869,0.1,10.404318886658237,0
WRK-003070,0.1195457262402869,0.1,14.179781806856216,0
WRK-003071,0.1195457262402869,0.1,5.4639250174896095,1
WRK-003072,0.75,1.0,0.07367603844341487,1
WRK-003073,1.25,0.16651248843663274,47.78922106580667,1
WRK-003074,0.625,1.0,17.15440834945593,0
WRK-003075,0.6875,1.0,1.3854174529372782,0
WRK-003076,0.75,1.0,19.93049857730629,1
WRK-003077,1.25,1.0,5.447653653815325,0
WRK-003078,0.625,0.24976873265494912,1.1509722467134103,1
WRK-003079,0.7142857142857143,0.1,9.325433162927544,0
WRK-003080,0.8571428571428571,0.1,241.6225839243718,2
WRK-003081,1.4,0.1,41.776170938613966,0
WRK-003082,0.1195457262402869,0.1,24.78698167132197,0
WRK-003083,0.48096192384769537,0.1,20.864964109484994,0
WRK-003084,2.0,0.1,5.142739087426149,0
WRK-003085,1.0,0.1,3.162262986686835,0
WRK-003086,1.0,0.1,33.52441935477056,1
WRK-003087,1.0,0.1,9.066337382534353,0
WRK-003088,2.0,0.1,52.54742565836179,0
WRK-003089,2.0,1.0,16.03961082666007,0
WRK-003090,0.6,0.1,25.503501281762656,1
WRK-003091,1.0,0.1,20.81314421887848,0
WRK-003092,1.0,0.1,13.001838772498878,0
WRK-003093,1.0,0.1,0.2309882072371033,0
WRK-003094,0.1195457262402869,0.1,2.8439308308179667,1
WRK-003095,0.1195457262402869,0.1,4.658220762577068,0
WRK-003096,0.1195457262402869,0.1,1.4401041025640509,0
WRK-003097,0.1195457262402869,0.1,2.7194893437517282,0
WRK-003098,0.1195457262402869,0.1,16.1775526671665,0
WRK-003099,1.0,0.1,18.068732401936934,1
WRK-003100,1.0,0.1,24.56793297280194,0
WRK-003101,0.1195457262402869,0.1,4.057039310174602,0
WRK-003102,0.1195457262402869,0.1,201.84874249694334,3
WRK-003103,0.1195457262402869,0.1,4.639425231833419,1
WRK-003104,0.1195457262402869,0.1,0.41483267683304315,0
WRK-003105,0.1195457262402869,0.1,9.87447995772614,0
WRK-003106,0.1195457262402869,0.1,4.014523666356276,2
WRK-003107,8.235294117647058,0.1,17.85364382598297,0
WRK-003108,0.1195457262402869,0.1,50.903265818934585,1
WRK-003109,0.1195457262402869,0.1,11.477016157173452,0
WRK-003110,0.1195457262402869,0.1,49.64607319419272,0
WRK-003111,0.1195457262402869,0.1,9.319314784501675,0
WRK-003112,0.1195457262402869,0.1,0.5350436965744779,0
WRK-003113,0.1195457262402869,0.1,47.84490044062774,0
WRK-003114,1.0,0.1,12.743368756375917,0
WRK-003115,0.1195457262402869,0.1,38.709268412441624,0
WRK-003116,0.1195457262402869,0.1,4.701302294722134,0
WRK-003117,0.1195457262402869,0.1,15.801033568093876,1
WRK-003118,0.1195457262402869,0.1,1.6622314093210955,0
WRK-003119,0.1195457262402869,0.1,18.614541271526825,0
WRK-003120,0.1195457262402869,0.1,10.018568813793827,0
WRK-003121,0.1195457262402869,0.1,32.83930024810992,0
WRK-003122,0.1195457262402869,0.1,18.725250960938514,0
WRK-003123,0.1195457262402869,0.1,19.57104211380226,1
WRK-003124,0.1195457262402869,0.1,8.923298390859301,0
WRK-003125,0.1195457262402869,0.1,21.110334776400194,1
WRK-003126,0.1195457262402869,0.1,27.36800611488388,0
WRK-003127,0.1195457262402869,0.1,14.88961319569745,0
WRK-003128,0.1195457262402869,0.1,35.284031599620526,1
WRK-003129,1.0,0.1,5.258146236668907,0
WRK-003130,1.5,0.1,13.799177475720008,0
WRK-003131,1.0,0.1,19.3531424674346,0
WRK-003132,1.0,1.0,8.571067018074615,0
WRK-003133,1.0,0.1,4.461462052555834,0
WRK-003134,0.725,1.0,2.0100584489757387,0
WRK-003135,1.0,0.1,17.413942071258163,1
WRK-003136,1.0,0.1,5.4901809073140875,1
WRK-003137,1.0,0.1,1.2667721928100664,1
WRK-003138,1.0,0.1,16.581301763925037,0
WRK-003139,1.0,0.1,2.198109308180942,0
WRK-003140,0.30060120240480964,0.1,41.56306220916336,1
WRK-003141,0.40080160320641284,0.1,1.687235818806504,0
WRK-003142,0.30060120240480964,0.1,27.202518335617096,0
WRK-003143,1.0,1.0,19.89463044713791,0
WRK-003144,3.3333333333333335,0.1,1.0286417314153553,0
WRK-003145,3.3333333333333335,0.1,221.2281835915228,3
WRK-003146,3.3333333333333335,0.1,33.84097748769494,0
WRK-003147,3.3333333333333335,0.1,3.2623533261560023,0
WRK-003148,2.0,0.1,12.361762195445467,1
WRK-003149,4.0,0.1,162.96827040506372,4
WRK-003150,0.27,0.1,158.64191002010352,4
WRK-003151,1.0,0.1,5.621676269819062,0
WRK-003152,0.4,0.1,2.096403462706862,0
WRK-003153,1.0,0.1,285.92575178490165,5
WRK-003154,2.004008016032064,0.1,1.8330042705260052,0
WRK-003155,0.5,0.1,59.085273561131146,1
WRK-003156,1.0,0.1,9.634649673387756,0
WRK-003157,2.0,1.0,30.496452553391208,0
WRK-003158,2.0,1.0,26.494729696766008,0
WRK-003159,2.0,1.0,18.557664194997813,0
WRK-003160,1.0,1.0,10.908179376714246,0
WRK-003161,1.0,0.1,17.651567408969996,0
WRK-003162,1.0,0.1,7.339666277999434,0
WRK-003163,1.0,0.1,20.88088042660408,0
WRK-003164,0.6,0.1,0.13441850242025366,0
WRK-003165,0.5,0.1,1.300894551883747,0
WRK-003166,0.8,0.1,2.1313093219909844,0
WRK-003167,1.2,0.1,3.440357093623099,0
WRK-003168,1.0,0.1,5.240915098621182,0
WRK-003169,1.2,0.1,34.35043353468619,0
WRK-003170,0.1195457262402869,0.1,71.22412734800794,1
WRK-003171,0.1195457262402869,0.1,3.9599311411377913,0
WRK-003172,0.1195457262402869,0.1,1.3418883447321446,2
WRK-003173,0.1195457262402869,0.1,4.413583822793325,0
WRK-003174,0.1195457262402869,0.1,22.740027304513028,0
WRK-003175,0.1195457262402869,0.1,33.9802979078436,2
WRK-003176,0.1195457262402869,0.1,10.084166195532413,0
WRK-003177,0.1195457262402869,0.1,9.342187133635678,1
WRK-003178,0.1195457262402869,0.1,17.283625542731905,0
WRK-003179,0.1195457262402869,0.1,24.160147845175878,1
WRK-003180,0.1195457262402869,0.1,15.299920315012784,0
WRK-003181,0.1195457262402869,0.1,0.5539763938530863,0
WRK-003182,0.1195457262402869,0.1,74.92206071774294,0
WRK-003183,0.1195457262402869,0.1,9.579637649661631,0
WRK-003184,0.1195457262402869,0.1,11.806402577582011,0
WRK-003185,0.1195457262402869,0.1,216.40800464966188,2
WRK-003186,0.1195457262402869,0.1,1.149241509263956,0
WRK-003187,0.1195457262402869,0.1,1.3080793263250792,0
WRK-003188,0.1195457262402869,0.1,14.22205599204549,1
WRK-003189,0.1195457262402869,0.1,1.190379329851174,1
WRK-003190,0.1195457262402869,0.1,60.18636655559729,0
WRK-003191,0.1195457262402869,0.1,12.466218737145052,1
WRK-003192,0.1195457262402869,0.1,12.12631121634619,0
WRK-003193,0.1195457262402869,0.1,35.71261619243601,0
WRK-003194,0.1195457262402869,0.1,11.801788849216452,0
WRK-003195,0.1195457262402869,0.1,4.086256258100064,0
WRK-003196,2.5,1.0,20.935979662871326,0
WRK-003197,2.0,1.0,0.6606503410682356,0
WRK-003198,1.0,1.0,2.409345764357364,0
WRK-003199,0.1195457262402869,0.1,16.872251873544307,1
WRK-003200,0.1195457262402869,0.1,0.31473620297452315,1
WRK-003201,0.1195457262402869,0.1,15.162111059585495,1
WRK-003202,0.1195457262402869,0.1,38.365308384394446,0
WRK-003203,0.1195457262402869,0.1,85.31305777297112,0
WRK-003204,0.1195457262402869,0.1,28.93772780977365,0
WRK-003205,0.1195457262402869,0.1,4.2963344871124844,0
WRK-003206,0.1195457262402869,0.1,7.9834354221154635,0
WRK-003207,0.1195457262402869,0.1,6.050043352591429,0
WRK-003208,0.1195457262402869,0.1,6.505710049270626,0
WRK-003209,0.1195457262402869,0.1,21.558403333746504,1
WRK-003210,0.1195457262402869,0.1,36.27869640465963,0
WRK-003211,0.1195457262402869,0.1,8.448081143630205,0
WRK-003212,0.1195457262402869,0.1,0.21024840130022654,0
WRK-003213,0.1195457262402869,0.1,6.3958849275212675,1
WRK-003214,0.1195457262402869,0.1,14.192867837512457,0
WRK-003215,0.1195457262402869,0.1,4.75519168615776,0
WRK-003216,0.1195457262402869,0.1,8.499170036715794,0
WRK-003217,0.1195457262402869,0.1,33.68780184556045,1
WRK-003218,0.1195457262402869,0.1,5.491411757551603,0
WRK-003219,0.1195457262402869,0.1,12.465033476405958,0
WRK-003220,0.1195457262402869,0.1,13.752398435355403,0
WRK-003221,0.1195457262402869,0.1,35.738072306951835,0
WRK-003222,0.1195457262402869,0.1,9.616497669906135,0
WRK-003223,0.1195457262402869,0.1,15.934613890946071,1
WRK-003224,0.1195457262402869,0.1,7.928471419902313,0
WRK-003225,0.1195457262402869,0.1,8.63047613386279,1
WRK-003226,0.1195457262402869,0.1,90.15544175853267,0
WRK-003227,0.1195457262402869,0.1,13.093894730612504,0
WRK-003228,0.1195457262402869,0.1,73.28733325415453,0
WRK-003229,0.1195457262402869,0.1,11.05891075247021,0
WRK-003230,0.1195457262402869,0.1,0.9558061940434723,0
WRK-003231,0.1195457262402869,0.1,2.0064389314621147,1
WRK-003232,0.1195457262402869,0.1,0.7273826272200061,1
WRK-003233,0.1195457262402869,0.1,20.071417985355502,0
WRK-003234,0.1195457262402869,0.1,15.819324535810136,0
WRK-003235,0.1195457262402869,0.1,4.659242904433923,0
WRK-003236,0.75,0.1,24.379899470595056,0
WRK-003237,0.1195457262402869,0.1,31.90329157660784,2
WRK-003238,0.1195457262402869,0.1,15.785960820002655,0
WRK-003239,0.1195457262402869,0.1,10.65880473715442,0
WRK-003240,0.1195457262402869,0.1,7.960618356613707,0
WRK-003241,0.1195457262402869,0.1,4.527134700206579,0
WRK-003242,0.1195457262402869,0.1,12.994472571272045,0
WRK-003243,0.1195457262402869,0.1,18.18285104994889,1
WRK-003244,0.1195457262402869,0.1,12.540193491480132,0
WRK-003245,0.1195457262402869,0.1,129.55015907750422,5
WRK-003246,0.1195457262402869,0.1,68.5546721541555,1
WRK-003247,0.1195457262402869,0.1,52.881180390790526,0
WRK-003248,0.1195457262402869,0.1,9.639454477746375,0
WRK-003249,0.1195457262402869,0.1,5.7671075450629425,1
WRK-003250,0.1195457262402869,0.1,154.68197192362862,0
WRK-003251,0.1195457262402869,0.1,2.348365387452039,0
WRK-003252,0.1195457262402869,0.1,22.550676397617014,1
WRK-003253,0.1195457262402869,0.1,33.731402894161846,0
WRK-003254,0.1195457262402869,0.1,0.39492518887196804,1
WRK-003255,0.1195457262402869,0.1,57.927295054502814,0
WRK-003256,0.1195457262402869,0.1,11.686865228653629,0
WRK-003257,0.1195457262402869,0.1,21.191590380049654,0
WRK-003258,0.1195457262402869,0.1,3.3453132780573407,1
WRK-003259,0.3,0.1,61.83173734371954,0
WRK-003260,0.1195457262402869,0.1,233.5171439415655,3
WRK-003261,0.1195457262402869,0.1,19.596056763904762,0
WRK-003262,0.1195457262402869,0.1,7.185459322238888,0
WRK-003263,0.1195457262402869,0.1,21.54567638558181,1
WRK-003264,0.1195457262402869,0.1,24.586124327339512,0
WRK-003265,0.1195457262402869,0.1,72.26652046772585,0
WRK-003266,0.1195457262402869,0.1,2.5524162804443984,1
WRK-003267,1.0,1.0,12.114443104488984,0
WRK-003268,0.3,0.1,5.012005736640658,0
WRK-003269,0.1195457262402869,0.1,6.383929683318035,0
WRK-003270,0.1195457262402869,0.1,55.472834106701534,0
WRK-003271,0.1195457262402869,0.1,2.0924511366917065,0
WRK-003272,0.1195457262402869,0.1,31.73365849337368,0
WRK-003273,0.8333333333333334,0.1,65.44713974121629,1
WRK-003274,1.25,0.1,125.52902778325533,2
WRK-003275,1.0,0.1,5.437782010777388,0
WRK-003276,0.75,0.1,8.402521148361433,0
WRK-003277,0.75,0.1,2.461725476169836,0
WRK-003278,1.25,0.1,1.4989096328807072,0
WRK-003279,0.3,0.1,288.44453974981013,3
WRK-003280,0.1195457262402869,0.1,3.891050658446171,1
WRK-003281,2.0,1.0,22.307950673111286,1
WRK-003282,2.0,1.0,22.167740795408243,0
WRK-003283,2.0,0.1,23.253050851661335,0
WRK-003284,2.0,1.0,54.92353033055706,0
WRK-003285,2.0,1.0,1.7151385978121327,0
WRK-003286,2.0,1.0,13.33542335123137,0
WRK-003287,2.0,1.0,11.859741458084862,0
WRK-003288,1.0,1.0,57.11463049104036,1
WRK-003289,2.0,1.0,4.577183531905095,1
WRK-003290,2.0,1.0,259.84105935432956,4
WRK-003291,2.0,1.0,3.969009125355481,0
WRK-003292,2.0,1.0,1.7403350288716026,0
WRK-003293,2.0,1.0,18.95657019037217,1
WRK-003294,0.5,0.1,18.60952971086373,0
WRK-003295,1.0,0.1,63.38681912369051,0
WRK-003296,0.98,0.1,2.185881346150528,1
WRK-003297,1.25,1.0,8.659492819149396,0
WRK-003298,1.25,1.0,47.81575126786392,0
WRK-003299,2.0529665366454526,0.1,17.154188960885914,0
WRK-003300,0.6666666666666666,0.1,28.659414775882695,0
WRK-003301,1.0,0.1,2.194347195692989,0
WRK-003302,0.9187599293065276,0.1,0.42342352280342543,1
WRK-003303,0.4,1.0,13.115542108980218,1
WRK-003304,1.0,0.1,7.259936082925359,0
WRK-003305,1.0,0.1,21.793942866183272,0
WRK-003306,2.5454545454545454,0.1,32.52762242136772,0
WRK-003307,0.5,1.0,271.81976733904014,3
WRK-003308,0.6666666666666666,0.1,51.29960640927248,1
WRK-003309,1.0,1.0,24.072600575409275,0
WRK-003310,0.99,1.0,1.8344110991735718,0
WRK-003311,2.2,0.1,7.6053485604544555,0
WRK-003312,0.6666666666666666,0.1,15.744155460957817,0
WRK-003313,1.0,0.1,56.06836344578889,0
WRK-003314,1.0,0.1,194.87185570127866,4
WRK-003315,1.0,0.1,31.558593764319497,0
WRK-003316,1.22,0.1,6.262481220324277,0
WRK-003317,1.22,0.1,3.1247746090705957,0
WRK-003318,0.9187599293065276,0.1,2.4670675167879215,0
WRK-003319,0.9187599293065276,0.1,10.511554799510721,0
WRK-003320,0.9187599293065276,0.1,122.85226245958172,2
WRK-003321,0.9187599293065276,0.1,24.297052853474753,0
WRK-003322,0.9187599293065276,0.1,37.11293534973474,0
WRK-003323,0.9187599293065276,0.1,18.769110887223594,0
WRK-003324,0.9187599293065276,0.1,13.857839972363838,0
WRK-003325,0.9187599293065276,0.1,106.45799334717587,1
WRK-003326,0.9187599293065276,0.1,36.620774748485545,0
WRK-003327,0.9187599293065276,0.1,45.67947913923555,0
WRK-003328,0.9187599293065276,0.1,278.0435540930855,3
WRK-003329,0.9187599293065276,0.1,1.111809533992326,0
WRK-003330,0.9187599293065276,0.1,19.248287220822423,0
WRK-003331,0.9187599293065276,0.1,46.631108768230696,0
WRK-003332,0.9187599293065276,0.1,25.615748846019724,1
WRK-003333,0.9187599293065276,0.1,0.1392970483840651,0
WRK-003334,0.9187599293065276,0.1,27.661500840485648,2
WRK-003335,0.9187599293065276,0.1,32.201206594334515,1
WRK-003336,0.9187599293065276,0.1,86.58122553203012,1
WRK-003337,0.9187599293065276,0.1,232.85217197292553,2
WRK-003338,0.9187599293065276,0.1,1.9637697552876197,0
WRK-003339,0.9187599293065276,0.1,38.538463759439,0
WRK-003340,0.9187599293065276,0.1,23.061390588547756,0
WRK-003341,0.9187599293065276,0.1,9.76826217066774,0
WRK-003342,0.9187599293065276,0.1,13.692448241572396,0
WRK-003343,0.9187599293065276,0.1,15.919764370607785,0
WRK-003344,0.9187599293065276,0.1,49.9771303181749,1
WRK-003345,0.9187599293065276,0.1,39.35527129246859,0
WRK-003346,0.5311062124248497,0.1,13.631077646494042,0
WRK-003347,2.2,0.1,12.028591747740167,0
WRK-003348,0.9187599293065276,0.1,9.980171396995951,0
WRK-003349,0.6,0.1,17.51074673142068,0
WRK-003350,0.6380277286850886,0.1,31.553529721358903,0
WRK-003351,0.2,0.1,27.41159909754618,0
WRK-003352,0.6289308176100629,0.1,44.52893575425493,0
WRK-003353,1.1111111111111112,0.1,18.505117978843447,1
WRK-003354,4.733333333333333,0.1,21.369357316462697,0
WRK-003355,1.5873015873015872,0.1,12.653790255728406,1
WRK-003356,0.7936507936507936,0.1,43.815000099097205,0
WRK-003357,0.7777777777777778,0.1,91.92873123100631,1
WRK-003358,0.4444444444444444,0.1,10.213602247627836,1
WRK-003359,2.2222222222222223,0.1,24.999625296498195,0
WRK-003360,1.4545454545454546,1.0,4.615828024780816,0
WRK-003361,0.1195457262402869,0.1,18.129390250684317,0
WRK-003362,0.1195457262402869,0.1,28.67010279756898,1
WRK-003363,2.5,1.0,7.1281370495664635,1
WRK-003364,2.7464,0.1,12.803062601219326,2
WRK-003365,1.8628571428571428,0.1,66.6674183801551,2
WRK-003366,2.4515,0.1,0.07791155989772447,0
WRK-003367,1.6,0.1,44.94897137233899,0
WRK-003368,2.0,0.1,71.76504389690245,0
WRK-003369,0.6614568797097404,0.1,22.462276928821634,0
WRK-003370,1.0,0.1,21.515798856702403,0
WRK-003371,1.0,0.1,10.98775233630963,0
WRK-003372,1.0,0.1,42.82459215429164,0
WRK-003373,1.0,0.1,21.778006949733594,0
WRK-003374,1.0,0.1,17.688371616017328,0
WRK-003375,1.0,0.1,13.831419053042515,3
WRK-003376,1.0,0.1,22.899572846150754,0
WRK-003377,0.625,0.1,0.039545100037515546,1
WRK-003378,1.0,0.1,7.98270954397355,0
WRK-003379,1.0,0.1,212.2268633332596,3
WRK-003380,1.0,0.1,17.423612436130146,0
WRK-003381,0.7,0.1,12.646699979024396,0
WRK-003382,1.0,0.1,44.62586681389848,0
WRK-003383,1.0,0.1,23.452058566843267,1
WRK-003384,1.0,0.1,19.02442629132903,0
WRK-003385,1.0,0.1,67.71663688528186,0
WRK-003386,0.0841683366733467,0.1,40.96134798790483,0
WRK-003387,1.2,0.1,48.3931794107997,1
WRK-003388,1.002004008016032,0.1,37.867784025867664,0
WRK-003389,1.2,0.1,25.042796778337745,0
WRK-003390,1.2,0.1,30.988398508106986,2
WRK-003391,1.2,0.1,9.204089673736716,0
WRK-003392,1.2,0.1,3.7494981484926755,1
WRK-003393,1.2,0.1,156.17340321560766,4
WRK-003394,1.2,0.1,2.1018001763857432,0
WRK-003395,1.2,0.1,20.970925113412097,0
WRK-003396,1.2,0.1,1.1445554921408294,0
WRK-003397,1.2,0.1,131.04151407333032,4
WRK-003398,1.2,0.1,3.2840037201634775,0
WRK-003399,1.2,0.1,11.49082921344486,0
WRK-003400,1.0,0.1,6.397299140198164,0
WRK-003401,2.2222222222222223,0.1,13.309194877432818,0
WRK-003402,0.5,0.1,10.171291013879252,1
WRK-003403,0.6,0.1,2.457362368778757,0
WRK-003404,0.5,0.1,172.34549094987835,3
WRK-003405,2.0253164556962027,0.16605166051660517,1.190150681194455,0
WRK-003406,1.4008016032064128,0.1,14.773194681637403,0
WRK-003407,1.0,1.0,1.7157359971945563,0
WRK-003408,1.0,1.0,8.226390105590779,0
WRK-003409,1.0,1.0,209.584563538267,2
WRK-003410,1.0,1.0,8.83636466903792,1
WRK-003411,1.0,1.0,16.406363736507302,0
WRK-003412,1.0,1.0,5.395195122416481,0
WRK-003413,0.7142857142857143,0.3367158671586716,9.692343920111462,1
WRK-003414,1.0,1.0,94.62277713268954,0
WRK-003415,1.0,1.0,36.84670843868224,1
WRK-003416,1.0,1.0,51.306204243838174,0
WRK-003417,1.0,1.0,11.033533633042845,0
WRK-003418,1.0,1.0,5.703511094018001,0
WRK-003419,1.0,1.0,14.357455447550258,0
WRK-003420,1.0,1.0,9.223324440999509,0
WRK-003421,0.8571428571428571,0.1,40.044427300390964,0
WRK-003422,2.125,0.24907749077490776,44.04256800220888,0
WRK-003423,0.7142857142857143,1.0,19.365643611480316,1
WRK-003424,1.2,0.1,13.60313438672032,0
WRK-003425,0.625,1.0,10.81728021824981,0
WRK-003426,1.2,0.1,16.20069023676773,0
WRK-003427,1.2,0.1,3.4120903459539074,0
WRK-003428,1.2,0.1,47.904620815704305,0
WRK-003429,1.2,0.1,7.3044004871938455,0
WRK-003430,1.2,0.1,6.882565314077703,0
WRK-003431,0.5714285714285714,0.33640552995391704,68.28297071622713,0
WRK-003432,0.5714285714285714,0.33640552995391704,51.9903657107281,0
WRK-003433,0.8,0.16589861751152074,27.124486846132967,2
WRK-003434,1.5,0.16589861751152074,4.334777681856671,1
WRK-003435,0.8,0.16589861751152074,20.571899664929628,1
WRK-003436,0.5714285714285714,0.1,20.506397070502615,0
WRK-003437,1.0,0.16589861751152074,3.6610692863654593,0
WRK-003438,1.2,0.1,2.80596450458939,0
WRK-003439,2.0,0.1,3.9145950927589137,0
WRK-003440,3.006012024048096,0.1,16.631058084423543,0
WRK-003441,2.004008016032064,0.1,192.86251656369166,3
WRK-003442,3.937875751503006,0.1,4.348627926886403,1
WRK-003443,1.0,0.1,208.5657443950517,5
WRK-003444,0.3372669223380344,0.1,13.378150417345276,1
WRK-003445,0.3372669223380344,0.1,23.524153401805545,0
WRK-003446,0.3372669223380344,0.1,4.232574952119195,1
WRK-003447,0.3372669223380344,0.1,57.28985466878741,0
WRK-003448,0.3372669223380344,0.1,6.822221294927916,0
WRK-003449,0.3372669223380344,0.1,26.227948885945715,0
WRK-003450,0.3372669223380344,0.1,0.6735614878988233,0
WRK-003451,0.3372669223380344,0.1,12.73704147804472,0
WRK-003452,0.3372669223380344,0.1,7.022519482487574,0
WRK-003453,0.3372669223380344,0.1,31.931887801751945,0
WRK-003454,0.3372669223380344,0.1,45.298476039039244,0
WRK-003455,0.3372669223380344,0.1,21.904521230433495,0
WRK-003456,0.3372669223380344,0.1,111.15551353841195,0
WRK-003457,0.3372669223380344,0.1,2.4038460587602613,0
WRK-003458,0.3372669223380344,0.1,19.016446532898566,0
WRK-003459,0.3372669223380344,0.1,9.82979799413071,0
WRK-003460,0.3372669223380344,0.1,17.2380019037395,1
WRK-003461,0.3372669223380344,0.1,4.949231983229246,0
WRK-003462,0.3372669223380344,0.1,30.474475189295745,0
WRK-003463,0.3372669223380344,0.1,28.574480730068053,0
WRK-003464,0.3372669223380344,0.1,8.995107864662089,0
WRK-003465,0.3372669223380344,0.1,227.03932811806868,4
WRK-003466,0.3372669223380344,0.1,15.257451861820932,0
WRK-003467,0.3372669223380344,0.1,18.276041944538886,0
WRK-003468,0.3372669223380344,0.1,18.648497623095373,0
WRK-003469,0.3372669223380344,0.1,17.50207460368066,2
WRK-003470,0.3372669223380344,0.1,3.8113542396424727,0
WRK-003471,0.3372669223380344,0.1,18.16557612364258,0
WRK-003472,0.625,0.16574585635359115,12.223711252750473,1
WRK-003473,0.5274261603375527,0.1,44.132460973894,0
WRK-003474,0.625,0.16574585635359115,0.023260611999997866,2
WRK-003475,0.625,0.16574585635359115,2.5055845357264914,0
WRK-003476,0.625,0.16574585635359115,11.80268896862983,0
WRK-003477,4.277142857142858,0.1,17.827363926609998,1
WRK-003478,4.2,0.1,14.698389846440602,0
WRK-003479,9.9,0.1,143.9635503001504,3
WRK-003480,9.9,0.1,5.7306417144582475,0
WRK-003481,0.5042194092827004,0.1,9.828780631682623,0
WRK-003482,1.0,0.16574585635359115,11.641101407336759,1
WRK-003483,1.8,1.0,23.66412373205332,0
WRK-003484,4.2,0.1,50.123442714812526,1
WRK-003485,2.2857142857142856,0.1,21.911067081612114,0
WRK-003486,4.277142857142858,0.1,0.9834552892708932,1
WRK-003487,1.0,0.1,11.03413156818317,1
WRK-003488,1.0,0.1,16.03954659304309,0
WRK-003489,1.0,0.1,2.362369515660574,0
WRK-003490,1.0,0.1,4.252414513241926,0
WRK-003491,4.277142857142858,0.1,16.58404998402502,0
WRK-003492,4.277142857142858,0.1,11.686529417036766,0
WRK-003493,4.277142857142858,0.1,36.23814541611832,0
WRK-003494,4.277142857142858,0.1,30.640940741899602,0
WRK-003495,4.277142857142858,0.1,44.02480359813394,1
WRK-003496,4.2,0.1,3.1441994483400992,0
WRK-003497,4.277142857142858,0.1,188.75365693178847,4
WRK-003498,4.2,0.1,2.6970267082502337,0
WRK-003499,4.2,0.1,2.5233791128859657,0
WRK-003500,9.9,0.1,6.879528382690725,0
WRK-003501,9.9,0.1,3.5710857890217786,0
WRK-003502,9.9,0.1,26.18601031873171,0
WRK-003503,9.9,0.1,2.003655127000646,0
WRK-003504,9.9,0.1,31.82094234154782,0
WRK-003505,9.9,0.1,6.96956687243071,0
WRK-003506,4.277142857142858,0.1,32.29353952453509,0
WRK-003507,4.277142857142858,0.1,14.442934037138826,0
WRK-003508,0.6012024048096193,0.1,21.425578496732427,0
WRK-003509,0.40080160320641284,0.1,1.152390184066562,0
WRK-003510,4.008016032064128,0.1,28.923432854176667,0
WRK-003511,0.8438818565400844,0.1,8.844008524947455,0
WRK-003512,0.5274261603375527,0.1,3.278283002065309,0
WRK-003513,0.6,1.0,8.266583107567357,0
WRK-003514,2.0,0.1,10.342157649234183,0
WRK-003515,0.7014028056112225,0.1,5.965921579117862,1
WRK-003516,0.3372669223380344,0.1,14.81112346986631,0
WRK-003517,0.4,1.0,33.7423907439862,0
WRK-003518,1.0,1.0,11.676978996060466,0
WRK-003519,0.4,1.0,3.404941908186392,0
WRK-003520,1.5238095238095237,0.1,10.883122126765837,0
WRK-003521,1.0,0.1,7.41704433198511,1
WRK-003522,0.7756329113924051,0.1,2.0617673664745113,0
WRK-003523,0.6329113924050633,0.1,4.803247646132723,0
WRK-003524,0.3933544303797468,0.1,298.93236368024566,5
WRK-003525,0.6329113924050633,0.1,17.614867004995382,1
WRK-003526,0.5274261603375527,0.1,39.9728032890451,0
WRK-003527,0.5714285714285714,0.1,0.8398395777842278,0
WRK-003528,0.7383966244725738,0.1,3.949466219322404,0
WRK-003529,0.6329113924050633,0.1,5.5923746633633495,0
WRK-003530,0.590295358649789,0.1,33.45906561024543,0
WRK-003531,0.4122362869198312,0.1,14.505748396858436,0
WRK-003532,0.5714285714285714,0.1,6.9930758902118315,0
WRK-003533,0.4999,1.0,9.775327727397267,1
WRK-003534,0.5714285714285714,0.1,15.076216431711533,0
WRK-003535,0.6445147679324894,0.1,5.352563235329572,0
WRK-003536,0.5210970464135021,0.1,34.049465415261565,0
WRK-003537,0.43776371308016876,0.1,31.216856549685975,0
WRK-003538,0.41455696202531644,0.1,14.658892267496098,0
WRK-003539,0.49261603375527424,0.1,49.21057346935508,1
WRK-003540,0.9852320675105485,0.1,0.3783301178881984,1
WRK-003541,0.689873417721519,0.1,73.44554160818687,0
WRK-003542,0.5714285714285714,0.1,86.75601334296219,1
WRK-003543,0.5714285714285714,0.1,3.4420154307596333,0
WRK-003544,1.4761904761904763,0.1,6.66762010397041,1
WRK-003545,0.3182489451476793,0.1,11.003948079497148,0
WRK-003546,1.6666666666666667,0.1,2.319469177122034,0
WRK-003547,1.0,0.1,18.792251954342053,0
WRK-003548,0.689306,0.1,4.776548700645903,0
WRK-003549,0.5813953488372093,1.0,19.784545730639948,1
WRK-003550,0.18459915611814345,0.1,15.196603376220674,0
WRK-003551,0.9036144578313253,1.0,13.024859294407179,0
WRK-003552,0.5813953488372093,1.0,3.4270173974030826,0
WRK-003553,0.5813953488372093,1.0,8.940328994526078,0
WRK-003554,0.5813953488372093,1.0,30.403194905172267,0
WRK-003555,0.5813953488372093,1.0,37.87242459838018,0
WRK-003556,0.5813953488372093,1.0,2.475574492896239,0
WRK-003557,0.3,1.0,1.6079358310863663,1
WRK-003558,0.9302325581395349,1.0,10.37397813190092,0
WRK-003559,0.5813953488372093,1.0,2.2082555450284276,1
WRK-003560,1.1155734047300312,1.0,37.11813479544322,0
WRK-003561,0.6329113924050633,0.1,39.17771840742269,1
WRK-003562,0.5274261603375527,0.1,26.558283361691153,0
WRK-003563,0.6329113924050633,0.1,9.270400282380214,1
WRK-003564,0.6329113924050633,0.1,2.2352423010133826,1
WRK-003565,0.6329113924050633,0.1,0.7971133928315162,0
WRK-003566,0.5714285714285714,0.1,23.12648221729453,0
WRK-003567,0.21624472573839662,0.1,21.143528844086937,2
WRK-003568,0.5714285714285714,0.1,7.556689347646323,0
WRK-003569,0.5714285714285714,0.1,21.267993178071745,0
WRK-003570,0.8,1.0,17.127040313094277,0
WRK-003571,0.6329113924050633,0.1,1.768959091693213,1
WRK-003572,0.5210970464135021,0.1,5.755630404401599,2
WRK-003573,0.4219409282700422,0.1,23.90777452992239,0
WRK-003574,0.6329113924050633,0.1,13.446431754106396,2
WRK-003575,0.5714285714285714,0.1,35.86083850820826,0
WRK-003576,0.5274261603375527,0.1,9.768996079289018,0
WRK-003577,1.2952380952380953,0.1,49.82378576216716,1
WRK-003578,0.5274261603375527,0.1,33.22336371888097,0
WRK-003579,1.2,1.0,38.1650650818869,0
WRK-003580,0.5714285714285714,0.1,19.561952435575428,0
WRK-003581,2.5,0.1,2.0053825314201292,0
WRK-003582,0.7383966244725738,0.1,6.888182232125281,0
WRK-003583,0.6845991561181435,0.1,64.61152635680881,1
WRK-003584,0.7383966244725738,0.1,5.993645108699974,0
WRK-003585,0.3470464135021097,0.1,17.828929545828565,1
WRK-003586,1.0067510548523206,0.1,44.63954443830882,0
WRK-003587,1.2,0.1655933762649494,40.75257164127956,1
WRK-003588,1.2,0.1,31.482310569581745,2
WRK-003589,0.9,0.1,33.62851056155959,0
WRK-003590,1.2,0.1,26.904677293141866,0
WRK-003591,1.2,0.1,29.78198679783237,0
WRK-003592,1.2,0.1,11.830554341534134,0
WRK-003593,1.2,0.1,29.11146496967799,0
WRK-003594,0.8,0.1,11.930956734953709,1
WRK-003595,0.8,0.1,43.190280786950375,1
WRK-003596,0.8,0.1,12.274082043055605,0
WRK-003597,0.8,0.1,29.88153404009395,0
WRK-003598,1.2,0.1,14.241355941002151,0
WRK-003599,1.2,0.1,2.3399441712717888,0
WRK-003600,1.2,0.1,61.696680251080224,0
WRK-003601,1.2,0.1,260.1106737349593,5
WRK-003602,0.3372669223380344,0.1,6.4259152238445525,0
WRK-003603,0.38,1.0,1.6685992126424731,1
WRK-003604,0.99,1.0,12.026895091960526,0
WRK-003605,0.3372669223380344,0.1,11.03727538446285,0
WRK-003606,0.3372669223380344,0.1,46.061664399858884,0
WRK-003607,0.3372669223380344,0.1,27.034034013297795,0
WRK-003608,0.3372669223380344,0.1,3.724786068284663,0
WRK-003609,1.4,0.1,10.190439221254472,0
WRK-003610,1.0,0.1,17.85633547968868,0
WRK-003611,0.3372669223380344,0.1,52.08112103110423,0
WRK-003612,0.3372669223380344,0.1,1.0223770608015883,1
WRK-003613,0.3372669223380344,0.1,8.583112970125162,0
WRK-003614,0.8016032064128257,0.1,4.563618679371803,1
WRK-003615,1.2024048096192386,0.1,15.716051993085355,0
WRK-003616,0.8888888888888888,1.0,14.72174243524028,0
WRK-003617,0.5904761904761905,0.1,298.89999936998146,4
WRK-003618,0.8888888888888888,0.24839006439742412,13.726856839046652,0
WRK-003619,0.3372669223380344,0.1,17.773661545751672,1
WRK-003620,0.3372669223380344,0.1,15.824352928220405,0
WRK-003621,1.7777777777777777,1.0,2.8327131134202936,0
WRK-003622,0.3372669223380344,0.1,5.391315078497268,0
WRK-003623,0.3372669223380344,0.1,6.38946893698639,2
WRK-003624,0.3372669223380344,0.1,108.36126513093227,0
WRK-003625,0.3372669223380344,0.1,2.2511830422341266,0
WRK-003626,0.3372669223380344,0.1,3.3657933602753816,0
WRK-003627,0.3372669223380344,0.1,0.3596374210760253,1
WRK-003628,0.3372669223380344,0.1,13.823543773264218,0
WRK-003629,0.3372669223380344,0.1,28.24063213910363,2
WRK-003630,0.5,0.1,25.783044482466426,1
WRK-003631,1.0,0.05514705882352941,15.702818163721975,0
WRK-003632,1.0,0.05514705882352941,16.201082096253792,0
WRK-003633,1.2,0.05514705882352941,12.072769026861643,1
WRK-003634,0.8,1.0,14.729781569704578,0
WRK-003635,0.8,1.0,22.910455377885373,0
WRK-003636,1.0,1.0,92.68160970484409,0
WRK-003637,0.6172995780590718,0.1,46.285966712427694,0
WRK-003638,0.7436708860759493,0.1,34.68913335751669,0
WRK-003639,0.7383966244725738,0.1,47.22898335081538,1
WRK-003640,1.0358649789029535,0.1,2.774487141511976,1
WRK-003641,0.2641509433962264,0.1,34.96731333176135,0
WRK-003642,0.8571428571428571,0.33547794117647056,50.90924326205159,1
WRK-003643,1.0,0.1,1.431842183019303,0
WRK-003644,1.0,1.0,7.640205989501374,0
WRK-003645,0.2641509433962264,0.1,28.22213917694014,0
WRK-003646,0.2641509433962264,0.1,285.9064553652829,3
WRK-003647,0.2641509433962264,0.1,6.741262266789821,1
WRK-003648,0.2641509433962264,0.1,30.0768307354246,0
WRK-003649,0.2641509433962264,0.1,29.273467415801573,0
WRK-003650,1.0,0.1,2.2651281521279727,0
WRK-003651,1.0,0.1,9.669221876214463,0
WRK-003652,1.2,0.1,10.078556929553491,1
WRK-003653,1.0,1.0,2.9479959829843545,1
WRK-003654,2.0,0.24816176470588236,6.4476479425671185,0
WRK-003655,3.2351628737170905,1.0,0.6558878447529558,1
WRK-003656,1.2760554573701772,0.1,6.627825399025594,0
WRK-003657,1.2760554573701772,0.1,11.76464646163719,2
WRK-003658,1.2760554573701772,0.1,8.084424961591113,0
WRK-003659,1.2760554573701772,0.1,30.383079129525154,0
WRK-003660,1.2760554573701772,0.1,31.016185536463638,1
WRK-003661,1.2760554573701772,0.1,16.5481751218548,0
WRK-003662,1.2760554573701772,0.1,7.2691446506088795,0
WRK-003663,0.7164606842199535,0.1,0.8515203563392619,0
WRK-003664,1.0,0.1,2.8901829563585335,0
WRK-003665,1.2760554573701772,0.1,29.584643999068735,0
WRK-003666,1.2760554573701772,0.1,1.580081308063214,0
WRK-003667,1.0,0.1,0.8385240505656051,0
WRK-003668,1.2760554573701772,0.1,9.963452698205176,0
WRK-003669,3.9286666666666665,0.1,37.001912083494204,0
WRK-003670,2.4285714285714284,1.0,22.65143528259558,0
WRK-003671,1.0,0.1,34.6658346782136,0
WRK-003672,1.2,0.1,8.729089700065257,0
WRK-003673,1.0,0.1,12.974955832634155,0
WRK-003674,1.0,0.1,10.656263741116398,0
WRK-003675,1.2760554573701772,0.1,23.47978136308065,0
WRK-003676,0.40080160320641284,0.1,10.713989607010156,0
WRK-003677,1.2760554573701772,0.1,25.830540894065948,0
WRK-003678,0.7164606842199535,0.1,9.681893967915558,0
WRK-003679,1.2,0.1,8.21918210726688,0
WRK-003680,1.2,0.1,14.929126781118358,0
WRK-003681,1.2,0.1,4.888596142220763,0
WRK-003682,1.0,0.1,146.27585635908528,0
WRK-003683,1.0,0.1,14.107131269723078,0
WRK-003684,1.0,0.1,16.126725228015605,1
WRK-003685,1.0,0.1,206.7743603024942,3
WRK-003686,1.0,0.1,0.5304931907570916,0
WRK-003687,1.0,0.1,17.30396523383163,0
WRK-003688,1.0,0.1,26.89931207857476,1
WRK-003689,1.2,0.1,14.330161167482778,0
WRK-003690,1.0,0.1,17.215897036771068,1
WRK-003691,0.8,0.1,14.542409661895013,0
WRK-003692,1.2,0.1,30.352725446116967,0
WRK-003693,1.0,0.1,9.346606619743815,1
WRK-003694,0.851063829787234,0.1,7.094245920399375,0
WRK-003695,0.40080160320641284,0.1,11.556842746198935,0
WRK-003696,1.2760554573701772,0.1,15.011293540950474,0
WRK-003697,1.2760554573701772,0.1,12.084273041974075,0
WRK-003698,1.0,0.1,130.36623935778988,5
WRK-003699,1.0,0.1,17.31000996598638,0
WRK-003700,1.0,0.1,0.5130587891523039,0
WRK-003701,0.9753480773451025,0.1,75.29295925011114,0
WRK-003702,1.0,0.1,12.127803966027201,0
WRK-003703,1.0,0.1,15.598569368466645,1
WRK-003704,0.40080160320641284,0.1,30.77740430364114,1
WRK-003705,1.0,0.1,11.559732596990418,0
WRK-003706,1.2760554573701772,0.1,20.31576214243033,0
WRK-003707,1.0,0.1,69.21701414430015,1
WRK-003708,1.2760554573701772,0.1,16.8552980731122,0
WRK-003709,1.2760554573701772,0.1,34.54547078131012,0
WRK-003710,0.40080160320641284,0.1,23.744014478396338,1
WRK-003711,0.40080160320641284,0.1,11.841498313553663,1
WRK-003712,0.40080160320641284,0.1,13.668922069408877,0
WRK-003713,1.2760554573701772,0.1,3.9877898571955535,1
WRK-003714,0.40080160320641284,0.1,16.502631393159398,0
WRK-003715,1.7949230461722967,0.1,12.436365016995076,0
WRK-003716,2.0,0.1,10.21705668887703,0
WRK-003717,2.0,0.1,4.114690619029286,0
WRK-003718,2.0,0.1,12.843892999003149,0
WRK-003719,1.3,0.1,45.42198584461504,2
WRK-003720,0.6,0.1,3.998092076759516,0
WRK-003721,1.0,0.1,14.775522842118658,0
WRK-003722,1.8181818181818181,1.0,6.01241151095495,0
WRK-003723,0.4,0.1,283.2213511528968,4
WRK-003724,1.0,0.1,0.6632045379934683,1
WRK-003725,1.0,0.1,40.16700243779248,0
WRK-003726,1.0,0.1,2.4499637808029977,2
WRK-003727,1.4127659574468086,0.1,14.754513856746254,0
WRK-003728,1.002004008016032,0.1,267.45216655563365,5
WRK-003729,0.6629787234042553,0.1,19.550057861986197,0
WRK-003730,1.0,0.1,3.600144270858636,0
WRK-003731,1.0,0.16544117647058823,31.07943431968622,0
WRK-003732,1.4,0.1,8.972842960041843,0
WRK-003733,0.78,0.1,11.475418945506306,0
WRK-003734,0.4721030042918455,0.1,3.121213830955378,0
WRK-003735,1.371063829787234,0.1,4.1620201121056875,0
WRK-003736,1.0,0.1,1.1274375409852864,0
WRK-003737,0.5991983967935872,0.1,0.04914712151640587,0
WRK-003738,0.5991983967935872,0.1,39.66615403889272,0
WRK-003739,0.998,0.1,232.08294788900048,3
WRK-003740,3.996,0.3351698806244261,11.979460177590633,0
WRK-003741,1.6,0.1,47.62684334388207,0
WRK-003742,1.6,0.1,12.79272793517954,1
WRK-003743,1.6,0.1,3.0322120901394607,0
WRK-003744,4.8,0.1,49.35843708262937,1
WRK-003745,2.0,0.1,202.585527192666,2
WRK-003746,1.002004008016032,0.1,0.3801409681835352,0
WRK-003747,1.002004008016032,0.1,30.320831041893513,1
WRK-003748,1.002004008016032,0.1,24.308622879922762,0
WRK-003749,1.002004008016032,0.1,36.4817327119679,1
WRK-003750,0.8,0.1652892561983471,21.107084475670376,0
WRK-003751,1.4,0.1652892561983471,4.582928786030483,0
WRK-003752,0.8,0.1652892561983471,21.50158379202663,0
WRK-003753,0.8,0.1652892561983471,25.077973584134774,0
WRK-003754,0.8,0.1652892561983471,32.50326462045942,0
WRK-003755,0.4998,0.1,10.112007498131819,1
WRK-003756,1.0759115361625822,0.1,11.51518500428525,0
WRK-003757,1.0759115361625822,0.1,15.12204694787896,0
WRK-003758,1.0759115361625822,0.1,13.667831473437621,0
WRK-003759,1.002004008016032,0.1652892561983471,11.57260357525103,0
WRK-003760,0.98,0.1652892561983471,6.570196509299041,0
WRK-003761,0.98,0.1652892561983471,3.3689579432868206,0
WRK-003762,0.98,0.1652892561983471,21.35593124442706,0
WRK-003763,0.3333333333333333,0.1,30.654228291267593,0
WRK-003764,0.6666666666666666,0.1,14.453348537674959,1
WRK-003765,0.75,0.1,13.370441871961908,0
WRK-003766,0.4444444444444444,0.1,54.60329964799257,0
WRK-003767,1.25,0.1,23.63964224417002,0
WRK-003768,1.25,1.0,12.524281229699367,0
WRK-003769,1.25,1.0,10.509305442835409,0
WRK-003770,1.25,1.0,9.367471468138707,0
WRK-003771,1.0,1.0,16.95350292925855,1
WRK-003772,1.25,1.0,156.34972791310884,5
WRK-003773,2.5,1.0,31.59714429218958,0
WRK-003774,1.0,1.0,208.09250105839413,2
WRK-003775,1.25,1.0,32.3385539128688,0
WRK-003776,1.25,1.0,22.774004581741295,1
WRK-003777,1.0,1.0,8.402529426283149,1
WRK-003778,1.0,1.0,5.823552011926404,2
WRK-003779,1.0,1.0,22.56392463714962,0
WRK-003780,1.0,1.0,14.48984729539097,1
WRK-003781,1.0,1.0,148.44028595466193,5
WRK-003782,1.0,1.0,11.731902331070811,0
WRK-003783,1.0,1.0,24.429847185257895,0
WRK-003784,1.0,1.0,249.89897353622575,3
WRK-003785,1.0,1.0,16.705249357167965,0
WRK-003786,1.0,1.0,23.48310033951257,0
WRK-003787,1.0,0.1,18.607212455564056,0
WRK-003788,1.0,0.1,16.62807078955118,0
WRK-003789,1.0,0.1,6.3109588880178515,1
WRK-003790,0.6666666666666666,0.1,25.209965307300703,1
WRK-003791,10.0,0.3348623853211009,14.006250504036908,0
WRK-003792,1.0527426160337552,0.1,29.375225162629608,0
WRK-003793,0.2921940928270042,0.1,22.680386407937757,0
WRK-003794,1.0506329113924051,0.1,0.7305891626900934,0
WRK-003795,1.0537974683544304,0.1,11.790240819760315,0
WRK-003796,1.0537974683544304,0.1,9.003882770415663,0
WRK-003797,1.0214135021097046,0.1,6.437207755914289,0
WRK-003798,1.25,1.0,16.963109836306675,1
WRK-003799,1.0,1.0,5.6863620720129004,1
WRK-003800,1.25,1.0,3.329262244037712,1
WRK-003801,1.0,1.0,3.39451709813299,0
WRK-003802,1.0,1.0,3.9239088212088546,0
WRK-003803,1.0,1.0,178.06147439408272,4
WRK-003804,1.6,0.1,54.5063239361048,0
WRK-003805,1.6,0.1,7.732969705928932,0
WRK-003806,1.0,1.0,33.879975387505425,0
WRK-003807,0.5991983967935872,0.1,3.8953510544636205,1
WRK-003808,1.0,0.1,8.165763445547865,0
WRK-003809,3.1837583661385924,0.1,33.65044785990226,1
WRK-003810,1.0909090909090908,0.1,23.476215510612953,1
WRK-003811,0.8,0.1,24.0255328819271,0
WRK-003812,0.8571428571428571,0.1,29.236895763127322,0
WRK-003813,1.1428571428571428,0.1,55.636840059376965,0
WRK-003814,1.002004008016032,0.1,21.457403656253287,0
WRK-003815,5.243195002231147,1.0,2.890596750383436,1
WRK-003816,3.1236055332440875,0.1,30.672881784894024,1
WRK-003817,1.0,1.0,259.5740201253714,2
WRK-003818,0.4238095238095238,1.0,32.110204368006166,2
WRK-003819,0.8888888888888888,0.24770642201834864,6.967951246705702,0
WRK-003820,3.3266666666666667,1.0,15.438074247961246,0
WRK-003821,3.497777777777778,0.1,1.475389764954058,0
WRK-003822,1.0,0.1,6.976672999281567,1
WRK-003823,1.0,0.1,11.557036623047015,0
WRK-003824,1.0,0.1,8.944284203004008,0
WRK-003825,1.0,0.1,31.449947676517827,0
WRK-003826,1.3414524805738195,1.0,8.73398012329342,0
WRK-003827,1.3414524805738195,1.0,86.61764710024885,0
WRK-003828,1.3414524805738195,1.0,7.461205363305609,0
WRK-003829,1.3414524805738195,1.0,14.006353746461034,2
WRK-003830,1.3414524805738195,1.0,1.459831541702017,0
WRK-003831,1.3414524805738195,1.0,16.484521644087827,2
WRK-003832,1.3414524805738195,1.0,9.3487044520869,0
WRK-003833,1.3414524805738195,1.0,72.44872571234409,0
WRK-003834,1.3414524805738195,1.0,13.616556707020289,1
WRK-003835,1.3414524805738195,1.0,1.4670671096739654,0
WRK-003836,1.3414524805738195,1.0,1.9559257624524398,0
WRK-003837,1.3414524805738195,1.0,1.6568870049848028,0
WRK-003838,1.3414524805738195,1.0,7.557111567145663,0
WRK-003839,1.3414524805738195,1.0,6.678849806488262,0
WRK-003840,1.3414524805738195,1.0,65.88927371344928,0
WRK-003841,1.0,0.1,3.688930799859726,0
WRK-003842,1.0,0.1,20.495880778656762,0
WRK-003843,1.0,0.1,9.668263467825483,1
WRK-003844,1.0,0.1,21.36014993246086,0
WRK-003845,1.0,0.1,6.75023227412173,0
WRK-003846,1.2461538461538462,0.1,1.1948765661663907,0
WRK-003847,1.0,0.1,4.370246510676311,0
WRK-003848,1.0,0.1,8.167008073085555,0
WRK-003849,1.0,0.1,42.292146752232696,1
WRK-003850,1.0,0.1,23.502500768482903,1
WRK-003851,1.3414524805738195,1.0,4.556384518814665,0
WRK-003852,1.3414524805738195,1.0,11.471527272784254,0
WRK-003853,1.3414524805738195,1.0,7.134722068846047,0
WRK-003854,1.3414524805738195,1.0,0.4441703787332817,1
WRK-003855,1.3414524805738195,1.0,3.017364628291142,0
WRK-003856,1.3414524805738195,1.0,24.37229689219665,0
WRK-003857,1.3414524805738195,1.0,284.8092927743431,3
WRK-003858,1.3414524805738195,1.0,9.323435490435681,0
WRK-003859,1.3414524805738195,1.0,20.82449963629598,0
WRK-003860,1.3414524805738195,1.0,33.82058248893441,0
WRK-003861,1.0,0.1,32.49539347826659,0
WRK-003862,1.3414524805738195,1.0,2.6946094279603483,0
WRK-003863,1.3414524805738195,1.0,48.242336770810596,1
WRK-003864,1.3414524805738195,1.0,3.4195491737706063,0
WRK-003865,1.3414524805738195,1.0,25.60470226727775,0
WRK-003866,1.3414524805738195,1.0,2.0981255775545464,1
WRK-003867,1.3414524805738195,1.0,4.439954246527653,1
WRK-003868,1.0,0.1,26.23838132461898,0
WRK-003869,1.6,0.1,6.313915947013989,1
WRK-003870,1.0,0.1,6.06595064634435,0
WRK-003871,2.1818181818181817,1.0,51.22835610572582,0
WRK-003872,1.3414524805738195,1.0,3.2902040159631563,0
WRK-003873,1.3414524805738195,1.0,17.906051443711956,0
WRK-003874,1.3414524805738195,1.0,34.694720996735285,1
WRK-003875,1.3414524805738195,1.0,17.50672226271101,0
WRK-003876,1.3414524805738195,1.0,9.957524545767956,1
WRK-003877,1.3414524805738195,1.0,0.4451084492769909,1
WRK-003878,1.3414524805738195,1.0,22.159978743248566,2
WRK-003879,1.3414524805738195,1.0,256.5083173785289,3
WRK-003880,1.3414524805738195,1.0,16.504444450312064,0
WRK-003881,1.3414524805738195,1.0,15.903280070452187,0
WRK-003882,1.3414524805738195,1.0,23.181558222878103,1
WRK-003883,1.3414524805738195,1.0,3.025915216718256,1
WRK-003884,1.3414524805738195,1.0,8.905318891272655,1
WRK-003885,1.3414524805738195,1.0,42.039569543627266,2
WRK-003886,1.3414524805738195,1.0,1.3899940369976493,0
WRK-003887,1.3414524805738195,1.0,157.90252324635048,4
WRK-003888,1.3414524805738195,1.0,28.148300961337817,1
WRK-003889,2.0,0.1,8.267606575226264,0
WRK-003890,1.3414524805738195,1.0,12.850091897793227,0
WRK-003891,1.3414524805738195,1.0,23.75104961427286,0
WRK-003892,1.3414524805738195,1.0,1.5930493118706124,0
WRK-003893,1.3414524805738195,1.0,14.443906358085751,1
WRK-003894,1.3414524805738195,1.0,18.78312489729453,3
WRK-003895,1.3414524805738195,1.0,32.06878468953098,0
WRK-003896,1.3414524805738195,1.0,35.19062363426799,1
WRK-003897,1.1,1.0,56.20667424881108,1
WRK-003898,1.178646594319138,0.1,127.98136606597974,2
WRK-003899,1.178646594319138,0.1,37.76470624571505,2
WRK-003900,1.3414524805738195,1.0,5.755671573477836,0
WRK-003901,1.3414524805738195,1.0,15.380314371943394,0
WRK-003902,1.3414524805738195,1.0,20.00355413841662,0
WRK-003903,1.3414524805738195,1.0,11.298360759713855,0
WRK-003904,1.3414524805738195,1.0,17.427961073558553,0
WRK-003905,1.3414524805738195,1.0,46.10816634800716,0
WRK-003906,1.3414524805738195,1.0,20.883921902429407,0
WRK-003907,0.8,0.1,13.324664691809625,0
WRK-003908,1.3414524805738195,1.0,43.481219336038556,0
WRK-003909,1.3414524805738195,1.0,47.23826939975443,0
WRK-003910,1.3414524805738195,1.0,241.52757913718,5
WRK-003911,1.3414524805738195,1.0,12.941706113811735,0
WRK-003912,1.68,0.1,33.00197558109374,0
WRK-003913,1.0,0.1,53.27246759999006,0
WRK-003914,1.0,0.1,10.936280456826655,0
WRK-003915,1.0,0.1,11.8021309077915,1
WRK-003916,1.0,0.1,34.81193694070832,2
WRK-003917,0.2,0.1,13.65440451285949,1
WRK-003918,1.4,0.1,14.172857654273292,2
WRK-003919,1.4,0.1,21.119484142521788,0
WRK-003920,1.0,0.1,2.826733404064124,0
WRK-003921,1.0,0.1,17.181124050846513,0
WRK-003922,0.8,0.1,1.8981918787607024,0
WRK-003923,1.4,0.1,1.654649474346104,1
WRK-003924,1.0,0.1,29.150221432895798,0
WRK-003925,2.0,0.1,16.3155419077657,0
WRK-003926,1.3414524805738195,1.0,0.37953605197945695,0
WRK-003927,1.3414524805738195,1.0,15.883912931195637,0
WRK-003928,0.4,0.1,18.81849674491907,0
WRK-003929,1.3414524805738195,1.0,4.166270173396486,0
WRK-003930,1.3414524805738195,1.0,4.146441645312868,0
WRK-003931,1.3414524805738195,1.0,1.7427752124892737,0
WRK-003932,1.3414524805738195,1.0,11.080908635985779,1
WRK-003933,1.0,0.1,19.9460054048856,0
WRK-003934,0.5,0.1,67.5251589468097,0
WRK-003935,1.6,0.1,5.180530948786077,0
WRK-003936,1.3414524805738195,1.0,19.88972375432315,0
WRK-003937,1.6,0.1,10.320236828896745,0
WRK-003938,1.2,0.1,18.5691810514642,1
WRK-003939,1.2,0.1,27.018529886344336,1
WRK-003940,1.2,0.1,9.587468471651976,0
WRK-003941,1.2,0.1,1.7838471287186448,1
WRK-003942,2.0,0.1,30.15381779491307,1
WRK-003943,1.3414524805738195,1.0,14.696741688308368,0
WRK-003944,1.3414524805738195,1.0,176.60196213843915,3
WRK-003945,1.3414524805738195,1.0,4.136530888884404,0
WRK-003946,1.3414524805738195,1.0,2.8078425362355826,0
WRK-003947,1.0485232067510548,0.1,3.6320561083091087,2
WRK-003948,0.75,0.1,81.42337088142003,0
WRK-003949,2.2257383966244726,0.1,36.62068217491291,0
WRK-003950,0.9546413502109705,0.1,6.0898999246639125,0
WRK-003951,1.2,1.0,7.325211180114209,0
WRK-003952,0.625,0.1,19.721397856217454,0
WRK-003953,1.0,0.1,11.229471991621388,0
WRK-003954,1.0,0.1,6.645980089038815,0
WRK-003955,1.0,0.1,7.846401820282227,0
WRK-003956,1.0,0.1,41.44772393955221,1
WRK-003957,0.8888888888888888,0.1,22.300732891512595,0
WRK-003958,1.0,0.1,41.68697183858989,0
WRK-003959,1.178646594319138,0.1,53.00847371013626,1
WRK-003960,0.8651610316717894,0.1,141.0754632967427,5
WRK-003961,0.9314345991561181,0.1,19.761505759848895,1
WRK-003962,1.0,1.0,3.1898142549353574,0
WRK-003963,1.0,0.1,14.439460909418564,0
WRK-003964,0.49889992666177746,1.0,7.226156195834157,0
WRK-003965,1.0,1.0,49.62234250923731,0
WRK-003966,0.587331284244287,0.1,6.540698169402379,0
WRK-003967,1.8980866062437058,0.1,8.120403960911535,0
WRK-003968,1.0,0.1,50.9620100291651,0
WRK-003969,1.3,1.0,77.91795070849416,0
WRK-003970,0.3333555570371358,0.1,19.936626416946737,0
WRK-003971,1.178646594319138,0.1,16.557634031958035,0
WRK-003972,1.178646594319138,0.1,6.76339246889283,0
WRK-003973,0.4666977798519901,1.0,29.319915126315305,0
WRK-003974,1.178646594319138,0.1,13.826603681880288,0
WRK-003975,1.178646594319138,0.1,15.22693666694481,0
WRK-003976,0.6171744782985532,0.1,13.39683512691338,0
WRK-003977,1.0,0.1,12.87150892349824,0
WRK-003978,1.0,0.1,6.633366613641151,0
WRK-003979,0.501002004008016,0.1,84.00690617465438,0
WRK-003980,0.6012024048096193,0.1,139.26373738791617,4
WRK-003981,0.6012024048096193,0.1,81.39557222878562,0
WRK-003982,0.6012024048096193,0.1,90.23617404561267,0
WRK-003983,0.6012024048096193,0.1,9.310232837883312,1
WRK-003984,0.501002004008016,0.1,13.28084700366098,0
WRK-003985,0.501002004008016,0.1,30.582258130670425,0
WRK-003986,0.729957805907173,0.1,8.175609074396794,1
WRK-003987,0.501002004008016,0.1,51.1989934110632,1
WRK-003988,0.501002004008016,0.1,12.828792857212095,0
WRK-003989,0.501002004008016,0.1,8.929426369329562,0
WRK-003990,0.6867088607594937,0.1,10.764153810386594,3
WRK-003991,1.002004008016032,0.1,162.8998825211029,4
WRK-003992,0.501002004008016,0.1,7.262070756242146,0
WRK-003993,1.0,0.1,81.06459473640227,0
WRK-003994,1.0,0.1,178.74820307272807,3
WRK-003995,0.501002004008016,0.1,9.47352518346674,0
WRK-003996,0.6181434599156118,0.1,18.012969945161835,0
WRK-003997,1.890295358649789,0.1,17.14684212909996,0
WRK-003998,0.8459915611814346,0.1,2.4718917277427424,0
WRK-003999,1.6265822784810127,0.1,21.45128861931512,1
WRK-004000,0.501002004008016,0.1,2.406791950229717,0
WRK-004001,0.501002004008016,0.1,4.575232106246154,0
WRK-004002,0.501002004008016,0.1,1.1830659785955515,0
WRK-004003,0.501002004008016,0.1,158.70698061502543,3
WRK-004004,0.501002004008016,0.1,25.198087673315843,0
WRK-004005,0.501002004008016,0.1,8.696515178954265,0
WRK-004006,0.501002004008016,0.1,21.671070123237982,0
WRK-004007,0.3291139240506329,0.1,44.55753681131776,1
WRK-004008,0.4757383966244726,0.1,3.7630349910256875,0
WRK-004009,1.0,0.1,9.511214432515127,1
WRK-004010,0.310126582278481,0.1,2.206831203763814,2
WRK-004011,0.6508438818565401,0.1,0.3145651042390133,0
WRK-004012,1.0,0.1,3.448494488236178,0
WRK-004013,0.5714285714285714,0.1,20.046693880771937,0
WRK-004014,0.7457805907172996,0.1,15.866220696636317,0
WRK-004015,0.9430379746835443,0.1,10.5104844452193,1
WRK-004016,0.7331223628691983,0.1,17.733260335191357,1
WRK-004017,0.4704641350210971,0.1,37.6758348998301,0
WRK-004018,1.371308016877637,0.1,16.74086438275078,0
WRK-004019,1.0411392405063291,0.1,27.778827716658633,1
WRK-004020,0.6677215189873418,0.1,12.766057314749894,1
WRK-004021,0.6223628691983122,0.1,0.9018806130608947,1
WRK-004022,2.2222222222222223,0.1,10.651843399655874,1
WRK-004023,1.0,1.0,39.15488183924789,0
WRK-004024,1.0,1.0,18.31208063795557,1
WRK-004025,0.6857142857142857,0.1,91.10743557807072,0
WRK-004026,0.42857142857142855,0.1,19.90494302223308,1
WRK-004027,0.5142857142857142,0.1,32.766247342661984,1
WRK-004028,0.5714285714285714,0.1,36.12983232826815,1
WRK-004029,0.5714285714285714,0.1,15.391842546801527,0
WRK-004030,0.6,0.1,12.92966522774039,1
WRK-004031,0.8571428571428571,0.1,19.993213792892472,0
WRK-004032,0.8,0.1,35.170904341677755,0
WRK-004033,0.8,0.1,27.829233402125247,0
WRK-004034,0.8571428571428571,0.1,26.30373282000894,1
WRK-004035,1.3987341772151898,0.1,3.5003921731628314,1
WRK-004036,0.8571428571428571,0.1,10.408428000025081,0
WRK-004037,0.8571428571428571,0.1,24.27342038510368,0
WRK-004038,1.0,1.0,13.058160147337297,0
WRK-004039,1.1782700421940928,0.1,151.51000348040387,3
WRK-004040,0.6592827004219409,0.1,1.1897748709467801,0
WRK-004041,1.0432489451476794,0.1,7.439030467043897,0
WRK-004042,0.6666666666666666,0.24725274725274726,1.035911550519949,1
WRK-004043,1.0,0.1,7.010105175961482,0
WRK-004044,1.9,1.0,0.26675297136474585,0
WRK-004045,1.2,0.16483516483516483,82.01316568666137,1
WRK-004046,2.0,0.1,20.01941143419931,0
WRK-004047,1.0,0.1,17.48777507086745,1
WRK-004048,1.0,0.1,216.29089529639293,4
WRK-004049,1.0,0.1,7.84047927079332,0
WRK-004050,1.0,0.1,3.954131416207791,0
WRK-004051,1.0,0.1,21.75252804302502,1
WRK-004052,0.9345991561181435,0.1,2.9488698469474417,1
WRK-004053,0.0770042194092827,0.1,1.0684265765418652,2
WRK-004054,0.40080160320641284,0.1,8.724032204692303,0
WRK-004055,2.0,0.1,18.59888111485319,0
WRK-004056,0.5859911428160162,0.1,1.965023998249851,1
WRK-004057,0.314,0.1,36.83348993483658,0
WRK-004058,1.0,0.1,16.57056915437542,2
WRK-004059,0.5859911428160162,1.0,53.60954844167488,1
WRK-004060,0.5859911428160162,1.0,0.888688529817304,1
WRK-004061,0.5859911428160162,1.0,0.31262885147522423,0
WRK-004062,0.5859911428160162,1.0,6.074177625061744,0
WRK-004063,3.0,0.1,0.6687184732864154,1
WRK-004064,1.0,0.1,32.2571786274395,0
WRK-004065,1.0,1.0,26.332497019358545,0
WRK-004066,1.0,1.0,10.657997796285862,0
WRK-004067,1.0,1.0,3.993763878553129,0
WRK-004068,0.75,0.1,16.112350613922263,1
WRK-004069,0.5859911428160162,1.0,16.345748588541976,0
WRK-004070,0.5859911428160162,1.0,32.02958766624439,0
WRK-004071,0.5859911428160162,1.0,4.192860500941231,0
WRK-004072,1.0,1.0,27.481677549604125,0
WRK-004073,1.0,1.0,23.38610721701972,2
WRK-004074,1.0,1.0,11.394221675929977,1
WRK-004075,1.0,1.0,1.0527372145709473,0
WRK-004076,0.5859911428160162,0.1,2.486344598740136,1
WRK-004077,1.0,1.0,2.240128371577193,1
WRK-004078,0.42857142857142855,1.0,15.762434950849322,1
WRK-004079,1.0,1.0,38.51567353163329,0
WRK-004080,0.6666666666666666,1.0,21.70229957970543,0
WRK-004081,1.108332995669159,0.1,5.421405367048965,1
WRK-004082,1.1035659720318722,0.05489478499542543,19.01765282463105,0
WRK-004083,1.108332995669159,0.1,22.9190297601874,0
WRK-004084,1.108332995669159,0.1,80.87513467054166,0
WRK-004085,1.108332995669159,0.1,1.053812192731002,0
WRK-004086,4.264451476793249,0.1,16.577842455120436,1
WRK-004087,8.162447257383967,0.1,44.39111684802191,0
WRK-004088,0.9883720930232558,0.1,1.1171623623683473,0
WRK-004089,1.108332995669159,0.1,5.871726761652447,0
WRK-004090,1.7777777777777777,1.0,19.261071316213712,0
WRK-004091,1.104417670682731,1.0,10.128375385420131,0
WRK-004092,1.104417670682731,1.0,14.153099237099854,0
WRK-004093,1.4285714285714286,0.1,13.709850702758402,0
WRK-004094,2.142857142857143,0.33394327538883806,22.77035494385818,0
WRK-004095,1.104417670682731,0.1,8.643698082322995,0
WRK-004096,0.9883720930232558,0.1,24.43057865895357,0
WRK-004097,0.7,0.16468435498627632,30.235823545900566,2
WRK-004098,0.9482373940205265,1.0,18.128397542706466,0
WRK-004099,0.9883720930232558,0.05489478499542543,272.0173872916554,4
WRK-004100,1.9767441860465116,0.05489478499542543,43.156933649722504,1
WRK-004101,0.9883720930232558,0.05489478499542543,0.6687198186312708,0
WRK-004102,1.9767441860465116,0.05489478499542543,13.675968478671498,0
WRK-004103,1.9767441860465116,0.05489478499542543,134.52059198197531,5
WRK-004104,4.0,0.16468435498627632,9.504250376324851,0
WRK-004105,1.5618027666220438,0.33394327538883806,7.99380331911099,0
WRK-004106,0.25,0.16468435498627632,2.569973775313457,1
WRK-004107,0.25,0.16468435498627632,11.67259211103162,0
WRK-004108,9.370816599732262,0.33394327538883806,53.547270188471245,0
WRK-004109,4.285714285714286,0.10978956999085086,0.6455876467641285,1
WRK-004110,5.714285714285714,0.10978956999085086,1.188397462464983,2
WRK-004111,1.4666666666666666,0.08234217749313816,45.947234607248035,0
WRK-004112,0.9883720930232558,0.1,101.79744301587688,0
WRK-004113,0.9883720930232558,0.1,19.08844653371662,0
WRK-004114,0.9883720930232558,0.1,99.3985989755003,0
WRK-004115,3.0120481927710845,0.1,15.72313210604971,0
WRK-004116,1.0,0.16468435498627632,16.259677377567385,0
WRK-004117,1.744186046511628,0.1,25.884035948790526,0
WRK-004118,0.9883720930232558,1.0,75.21070809962318,1
WRK-004119,0.9883720930232558,1.0,6.810166843856576,0
WRK-004120,0.9883720930232558,0.1,15.327963670823792,0
WRK-004121,1.4534883720930232,0.05489478499542543,54.13384719248127,0
WRK-004122,1.7570281124497993,0.1,50.65807412089609,0
WRK-004123,0.5020080321285141,0.1,44.98211894958163,0
WRK-004124,2.0080321285140563,0.1,24.02948532551559,0
WRK-004125,0.5,1.0,24.091146245606016,1
WRK-004126,1.0,1.0,15.804719089843848,0
WRK-004127,0.5991983967935872,0.1,1.5134805616569482,1
WRK-004128,3.996,0.1,8.814529445076207,1
WRK-004129,1.0,1.0,27.7714025003938,0
WRK-004130,1.0,1.0,9.371378315048409,0
WRK-004131,1.0,1.0,6.767719052975254,0
WRK-004132,1.6666666666666667,0.1,0.43667459170808576,1
WRK-004133,0.5,0.1,33.00974444556518,0
WRK-004134,2.097777777777778,0.1,15.54072467041772,0
WRK-004135,1.7333333333333334,0.1,9.69163951069112,1
WRK-004136,6.349206349206349,0.1,22.047531614638068,0
WRK-004137,1.5873015873015872,0.1,3.5376487796293143,1
WRK-004138,1.6666666666666667,0.1,41.96853710605889,0
WRK-004139,0.4222222222222222,1.0,290.68444174840005,5
WRK-004140,0.9963636363636363,1.0,40.20038378782896,0
WRK-004141,0.5,1.0,0.4900909947457258,1
WRK-004142,2.1008583690987126,1.0,3.748694037718473,1
WRK-004143,0.501002004008016,1.0,2.24868806904757,0
WRK-004144,1.0,0.1,5.230317857375266,0
WRK-004145,2.5352320675105484,0.16453382084095064,24.6808462676606,0
WRK-004146,2.0285714285714285,0.24680073126142596,2.4809042284625353,0
WRK-004147,1.0040080160320641,0.1,61.752399294498986,0
WRK-004148,1.2,0.1,19.392721002621936,0
WRK-004149,1.002004008016032,0.1,30.87102283766719,1
WRK-004150,1.002004008016032,0.1,62.747611703289074,0
WRK-004151,2.0,0.1,8.66024193298951,0
WRK-004152,1.0,0.1,24.38826085921847,0
WRK-004153,0.8,0.1,1.5827278448603592,0
WRK-004154,0.8,0.1,1.1138616673961599,1
WRK-004155,1.0411081265591802,0.1,13.369248335867903,0
WRK-004156,2.4997313272434174,0.1,21.005852918834947,0
WRK-004157,0.501002004008016,0.1,24.774056714109605,0
WRK-004158,0.501002004008016,0.1,39.70545816769065,0
WRK-004159,0.501002004008016,0.1,33.553330435239985,0
WRK-004160,0.501002004008016,0.1,17.55078139963991,0
WRK-004161,0.501002004008016,0.1,12.86132596149588,0
WRK-004162,2.4997313272434174,0.1,9.759619902677391,1
WRK-004163,2.4997313272434174,0.1,0.12197921140105153,0
WRK-004164,2.4997313272434174,0.1,22.9582222934326,0
WRK-004165,1.0,0.1,38.627545927448864,0
WRK-004166,1.0,0.1,29.61867775008102,0
WRK-004167,1.0,0.1,8.474676164558758,0
WRK-004168,2.0,0.1,12.673390281357984,0
WRK-004169,0.25,0.1,9.417215418405368,0
WRK-004170,2.4997313272434174,0.1,11.877816652157518,0
WRK-004171,2.4997313272434174,0.1,15.890075880976118,3
WRK-004172,2.4997313272434174,0.1,1.9242603116031716,1
WRK-004173,0.8417721518987342,0.16453382084095064,5.584024309176014,0
WRK-004174,1.0,0.24680073126142596,2.3434886910235053,1
WRK-004175,1.25,0.1,0.19419357765307063,0
WRK-004176,1.2498656636217087,0.1,7.36090662356271,1
WRK-004177,4.999462654486835,0.1,10.984669110551042,0
WRK-004178,1.2498656636217087,0.1,10.065453231976516,0
WRK-004179,2.4997313272434174,0.1,0.7254050890709807,0
WRK-004180,2.4997313272434174,0.1,34.30943300524186,1
WRK-004181,2.4997313272434174,0.1,3.3122970106730074,0
WRK-004182,2.4997313272434174,0.1,18.348637726195744,1
WRK-004183,2.4997313272434174,0.1,19.383674611920746,3
WRK-004184,2.4997313272434174,0.1,2.4743908973977273,0
WRK-004185,2.4997313272434174,0.1,0.6705140582499286,1
WRK-004186,2.4997313272434174,0.1,0.5166041026529941,0
WRK-004187,2.4997313272434174,0.1,6.567327173309455,0
WRK-004188,3.1248432742253267,0.1,17.326961127886065,0
WRK-004189,1.8749776106036182,0.1,124.07345148746194,5
WRK-004190,1.1365079365079365,0.1,1.453772289945231,1
WRK-004191,0.6666666666666666,0.1,17.876355276955216,0
WRK-004192,0.9523809523809523,0.1,3.117472324188881,0
WRK-004193,0.8888888888888888,0.1,33.189073366872336,0
WRK-004194,1.0,0.10968921389396709,13.496428023465581,0
WRK-004195,1.0,0.10968921389396709,17.671555203002526,0
WRK-004196,0.25,0.054844606946983544,172.78462400278647,3
WRK-004197,2.1176470588235294,0.1,3.540422828500531,0
WRK-004198,0.8888888888888888,0.3336380255941499,16.346202687766027,0
WRK-004199,1.4995,0.1,8.437275804070131,0
WRK-004200,1.352,0.1,2.824382003761788,0
WRK-004201,1.4995,0.1,18.02467255894294,0
WRK-004202,1.4995,0.1,0.7031288932228734,0
WRK-004203,1.0,1.0,37.42157118882487,0
WRK-004204,2.8,0.1,289.4330601962221,3
WRK-004205,2.0,0.1,78.88679954352581,0
WRK-004206,2.0,0.1,12.327224749283923,0
WRK-004207,1.1266666666666667,0.1,50.38046191654482,0
WRK-004208,3.3233333333333333,0.1,4.042408080342625,0
WRK-004209,0.4444444444444444,0.1,15.083319700029046,0
WRK-004210,0.4444444444444444,0.1,15.012014415258989,0
WRK-004211,2.3466666666666667,0.1,23.20798461981041,0
WRK-004212,0.9523809523809523,0.1,58.16722653219006,1
WRK-004213,2.5233333333333334,1.0,31.68396273262511,2
WRK-004214,1.5555555555555556,0.1,1.5446907637219516,0
WRK-004215,1.0,0.1,16.727943670735787,0
WRK-004216,4.88,0.1,7.69882539814783,0
WRK-004217,3.2870084672311486,0.1,2.7228585784159396,0
WRK-004218,3.2870084672311486,0.1,13.066738656364535,0
WRK-004219,3.2870084672311486,0.1,10.218056518295542,0
WRK-004220,3.2870084672311486,0.1,223.63466850615183,3
WRK-004221,3.2870084672311486,0.1,15.853879248954419,0
WRK-004222,3.2870084672311486,0.1,1.9719896461535804,1
WRK-004223,1.0,0.1,27.857244692038975,0
WRK-004224,2.5,0.1,6.016201462236656,0
WRK-004225,1.0,0.1,17.95160646401082,1
WRK-004226,0.5,1.0,3.7927100423216995,0
WRK-004227,1.0909090909090908,1.0,45.97412192633908,1
WRK-004228,0.6,1.0,1.0989531892439783,0
WRK-004229,1.4285714285714286,0.3336380255941499,43.8823755100655,0
WRK-004230,1.0,0.1,3.9624901574481424,0
WRK-004231,1.0,0.1,3.1482015500762706,0
WRK-004232,1.0,0.1,18.386969488323686,0
WRK-004233,1.0,0.1,15.81687084708254,0
WRK-004234,1.0,0.1,63.27005291792862,0
WRK-004235,1.0,1.0,13.481478348574408,1
WRK-004236,1.0,0.1,4.665785810609732,0
WRK-004237,1.0,0.1,17.708227618578714,1
WRK-004238,1.0,0.1,15.992509668979658,0
WRK-004239,1.0,0.1,15.979200080664596,0
WRK-004240,1.0,0.1,68.12572241250835,0
WRK-004241,1.0,0.1,298.395899575151,3
WRK-004242,1.0,0.1,11.009844388163847,0
WRK-004243,1.0,0.1,34.73327795486468,0
WRK-004244,1.0,0.1,21.185551146906153,0
WRK-004245,0.6,1.0,4.593076053536806,0
WRK-004246,1.0,0.1,287.6309714209357,5
WRK-004247,1.4,0.1643835616438356,3.6560231992172705,0
WRK-004248,1.0,0.2465753424657534,21.739909487888212,0
WRK-004249,1.0,1.0,38.794327351758504,0
WRK-004250,1.5,1.0,28.688062912948563,0
WRK-004251,1.0,1.0,0.2760409566803409,1
WRK-004252,0.7142857142857143,1.0,14.230638816659852,0
WRK-004253,1.0,0.1,252.47262869001904,3
WRK-004254,0.25396825396825395,0.1,7.7873976105065035,1
WRK-004255,1.0,0.1,27.589388266083276,0
WRK-004256,1.0,0.1,3.825261233706654,0
WRK-004257,1.0,0.1,52.91961659962168,0
WRK-004258,2.0,0.1,0.5397337961478705,0
WRK-004259,1.0,0.1,3.7812094617382916,0
WRK-004260,1.4982,1.0,1.0267842419115185,0
WRK-004261,1.4951,1.0,13.62935887710549,0
WRK-004262,1.3414524805738195,1.0,5.705075758151846,0
WRK-004263,1.0411081265591802,0.1,14.046722850318709,1
WRK-004264,1.0411081265591802,0.1,41.69141929039527,0
WRK-004265,1.0411081265591802,0.1,19.522647757987002,0
WRK-004266,0.6,0.1,0.9462424635693509,0
WRK-004267,1.0411081265591802,0.1,0.10703452725571314,1
WRK-004268,1.0411081265591802,0.1,21.726441322548432,0
WRK-004269,1.0411081265591802,0.1,218.03149238978918,3
WRK-004270,0.1513968253968254,0.1,14.728023945964363,0
WRK-004271,1.0411081265591802,0.1,48.14334734729093,0
WRK-004272,1.002004008016032,0.1,16.304997037214314,1
WRK-004273,1.0411081265591802,0.1,26.134918918488978,1
WRK-004274,1.0411081265591802,0.1,9.659404937930605,0
WRK-004275,1.0411081265591802,0.1,9.96318702527504,1
WRK-004276,1.0411081265591802,0.1,0.7006284356725457,1
WRK-004277,1.0411081265591802,0.1,3.2056883052372145,0
WRK-004278,0.4,0.1,0.916548235317932,0
WRK-004279,0.501002004008016,0.1,7.576830877364383,0
WRK-004280,1.0,1.0,22.17903328352241,1
WRK-004281,0.8,0.1,2.745617026739478,0
WRK-004282,0.8571428571428571,0.1,35.95743479322155,1
WRK-004283,0.8571428571428571,0.1,14.792958249264359,2
WRK-004284,1.0,0.1,18.113860050271143,0
WRK-004285,1.0,0.1,33.99816874422417,1
WRK-004286,1.0,0.1,13.569497877826254,0
WRK-004287,1.0,0.1,18.247867630985056,1
WRK-004288,0.8,0.1,15.242001613745257,1
WRK-004289,0.8,0.1,1.3653437104701616,1
WRK-004290,0.8,0.1,4.1148898423219045,0
WRK-004291,1.0,0.1,31.58587631444589,1
WRK-004292,0.8571428571428571,0.1,68.93296923809307,0
WRK-004293,0.8,0.1,3.5270095546882922,3
WRK-004294,1.0,0.1,260.6016946029848,4
WRK-004295,0.6857142857142857,0.1,6.011018688123699,0
WRK-004296,0.6012024048096193,0.1,20.820155716454096,0
WRK-004297,1.0411081265591802,0.1,15.748094355446273,0
WRK-004298,1.3414524805738195,1.0,0.8190962444879424,0
WRK-004299,1.3414524805738195,1.0,68.79521112607294,0
WRK-004300,0.4444444444444444,0.1,51.53545447706571,0
WRK-004301,1.3414524805738195,1.0,25.290435566893716,0
WRK-004302,1.3414524805738195,1.0,15.521693235178786,0
WRK-004303,2.6371308016877637,0.1,6.781964213517443,0
WRK-004304,1.3414524805738195,1.0,133.64923190180588,4
WRK-004305,0.5555555555555556,0.1,8.011907274703926,2
WRK-004306,1.3414524805738195,1.0,10.219646776933939,0
WRK-004307,1.3414524805738195,1.0,1.4789653581781006,0
WRK-004308,1.3414524805738195,1.0,37.474611737988106,0
WRK-004309,1.3414524805738195,1.0,17.1423704410848,0
WRK-004310,1.3414524805738195,1.0,11.490836854873983,0
WRK-004311,1.3414524805738195,1.0,24.153068590003514,1
WRK-004312,1.3414524805738195,1.0,24.474497638740086,0
WRK-004313,1.3414524805738195,1.0,0.5776724111440242,2
WRK-004314,1.3414524805738195,1.0,3.4252275386139805,2
WRK-004315,1.3414524805738195,1.0,13.158450205329968,1
WRK-004316,1.3414524805738195,1.0,33.77856305120879,0
WRK-004317,1.3414524805738195,1.0,35.308442154332376,0
WRK-004318,1.3414524805738195,1.0,7.405385085003359,0
WRK-004319,1.3414524805738195,1.0,273.4754452609594,2
WRK-004320,0.35,0.1,0.42271595238346066,0
WRK-004321,0.8,0.1,23.734778173210337,0
WRK-004322,0.3532913505445103,0.1,11.875183228298777,0
WRK-004323,0.35,0.1,6.385300818207863,0
WRK-004324,0.7,0.1,15.63383395240469,1
WRK-004325,0.5,0.1,18.042840209313063,0
WRK-004326,0.3333333333333333,0.1,56.02814625961954,0
WRK-004327,0.8438818565400844,0.1,68.52003591638776,1
WRK-004328,1.3414524805738195,1.0,11.22295233710696,0
WRK-004329,1.0,0.1,34.69803138241488,0
WRK-004330,1.3414524805738195,1.0,10.155463128510009,2
WRK-004331,2.5,0.1,19.247522077708187,0
WRK-004332,0.5,0.1,4.839538854580932,0
WRK-004333,1.0,1.0,3.0823802203114328,0
WRK-004334,1.3414524805738195,1.0,15.394529884233453,0
WRK-004335,1.3414524805738195,1.0,7.811593685096641,0
WRK-004336,1.3414524805738195,1.0,6.913125946294699,2
WRK-004337,1.3414524805738195,1.0,1.268959253396576,0
WRK-004338,1.3414524805738195,1.0,2.6583289184790804,0
WRK-004339,1.0,1.0,21.929117108177483,0
WRK-004340,1.0,1.0,21.796918691810966,0
WRK-004341,1.0,1.0,12.551180451899972,0
WRK-004342,1.0,1.0,17.111935402055526,0
WRK-004343,1.0,1.0,1.0138227220437293,0
WRK-004344,1.0,1.0,33.59153637492825,0
WRK-004345,1.0,1.0,16.983803231729663,1
WRK-004346,1.0,1.0,22.724242682518113,0
WRK-004347,1.0,1.0,3.589948618118352,0
WRK-004348,1.0,1.0,20.87246932557712,1
WRK-004349,1.0,1.0,21.280654943128887,0
WRK-004350,1.0,1.0,7.870891880304979,0
WRK-004351,1.0,1.0,68.97123159772302,0
WRK-004352,1.0,1.0,7.903231126599023,0
WRK-004353,0.5555555555555556,0.1,43.991801097014225,2
WRK-004354,1.3414524805738195,1.0,33.574522749567755,1
WRK-004355,0.3333333333333333,0.1,46.44168820004392,0
WRK-004356,1.3414524805738195,1.0,11.555407031686862,0
WRK-004357,1.3414524805738195,1.0,4.295584781885947,0
WRK-004358,1.3414524805738195,1.0,3.5755374133426567,0
WRK-004359,1.3414524805738195,1.0,27.036651195306476,1
WRK-004360,1.3414524805738195,1.0,14.848412889885651,1
WRK-004361,1.3414524805738195,1.0,11.86243982125818,2
WRK-004362,1.3414524805738195,1.0,10.744797199056675,0
WRK-004363,1.0356358852005367,1.0,0.7746492883196937,0
WRK-004364,1.3414524805738195,1.0,8.391906688298064,0
WRK-004365,1.3414524805738195,1.0,50.837193040032325,1
WRK-004366,1.0356358852005367,1.0,19.43792999071174,0
WRK-004367,1.0356358852005367,1.0,148.48922182998268,4
WRK-004368,1.0356358852005367,1.0,34.97881253673018,0
WRK-004369,1.0356358852005367,1.0,22.07772137402194,1
WRK-004370,1.0356358852005367,1.0,61.05538800059805,0
WRK-004371,1.0356358852005367,1.0,6.493167715575145,0
WRK-004372,1.3414524805738195,1.0,4.883335288029517,0
WRK-004373,1.3414524805738195,1.0,43.88405867017708,0
WRK-004374,2.0712717704010735,1.0,10.357620112438497,0
WRK-004375,1.0356358852005367,1.0,8.248362986695915,0
WRK-004376,1.0356358852005367,1.0,23.406673511165327,1
WRK-004377,1.0356358852005367,1.0,8.804020648873411,1
WRK-004378,1.3414524805738195,1.0,4.65542006974688,1
WRK-004379,1.3414524805738195,1.0,25.22900651945188,0
WRK-004380,1.3414524805738195,1.0,16.44658508153691,0
WRK-004381,1.3414524805738195,1.0,3.0800621967080293,0
WRK-004382,1.3414524805738195,1.0,24.30244144575155,0
WRK-004383,1.3414524805738195,1.0,3.262811231621599,1
WRK-004384,1.3414524805738195,1.0,0.9033582141212302,0
WRK-004385,1.3414524805738195,1.0,19.647618988018827,0
WRK-004386,1.3414524805738195,1.0,4.892376373695581,0
WRK-004387,1.3414524805738195,1.0,17.234456574168526,0
WRK-004388,1.0356358852005367,1.0,126.97785685390795,0
WRK-004389,1.0356358852005367,1.0,60.12263088439907,1
WRK-004390,1.0356358852005367,1.0,5.39092244038979,0
WRK-004391,4.142543540802147,1.0,167.92087761921823,4
WRK-004392,0.6666666666666666,0.1,23.69272367765793,0
WRK-004393,0.6138837675350701,0.1,0.09951073505151439,0
WRK-004394,0.6138837675350701,0.1,17.359735861093952,1
WRK-004395,0.40080160320641284,0.1,6.156751534038999,2
WRK-004396,0.40080160320641284,0.1,19.83079960409659,0
WRK-004397,0.40080160320641284,0.1,22.742555982936068,0
WRK-004398,0.40080160320641284,0.1,125.81508257303844,4
WRK-004399,0.40080160320641284,0.1,0.975618613277353,0
WRK-004400,0.40080160320641284,0.1,2.6736177221370125,0
WRK-004401,0.40080160320641284,0.1,40.91639752529471,0
WRK-004402,0.40080160320641284,0.1,3.0033936922724647,1
WRK-004403,0.4,0.1,12.744951747116431,0
WRK-004404,0.4,0.1,36.43399638536438,0
WRK-004405,0.4,0.1,0.4404656052212851,0
WRK-004406,0.4,0.1,4.287572738545543,0
WRK-004407,1.0,0.1,21.607998617527823,1
WRK-004408,0.6138837675350701,0.1,2.652398175782708,0
WRK-004409,1.0411081265591802,0.1,16.10364335026082,0
WRK-004410,1.0411081265591802,0.1,35.7779763433222,0
WRK-004411,1.0411081265591802,0.1,17.72425916576647,1
WRK-004412,1.0,0.1,39.24732208632304,0
WRK-004413,1.0,0.1,7.235339868582225,0
WRK-004414,1.0411081265591802,0.1,25.441459900631397,0
WRK-004415,1.0411081265591802,0.1,37.72913657701053,0
WRK-004416,0.8333333333333334,0.1,6.416654141740014,0
WRK-004417,1.3333333333333333,0.1,37.60976678161719,1
WRK-004418,1.3333333333333333,0.1,2.0137879530854614,0
WRK-004419,1.6666666666666667,0.1,17.090176891097908,0
WRK-004420,1.45,1.0,3.373703150399944,0
WRK-004421,0.8333333333333334,0.1,24.38984255844624,0
WRK-004422,1.0,1.0,15.526892287451812,1
WRK-004423,1.0,1.0,22.398759311329282,1
WRK-004424,1.0,1.0,33.773908455890826,0
WRK-004425,0.8333333333333334,0.1,13.772127222149631,1
WRK-004426,0.8333333333333334,0.1,5.240333755325873,0
WRK-004427,0.8333333333333334,0.24635036496350365,38.69586344758906,1
WRK-004428,0.8333333333333334,1.0,55.200456754124296,1
WRK-004429,0.8333333333333334,0.1,39.28072042729714,0
WRK-004430,0.6666666666666666,1.0,2.917974862550593,0
WRK-004431,1.0,0.1,31.43409686278722,1
WRK-004432,1.0,0.1,20.552064143925154,0
WRK-004433,1.0,0.1,11.07920056299098,1
WRK-004434,1.0,0.1,268.7585255814845,4
WRK-004435,1.0,0.1,23.836333285854614,1
WRK-004436,1.0,1.0,153.05565370001767,5
WRK-004437,1.0,1.0,5.414310755888244,0
WRK-004438,0.4,0.1,9.716026304824078,0
WRK-004439,0.8,0.1,3.523358396785212,0
WRK-004440,1.0,0.1,53.177117590229756,0
WRK-004441,0.5,0.1,13.118088337418818,0
WRK-004442,12.000573333333334,1.0,18.760027162973046,0
WRK-004443,1.0991069263301236,0.24635036496350365,16.900144558345847,0
WRK-004444,1.0,1.0,31.066432500404243,0
WRK-004445,1.0,1.0,21.052124596307387,0
WRK-004446,1.0,1.0,5.958261809330344,1
WRK-004447,1.0,1.0,12.50158921318201,0
WRK-004448,1.0,1.0,7.423710642853295,0
WRK-004449,1.0,0.24635036496350365,11.667532111835804,0
WRK-004450,1.0,0.1,281.43401309628985,5
WRK-004451,1.0,0.1,13.151469441154052,0
WRK-004452,1.2,0.1,18.401252821486686,1
WRK-004453,0.5333333333333333,0.33272561531449407,261.75689731897035,2
WRK-004454,1.0,0.1,13.750439014031803,0
WRK-004455,1.0,0.1,23.03279965313972,0
WRK-004456,1.0,0.1,20.449143231922946,1
WRK-004457,1.0,0.1,10.277794210773859,0
WRK-004458,1.4,0.1,4.643837877235676,1
WRK-004459,1.0,0.1,58.31379842970925,1
WRK-004460,1.0,0.1,18.570510655787217,0
WRK-004461,1.0,0.1,13.586488523731088,1
WRK-004462,1.0,0.1,3.409436270800745,0
WRK-004463,0.2270952380952381,0.1,26.49966361467911,1
WRK-004464,0.2270952380952381,0.1,17.227181228840063,0
WRK-004465,0.6666666666666666,0.24612579762989972,5.216144542364935,1
WRK-004466,1.0,0.1,0.2492062720609987,0
WRK-004467,0.7861635220125787,0.1,14.678155778565603,1
WRK-004468,2.0852310126582276,0.1,3.9651152565970498,2
WRK-004469,1.0,1.0,10.170589100729439,0
WRK-004470,1.0,1.0,23.15184493714783,2
WRK-004471,1.0,1.0,22.65439778436584,0
WRK-004472,1.0,1.0,1.5917053057483521,0
WRK-004473,1.0,1.0,8.146861254889389,2
WRK-004474,1.0,1.0,43.64824048077953,0
WRK-004475,0.32383966244725737,0.1640838650865998,5.96311607931119,1
WRK-004476,1.0,0.24612579762989972,8.997676376242135,0
WRK-004477,0.9942857142857143,0.24612579762989972,10.455023911432706,0
WRK-004478,0.959915611814346,0.1640838650865998,0.07266349178195373,0
WRK-004479,0.5537974683544303,0.1640838650865998,25.4788477300186,0
WRK-004480,0.7763713080168776,0.1640838650865998,1.2820850139047748,0
WRK-004481,1.0,0.24612579762989972,6.178669090339566,0
WRK-004482,1.0,0.24612579762989972,4.730027131847519,1
WRK-004483,0.8,0.1,16.806075635054924,0
WRK-004484,0.3,0.1,8.511902112030494,0
WRK-004485,1.0,0.1,23.972302453879692,0
WRK-004486,0.43,0.1,29.304814077484245,0
WRK-004487,0.43,0.1,188.16304175427436,5
WRK-004488,0.43,0.1,4.095455887012199,0
WRK-004489,0.43,0.1,18.256531352398195,0
WRK-004490,0.43,0.1,31.535307274376386,1
WRK-004491,0.43,0.1,60.97558666805292,1
WRK-004492,1.0,0.1,4.703566816974474,1
WRK-004493,1.0,0.1,36.00773768271435,0
WRK-004494,1.0,0.1,2.890959351013618,0
WRK-004495,1.2,0.1,10.210588254979019,0
WRK-004496,1.0,0.1,32.251135923068034,1
WRK-004497,1.2,0.1,5.195896667079129,0
WRK-004498,1.0,0.1,3.408391752673432,2
WRK-004499,0.43,0.1,0.7397326761357328,0
WRK-004500,0.8571428571428571,0.1,18.356702980995866,1
WRK-004501,0.8571428571428571,0.1,16.545494464874196,2
WRK-004502,0.43,0.1,73.5493480170991,0
WRK-004503,0.7142857142857143,0.1,13.106358052880507,0
WRK-004504,0.43,0.1,3.9424053139740045,0
WRK-004505,1.0,0.1,9.126727000924339,1
WRK-004506,1.0,0.1,1.237856424650998,0
WRK-004507,1.0,0.1,21.518294402363374,0
WRK-004508,1.625,0.1,288.3619181657193,4
WRK-004509,0.8571428571428571,0.1,4.897215080839351,0
WRK-004510,0.43,0.1,5.9414860755005,0
WRK-004511,1.625,0.1,1.5444801829795998,0
WRK-004512,1.0,0.1,1.5893252029354767,0
WRK-004513,1.625,0.1,11.031508547584925,0
WRK-004514,1.625,0.1,14.881630914270463,0
WRK-004515,1.1428571428571428,0.1,0.25377055554315414,0
WRK-004516,0.6857142857142857,0.1,21.577899485278778,1
WRK-004517,0.8571428571428571,1.0,6.735898656893985,1
WRK-004518,2.0,0.1,16.39600487693408,0
WRK-004519,1.4999,0.1,15.364146328875792,0
WRK-004520,0.4588607594936709,0.1640838650865998,30.81814902667346,1
WRK-004521,0.870253164556962,0.1640838650865998,39.18317868515931,0
WRK-004522,0.6,1.0,37.99598154566687,0
WRK-004523,1.0,1.0,7.987776669595476,0
WRK-004524,0.55,1.0,18.999256645343397,0
WRK-004525,0.55,1.0,3.246496082009142,0
WRK-004526,1.0,1.0,12.192920495191476,1
WRK-004527,1.0,1.0,7.146080347633131,1
WRK-004528,1.0356358852005367,1.0,7.85990038088002,0
WRK-004529,1.0356358852005367,1.0,29.459694662073076,0
WRK-004530,1.0356358852005367,1.0,46.247624739838365,1
WRK-004531,0.4,0.1,8.096794129447357,0
WRK-004532,0.75,0.1,32.90089764385727,1
WRK-004533,1.0,1.0,11.31742171687682,1
WRK-004534,1.0,1.0,6.136818149736401,0
WRK-004535,1.0356358852005367,1.0,9.680169855385632,0
WRK-004536,1.0356358852005367,1.0,7.03088731626227,0
WRK-004537,1.0,0.1,3.0993577701141173,0
WRK-004538,2.0,0.1,0.9023122546759521,0
WRK-004539,0.5,0.1,0.54643949176043,0
WRK-004540,1.0,0.1,24.999681664725664,0
WRK-004541,18.748343184667743,0.1,16.263389921725793,0
WRK-004542,1.25,0.1,8.401846215307817,0
WRK-004543,1.0,0.1,12.409291746199127,0
WRK-004544,3.0,0.1,85.34626008329224,0
WRK-004545,1.4444444444444444,0.1,10.891874287693913,0
WRK-004546,4.705882352941177,0.1,233.3967607219846,3
WRK-004547,0.8888888888888888,0.1,23.832534236431027,0
WRK-004548,0.5,0.1,2.5110942224368387,0
WRK-004549,0.0,1.0,17.436967787164843,1
WRK-004550,1.0356358852005367,1.0,10.725681988481615,0
WRK-004551,0.3333333333333333,0.1,15.607879983329845,1
WRK-004552,0.7058823529411765,1.0,6.465628079779753,0
WRK-004553,0.7873015873015873,0.1,9.760387600554282,0
WRK-004554,0.6666666666666666,0.1,27.631505569267496,0
WRK-004555,1.0,0.1,1.7405960909223614,0
WRK-004556,1.0,0.1,31.267372719407383,0
WRK-004557,1.25,0.1,140.17517996322084,5
WRK-004558,1.9182389937106918,1.0,9.397390177924883,0
WRK-004559,1.25,0.1,24.64689329892532,0
WRK-004560,4.0,0.1,19.342209146733115,0
WRK-004561,0.625,0.1,14.383485791631546,0
WRK-004562,0.3125,0.1,27.49663314008764,0
WRK-004563,0.5,0.1,8.440793260612045,0
WRK-004564,1.0,0.1,36.43444432189489,0
WRK-004565,0.8571428571428571,0.33181818181818185,48.51257060569771,0
WRK-004566,0.8571428571428571,0.33181818181818185,18.99822165425009,0
WRK-004567,0.8,0.1,4.197608407284788,2
WRK-004568,1.65,0.1,0.919886447004546,0
WRK-004569,0.75,0.1,9.917182041872879,0
WRK-004570,1.6082,0.1,1.3384521825084943,1
WRK-004571,1.0,0.1,9.189504449794498,0
WRK-004572,1.0,0.1,48.851032151618114,1
WRK-004573,1.0,0.1,28.242391712067597,1
WRK-004574,1.0,0.1,1.5590138943096619,0
WRK-004575,1.0,0.1,4.476877667330662,1
WRK-004576,1.0,0.1,22.042071987572747,0
WRK-004577,0.5,0.1,60.9572095704752,1
WRK-004578,0.5,0.1,26.078585446506466,0
WRK-004579,0.5,0.1,3.0197220445805613,1
WRK-004580,0.885,1.0,9.933175032539637,0
WRK-004581,1.0,1.0,31.21282571948654,1
WRK-004582,1.0,1.0,16.67209859855417,1
WRK-004583,1.0,0.1,9.064198888481862,0
WRK-004584,0.6666666666666666,0.1,119.73658503199827,0
WRK-004585,0.5007,1.0,24.949955345227828,0
WRK-004586,1.139,1.0,12.85299426529448,1
WRK-004587,1.4473,1.0,22.611714268973316,0
WRK-004588,0.524704853519895,0.2452316076294278,254.34909319083795,2
WRK-004589,0.799,1.0,36.606755141687046,0
WRK-004590,0.1996133075538369,1.0,14.588545280941794,0
WRK-004591,0.1996133075538369,1.0,23.41155062560177,0
WRK-004592,0.6030211480362537,1.0,104.48456154718107,0
WRK-004593,0.5,1.0,13.825962449145283,0
WRK-004594,0.26288659793814434,1.0,12.85079628690881,0
WRK-004595,0.7783185545703046,1.0,15.261782875043192,0
WRK-004596,1.0,0.16348773841961853,8.462579906322217,0
WRK-004597,0.8888888888888888,0.1,283.6239877682922,3
WRK-004598,1.1111111111111112,0.1,1.4605347220083467,0
WRK-004599,0.8,0.1,38.771013919525885,0
WRK-004600,1.4995,1.0,89.41257074027008,0
WRK-004601,0.0,1.0,13.574472749351562,1
WRK-004602,1.4998,1.0,0.2275068742377092,1
WRK-004603,1.4998,1.0,6.843142603520204,0
WRK-004604,1.4999,0.1,0.22444518430787852,1
WRK-004605,2.495,0.1,3.3341965936604803,0
WRK-004606,0.5,0.1,47.21973996864154,0
WRK-004607,1.459915611814346,0.16333938294010888,10.066585156713273,0
WRK-004608,1.4989,0.1,13.401190241981416,0
WRK-004609,1.459915611814346,0.16333938294010888,16.262031013619175,1
WRK-004610,1.4995,0.1,4.729037036778872,0
WRK-004611,1.0,0.1,38.10422859201472,0
WRK-004612,1.0,0.1,19.816380135875885,0
WRK-004613,1.0,0.1,20.77664228325468,1
WRK-004614,1.0,0.1,14.93133345381695,1
WRK-004615,1.0,0.1,24.482899057150725,0
WRK-004616,0.8333333333333334,0.1,10.735992813050501,0
WRK-004617,1.0,0.1,29.98936229370156,1
WRK-004618,0.6666666666666666,0.1,16.528832734107933,0
WRK-004619,0.22522522522522523,1.0,0.9662679287784095,1
WRK-004620,0.22522522522522523,1.0,1.8685827098287613,0
WRK-004621,0.22522522522522523,1.0,9.484806232411792,1
WRK-004622,0.22522522522522523,1.0,0.6622260307794581,0
WRK-004623,0.22522522522522523,1.0,1.6088763291665318,0
WRK-004624,0.22522522522522523,1.0,9.256192331073535,1
WRK-004625,2.0,0.1,6.918019396567189,1
WRK-004626,1.459915611814346,0.16333938294010888,20.53659550232414,0
WRK-004627,1.4609704641350212,0.16333938294010888,5.8611421942330875,0
WRK-004628,0.6666666666666666,0.1,6.208637283368212,0
WRK-004629,2.0,0.1,9.144069977660278,0
WRK-004630,1.0,0.1,0.7562314404310031,0
WRK-004631,1.0,0.1,20.416514551281747,0
WRK-004632,1.0,0.1,26.411211941943126,1
WRK-004633,1.4999,0.1,70.53018210304782,0
WRK-004634,0.22522522522522523,1.0,30.16455197875105,0
WRK-004635,0.74844,0.16333938294010888,7.500802642677222,0
WRK-004636,1.0,0.1,29.542923631477866,1
WRK-004637,0.6666666666666666,0.1,100.71542247886946,0
WRK-004638,0.3333333333333333,0.1,4.86702581949687,1
WRK-004639,1.0,0.1,63.254876970468096,2
WRK-004640,1.0,0.1,8.664731844684301,0
WRK-004641,1.0,0.1,1.188797871761878,0
WRK-004642,1.0,0.1,1.3734623994921282,1
WRK-004643,1.0,0.1,4.160184858848617,1
WRK-004644,2.475,0.1,22.176445701698366,0
WRK-004645,1.4998,0.1,24.921765283537013,1
WRK-004646,0.7873015873015873,0.1,23.338306437255724,0
WRK-004647,1.5,0.1,10.027475803545267,0
WRK-004648,0.7142857142857143,0.1,16.349957473833967,1
WRK-004649,0.3,1.0,24.412429392062734,1
WRK-004650,0.6,1.0,15.23740501207983,1
WRK-004651,0.6666666666666666,0.1,11.976256386231084,0
WRK-004652,1.0,0.1,5.497204437469742,2
WRK-004653,1.0,0.1,9.639734330942284,0
WRK-004654,1.4999,1.0,29.150497392460274,0
WRK-004655,0.9997999866657777,0.1,15.70895519489108,1
WRK-004656,2.726909090909091,0.1,4.412827211542271,0
WRK-004657,0.7998,0.1,5.302623939008193,0
WRK-004658,1.4999,0.1,31.24125299466543,0
WRK-004659,1.1111111111111112,0.1,293.6598622058117,3
WRK-004660,0.4345991561181435,0.1,7.163644950665017,0
WRK-004661,1.1054852320675106,0.1,10.036873531406659,0
WRK-004662,0.49261603375527424,0.1,0.09411276692360579,1
WRK-004663,0.46729957805907174,0.1,2.283623284936592,0
WRK-004664,0.9085475194261805,0.1,24.016291590988132,0
WRK-004665,0.9085475194261805,0.1,80.15370572284652,1
WRK-004666,0.9085475194261805,0.1,18.482020832734687,0
WRK-004667,0.9085475194261805,0.1,16.058904667898474,0
WRK-004668,0.9085475194261805,0.1,280.02948377966675,3
WRK-004669,0.9085475194261805,0.1,6.823676671006087,1
WRK-004670,0.9085475194261805,0.1,15.830590411057898,0
WRK-004671,0.9085475194261805,0.1,9.84279027668354,1
WRK-004672,0.9085475194261805,0.1,9.615231013074002,1
WRK-004673,3.3233333333333333,0.1,4.100023171474278,0
WRK-004674,0.654394,0.1,11.711080178511322,2
WRK-004675,0.654394,0.1,14.395785551474006,0
WRK-004676,0.53034,0.1,38.406340941786695,1
WRK-004677,0.9085475194261805,0.1,60.89056402289516,0
WRK-004678,0.9085475194261805,0.1,1.8650307817941818,0
WRK-004679,0.9085475194261805,0.1,2.4033063756305,0
WRK-004680,0.9085475194261805,0.1,35.43842666010224,0
WRK-004681,0.9085475194261805,0.1,16.537586452585135,1
WRK-004682,0.53034,0.1,28.225259221857687,0
WRK-004683,0.654394,0.1,2.0164213537438918,0
WRK-004684,0.54751,0.1,3.3844124030739833,1
WRK-004685,0.538172,0.1,178.2534430136295,4
WRK-004686,0.562176,0.1,11.3835798802345,0
WRK-004687,0.9085475194261805,0.1,12.156484337831461,1
WRK-004688,2.289029535864979,0.1,45.27933253447793,1
WRK-004689,1.6,0.1,27.365033015736365,0
WRK-004690,1.0,0.1,9.69038398221344,0
WRK-004691,1.0,0.1,45.162863355999846,1
WRK-004692,1.002004008016032,0.1,11.830497825544768,0
WRK-004693,1.002004008016032,0.1,299.98884969642177,4
WRK-004694,1.6,0.1,26.63944043543424,2
WRK-004695,0.5386,0.1,8.882399347786528,0
WRK-004696,0.7863695937090432,0.1,21.54507935527198,0
WRK-004697,0.9936708860759493,0.1,49.669394597626265,2
WRK-004698,0.747051114023591,0.1,44.71822734189519,1
WRK-004699,4.456094364351245,0.1,18.27570469824588,0
WRK-004700,0.7339449541284404,0.1,5.36014520814596,0
WRK-004701,0.7339449541284404,0.1,6.299602166157036,1
WRK-004702,0.5681434599156118,0.1,30.926392261323183,0
WRK-004703,0.5681434599156118,0.1,14.998446822159918,0
WRK-004704,0.5681434599156118,0.1,15.240134527377924,0
WRK-004705,1.4943215780035863,0.1,1.1131005819990532,1
WRK-004706,0.5681434599156118,0.1,5.9252583598013935,0
WRK-004707,0.5681434599156118,0.1,248.56973210280043,4
WRK-004708,1.0,0.1,247.47775002475024,3
WRK-004709,0.4,0.1,3.298833552145117,1
WRK-004710,0.4,0.1,7.941054293826179,0
WRK-004711,1.6,0.1,23.404242877486215,0
WRK-004712,1.0,0.1,23.941296121815263,0
WRK-004713,1.0,0.1,15.906248552047103,0
WRK-004714,1.0,0.1,12.771333112689153,0
WRK-004715,1.0,0.1,41.122781984509906,0
WRK-004716,1.0,0.1,37.25515959124432,0
WRK-004717,16.448967057509773,0.1,10.737796340948746,0
WRK-004718,16.448967057509773,0.1,43.216418804479645,0
WRK-004719,16.448967057509773,0.1,47.79828951204914,0
WRK-004720,16.448967057509773,0.1,21.594943071688938,1
WRK-004721,0.5681434599156118,0.1,10.542839122955243,1
WRK-004722,0.5681434599156118,0.1,15.269740176132798,1
WRK-004723,0.5681434599156118,0.1,285.4638527122248,4
WRK-004724,1.459915611814346,0.16304347826086957,36.03482148243416,0
WRK-004725,2.821729957805907,0.1,12.731447030524826,0
WRK-004726,3.3227848101265822,0.1,290.1981385672268,2
WRK-004727,1.8776371308016877,0.1,29.379272403307084,1
WRK-004728,1.8649789029535866,0.1,1.2081120781645953,1
WRK-004729,1.0,0.1,39.864558000647044,0
WRK-004730,1.0,0.1,3.8850883771274,1
WRK-004731,1.0,0.1,6.432984886449404,0
WRK-004732,1.0,0.1,16.265042965913597,0
WRK-004733,1.0,0.1,17.096184695462505,1
WRK-004734,1.0,0.1,9.585137588562555,0
WRK-004735,1.0,0.1,9.496641925654094,0
WRK-004736,1.0,0.1,27.633572318916478,0
WRK-004737,1.0,0.1,14.86640860723396,0
WRK-004738,1.0,0.1,24.207902638739824,0
WRK-004739,1.0,0.1,41.83328435737362,1
WRK-004740,1.0,0.1,12.147650177327034,0
WRK-004741,1.0,0.1,13.017744949422292,2
WRK-004742,1.0,0.1,9.648421264235331,0
WRK-004743,1.0,0.1,6.9625121890409325,0
WRK-004744,0.7339449541284404,0.1,37.15870548943804,1
WRK-004745,0.6684141546526867,0.1,157.7148175235552,2
WRK-004746,2.0969855832241153,0.1,25.200075100530306,0
WRK-004747,1.5455053042992741,0.1358695652173913,10.666876321107546,0
WRK-004748,2.268,0.33061594202898553,11.925155053155244,0
WRK-004749,1.5455053042992741,0.1358695652173913,54.16945291725111,1
WRK-004750,0.6422018348623854,0.1,8.876579155326228,0
WRK-004751,1.5455053042992741,0.1358695652173913,10.254989463776793,1
WRK-004752,1.5455053042992741,0.1358695652173913,5.410430445222704,0
WRK-004753,1.4,0.16304347826086957,11.369412087811599,0
WRK-004754,1.218872870249017,0.1,4.5519928657467705,1
WRK-004755,0.7732634338138925,0.1,16.91345468988894,1
WRK-004756,0.8781127129750983,0.1,8.470503958941965,0
WRK-004757,4.444444444444445,0.33061594202898553,11.882136335842084,0
WRK-004758,3.7142857142857144,0.1,49.55707208983556,0
WRK-004759,2.5,0.1,87.68863013849494,0
WRK-004760,2.5,0.1,3.9302847166341612,1
WRK-004761,0.4,0.1,41.10241007577202,0
WRK-004762,0.4,0.1,276.09001982742495,3
WRK-004763,0.6,0.1,15.953573010117132,0
WRK-004764,1.5,1.0,61.684342311122705,0
WRK-004765,1.4999,0.16289592760180996,17.098703474050254,0
WRK-004766,0.7304761904761905,0.1,51.62859306463463,2
WRK-004767,1.25,1.0,25.88381355769689,1
WRK-004768,1.25,1.0,12.68536858581973,2
WRK-004769,0.75,0.1,17.866728682079227,0
WRK-004770,0.7014028056112225,0.1,17.29788865480314,1
WRK-004771,0.4,1.0,121.81539737635384,2
WRK-004772,1.0,0.1,11.03935919512711,0
WRK-004773,0.5991983967935872,0.1,12.109073780595118,0
WRK-004774,3.1837583661385924,0.1,81.24292572478365,0
WRK-004775,1.0,0.1,6.207822368562303,0
WRK-004776,0.4,0.1,7.215552832897401,1
WRK-004777,1.6,0.1,11.029758593741967,0
WRK-004778,0.6060606060606061,0.1,12.367429413728583,0
WRK-004779,2.475,0.1,4.966463698216448,0
WRK-004780,0.4,0.1,5.938862262707373,0
WRK-004781,0.4,0.1,1.180112006813401,0
WRK-004782,0.4,0.1,5.394169413686979,0
WRK-004783,0.4,0.1,21.78168745005811,0
WRK-004784,2.004008016032064,0.1,11.669609646913129,0
WRK-004785,0.6,0.1,3.4020058038252228,0
WRK-004786,1.0,0.1,0.39307687259743984,1
WRK-004787,1.0,1.0,7.433630633096708,1
WRK-004788,1.0,1.0,2.644752298542378,0
WRK-004789,1.0,1.0,0.3483846415055648,0
WRK-004790,0.6,1.0,26.81982774229229,0
WRK-004791,1.0,0.1,24.43219213337305,0
WRK-004792,1.4996,0.1,5.167295282203779,1
WRK-004793,1.0,0.1,3.7746244629186796,0
WRK-004794,1.0,1.0,21.081219276143397,1
WRK-004795,0.9945454545454545,1.0,10.686435474721641,0
WRK-004796,0.9756363636363636,0.18099547511312217,10.949928766858674,1
WRK-004797,0.5,1.0,10.62899509224062,0
WRK-004798,0.4,0.1,23.603997562966317,0
WRK-004799,1.4998,0.1,67.26179836918215,0
WRK-004800,1.0,0.1,14.606822120451575,0
WRK-004801,1.4993,0.1,68.01802357091734,0
WRK-004802,0.9523809523809523,0.1,3.8217405103948825,0
WRK-004803,0.3027936507936508,0.1,18.15050240638301,1
WRK-004804,0.4541904761904762,0.1,1.7167936598429423,0
WRK-004805,0.8888888888888888,0.1,17.641725591243993,0
WRK-004806,0.6666666666666666,0.1,27.57186586511958,0
WRK-004807,0.8888888888888888,0.1,4.1092249165585235,0
WRK-004808,1.0,0.1,5.73670005956761,0
WRK-004809,0.6666666666666666,0.1,24.849035921984534,0
WRK-004810,1.0,0.1,7.202194226024448,1
WRK-004811,0.8888888888888888,1.0,0.4352478781944239,0
WRK-004812,1.2698412698412698,0.1,24.664517749379446,0
WRK-004813,0.31746031746031744,0.1,23.510837316581146,1
WRK-004814,0.4,0.1,5.601366131713435,1
WRK-004815,0.5555555555555556,0.1,53.35929554945463,0
WRK-004816,0.8235294117647058,0.1,6.3975786354390705,0
WRK-004817,0.4666977798519901,0.1,2.4309069499155735,0
WRK-004818,0.3333555570371358,0.1,9.957821793102049,0
WRK-004819,1.499999,0.1,259.79963714074466,4
WRK-004820,1.497,1.0,11.819833096885052,0
WRK-004821,1.499,0.16289592760180996,18.91110708773859,1
WRK-004822,1.0,0.16289592760180996,64.0777925893162,0
WRK-004823,0.5904761904761905,1.0,50.408755109596335,0
WRK-004824,1.0,0.1,16.844542794473934,0
WRK-004825,1.1619620115886344,0.1,1.1657149122791923,0
WRK-004826,1.0,1.0,15.130087558688947,0
WRK-004827,1.0,1.0,23.59691234523656,0
WRK-004828,1.0,1.0,37.37251599225963,0
WRK-004829,1.0,1.0,49.03117804523367,0
WRK-004830,0.9,0.162748643761302,10.707118229145024,1
WRK-004831,1.1619620115886344,0.1,1.524933406960705,1
WRK-004832,1.1619620115886344,0.1,36.012440218244606,1
WRK-004833,3.3333333333333335,0.33001808318264014,3.663745601840129,0
WRK-004834,1.0,1.0,20.783841661810435,0
WRK-004835,1.1619620115886344,0.1,5.727870490927991,1
WRK-004836,1.1619620115886344,0.1,5.346516963394787,0
WRK-004837,1.1321681138555926,0.1,47.972252280383856,0
WRK-004838,1.1321681138555926,0.1,16.50447524729597,0
WRK-004839,1.3279569251744134,0.1,36.99285665358315,0
WRK-004840,1.3279569251744134,0.1,274.71158381805844,3
WRK-004841,3.3333333333333335,0.1,13.067757880874682,3
WRK-004842,3.3333333333333335,0.33001808318264014,15.597958882961994,0
WRK-004843,1.475,1.0,35.286589904271516,0
WRK-004844,1.475,1.0,287.94498497797207,4
WRK-004845,2.95,1.0,15.753858733981376,1
WRK-004846,2.95,1.0,15.247233202794867,1
WRK-004847,2.95,1.0,17.97098597131981,0
WRK-004848,2.95,1.0,2.0906555222441323,0
WRK-004849,1.475,1.0,8.546273153050278,0
WRK-004850,1.475,1.0,0.8276229308571552,0
WRK-004851,1.475,1.0,133.68837312251281,2
WRK-004852,1.475,1.0,65.15961721084602,0
WRK-004853,1.475,1.0,1.6949540647670829,0
WRK-004854,2.95,1.0,20.31251942364273,1
WRK-004855,1.475,1.0,8.60198735489181,0
WRK-004856,4.0,0.1,4.786508555167542,0
WRK-004857,1.475,1.0,30.148509681472223,0
WRK-004858,1.475,1.0,3.570843835103898,0
WRK-004859,0.250268740957552,0.1,37.90812699442971,0
WRK-004860,1.0572802798425884,0.24390243902439024,8.717428074047206,0
WRK-004861,0.250268740957552,1.0,1.1256682279526864,0
WRK-004862,0.4597,1.0,7.218502283831974,0
WRK-004863,1.0,0.1,19.46969036906974,1
WRK-004864,1.0,0.1,8.0704822450994,0
WRK-004865,0.5681434599156118,0.1,3.603019872254389,0
WRK-004866,1.0,0.1,7.590122441356295,1
WRK-004867,0.6,0.1,3.3289451449277268,1
WRK-004868,1.0,0.1,37.94097178334988,2
WRK-004869,1.0,0.1,13.286553949019908,2
WRK-004870,1.0,0.1,16.440900972014923,0
WRK-004871,1.0,0.1,56.46287867164358,1
WRK-004872,1.0,0.1,4.655732668151748,1
WRK-004873,1.0,0.1,3.474287153289385,0
WRK-004874,1.0,0.1,4.687876747883309,0
WRK-004875,0.5681434599156118,0.1,51.021592017888324,0
WRK-004876,0.5681434599156118,0.1,30.03872592760425,0
WRK-004877,0.5681434599156118,0.1,64.15821469554048,1
WRK-004878,0.5681434599156118,0.1,2.0859310722248314,0
WRK-004879,0.5681434599156118,0.1,5.549032473733989,0
WRK-004880,0.5681434599156118,0.1,3.4413293866006263,0
WRK-004881,0.5681434599156118,0.1,295.2794973728709,2
WRK-004882,0.5681434599156118,0.1,4.349430830221668,0
WRK-004883,0.513,1.0,46.205788754152415,1
WRK-004884,0.5681434599156118,0.1,7.973000907116486,0
WRK-004885,1.0,0.1,40.59533212442088,0
WRK-004886,1.0,0.1,8.092630844619723,0
WRK-004887,0.752,1.0,2.295683717940177,1
WRK-004888,0.649,0.16260162601626016,22.20590304026155,0
WRK-004889,0.6,1.0,7.301834279384783,0
WRK-004890,1.0,1.0,2.5546098273676336,1
WRK-004891,1.0,0.1,6.636989825464532,0
WRK-004892,1.0,0.1,8.082192536828543,0
WRK-004893,1.0,0.1,104.7918514159386,0
WRK-004894,1.0,0.1,19.873688936085735,0
WRK-004895,1.0,0.1,2.8404694118966347,0
WRK-004896,1.0,0.1,6.424692189844878,0
WRK-004897,1.0,0.1,14.240718131115067,0
WRK-004898,1.0,0.1,195.34332799929027,2
WRK-004899,1.0,0.1,7.735299363871132,0
WRK-004900,1.0,0.1,3.8077042854175263,0
WRK-004901,0.5681434599156118,0.1,1.7360643704709269,0
WRK-004902,1.1111111111111112,0.1,41.48158610717761,1
WRK-004903,0.5681434599156118,0.1,7.237019841225747,0
WRK-004904,5.0,0.1,14.893274291240918,0
WRK-004905,5.0,0.1,5.9167393147113945,0
WRK-004906,5.0,0.1,48.081037691977,0
WRK-004907,1.0,0.1,12.818856784427917,1
WRK-004908,0.6,0.1,2.0913150387458552,0
WRK-004909,1.0,0.1,13.767285947613964,0
WRK-004910,1.0,0.1,17.09277067275424,0
WRK-004911,1.6666666666666667,0.1,1.7036643142732046,0
WRK-004912,1.0,1.0,31.102554215554324,0
WRK-004913,1.0,0.10840108401084012,13.049486484715178,0
WRK-004914,1.0,0.10840108401084012,3.145427722012654,1
WRK-004915,0.5,0.10840108401084012,50.33965714592135,0
WRK-004916,3.3333333333333335,0.3297199638663053,26.176741555170025,1
WRK-004917,3.3333333333333335,0.3297199638663053,18.46830570593998,0
WRK-004918,4.0,0.1,0.8023867371483523,0
WRK-004919,2.0,0.1,60.68801395719396,1
WRK-004920,1.0,0.1,292.88055216077726,5
WRK-004921,1.1428571428571428,1.0,8.07700744980705,0
WRK-004922,2.0,0.1624548736462094,1.0690387668152666,0
WRK-004923,0.5,0.24368231046931407,6.150328858055417,0
WRK-004924,0.34285714285714286,1.0,36.40122753685783,0
WRK-004925,0.3,1.0,35.858089863785864,1
WRK-004926,1.4285714285714286,0.32942238267148016,1.792707989940586,0
WRK-004927,1.98,1.0,9.9163104022342,0
WRK-004928,2.0,1.0,24.420692365868177,0
WRK-004929,2.0,1.0,13.092730325037811,0
WRK-004930,2.0,1.0,5.001631886478143,0
WRK-004931,0.3,1.0,18.985245463589994,0
WRK-004932,1.6,1.0,12.96969938108954,1
WRK-004933,1.98,1.0,14.073807141251123,0
WRK-004934,0.8,0.24368231046931407,3.434868073550338,1
WRK-004935,0.3,1.0,10.26474152750151,1
WRK-004936,0.6,1.0,27.276645998894978,0
WRK-004937,0.4,1.0,13.054476894089206,0
WRK-004938,0.8,1.0,18.499461444502366,0
WRK-004939,0.5,0.24368231046931407,8.737133989599462,1
WRK-004940,0.8,0.1624548736462094,31.20487196707203,1
WRK-004941,0.8,0.1624548736462094,2.287826665942225,0
WRK-004942,1.0,0.1,23.447002511002474,0
WRK-004943,1.0,0.1,3.8332036548902733,1
WRK-004944,1.2,0.1,5.643779088459631,0
WRK-004945,1.0,0.1,43.097822903472476,1
WRK-004946,1.2,0.1,10.237104839627909,0
WRK-004947,1.0,0.1,11.404735116458077,2
WRK-004948,1.0,0.1,20.389704957912098,0
WRK-004949,1.0,0.1,23.22543227332511,0
WRK-004950,1.0,0.1,19.98511541718637,0
WRK-004951,0.8,0.1,15.843057752915934,0
WRK-004952,0.8,0.1,0.15211211956094023,0
WRK-004953,1.0,0.1,3.304395241405948,0
WRK-004954,1.0,0.1,6.299905115390092,0
WRK-004955,1.0,0.1,36.11909473008403,1
WRK-004956,1.2,0.1,50.76316970789368,0
WRK-004957,1.6,0.1,12.986823687361248,2
WRK-004958,1.3,0.1,9.202030533080857,1
WRK-004959,1.0,0.1,64.24807064511495,0
WRK-004960,2.0,0.1,14.09022795032935,0
WRK-004961,2.0,0.1,24.668744292392258,0
WRK-004962,1.0,0.1,16.4454770093646,0
WRK-004963,1.2,0.1,9.079180648569352,0
WRK-004964,1.2,0.1,11.279396633967798,1
WRK-004965,0.7142857142857143,0.1,20.674597494541345,0
WRK-004966,2.5,0.1,46.99667694220548,0
WRK-004967,1.25,0.1,11.397249133545609,0
WRK-004968,0.7142857142857143,0.1,10.422937431151684,1
WRK-004969,1.4285714285714286,0.1,1.1025605849439506,1
WRK-004970,0.7142857142857143,0.1,2.5748037383479816,0
WRK-004971,0.8,0.1,0.18249020817021094,0
WRK-004972,1.6,0.1,2.6987821197772184,0
WRK-004973,1.0,0.1,29.77488396890596,1
WRK-004974,4.0,0.24368231046931407,212.90046329216716,4
WRK-004975,1.04,0.1,29.807425935131633,0
WRK-004976,1.2,0.1,0.5875309460716805,0
WRK-004977,1.0,0.1,21.798445195488018,0
WRK-004978,1.6666666666666667,0.1,6.273071514945741,0
WRK-004979,1.0,0.1,12.676255514642298,0
WRK-004980,1.375,0.1,43.10107776933141,0
WRK-004981,0.625,0.1,16.252375493296455,1
WRK-004982,1.0,0.1,2.4912575448869387,0
WRK-004983,1.0,0.1,9.803527853383025,1
WRK-004984,1.0,0.1,62.10678502049633,0
WRK-004985,1.0,0.18050541516245489,45.664776650137995,2
WRK-004986,0.631578947368421,0.1,31.017525237458514,0
WRK-004987,1.0,0.1,2.690871371933307,0
WRK-004988,1.0,0.1,3.313146792729276,0
WRK-004989,1.0,0.1,2.0186120824284233,1
WRK-004990,1.0,0.1,2.816251108785768,0
WRK-004991,1.0,0.1,0.23987545851705688,1
WRK-004992,1.0,0.1,36.79923943773892,0
WRK-004993,1.0,0.1,215.31747469889183,4
WRK-004994,1.0,0.1,31.034532392113196,0
WRK-004995,0.9757383966244726,0.1,13.346899422365581,0
WRK-004996,1.0,0.1,0.06916879376089542,1
WRK-004997,1.0,0.1,159.6319316160354,3
WRK-004998,0.54957805907173,0.1,1.2759281599977998,0
WRK-004999,2.004008016032064,0.1,38.50720897119358,1
WRK-005000,1.25,0.24368231046931407,0.6327817042262517,0
WRK-005001,1.4285714285714286,0.32942238267148016,7.539229696376495,1
WRK-005002,1.1111111111111112,0.18050541516245489,36.1830574005998,0
WRK-005003,0.5555555555555556,0.18050541516245489,172.885855850723,5
WRK-005004,0.5555555555555556,0.18050541516245489,34.3600352330085,0
WRK-005005,0.959915611814346,0.1,19.979700027978293,0
WRK-005006,0.9757383966244726,0.1,209.11808171315812,3
WRK-005007,0.9757383966244726,0.1,30.450466984884184,1
WRK-005008,1.0,0.1,39.42692049279871,1
WRK-005009,1.0,0.1,39.96648239332585,1
WRK-005010,1.0,1.0,32.335667386147215,0
WRK-005011,1.0,0.1,21.403322063482705,0
WRK-005012,0.495,1.0,45.55862133368336,0
WRK-005013,1.25,1.0,237.73027346551234,5
WRK-005014,1.0,0.1,1.4023782204795237,0
WRK-005015,1.0,0.1,6.960637122614956,1
WRK-005016,3.006012024048096,0.1,8.466640149377819,0
WRK-005017,3.0,0.1,39.80554008928698,0
WRK-005018,1.0,0.18050541516245489,16.444020016363027,1
WRK-005019,1.0,0.1,1.0776847115640371,0
WRK-005020,1.0,0.1,2.2161561761409247,0
WRK-005021,1.0,0.18050541516245489,7.461666574254028,0
WRK-005022,1.0,0.18050541516245489,4.940993741953146,0
WRK-005023,1.0,0.18050541516245489,3.5308172941575453,0
WRK-005024,1.0,0.1,6.3108854142688395,0
WRK-005025,0.5,1.0,21.59474514874834,1
WRK-005026,1.0,0.1,24.51854624707518,0
WRK-005027,1.0,0.1,51.87811039264901,0
WRK-005028,1.0,0.18050541516245489,16.011421935371253,1
WRK-005029,1.0,0.1,7.94819710724699,0
WRK-005030,1.0,0.18050541516245489,10.649210901084768,1
WRK-005031,1.0,0.1,0.8653560506427583,0
WRK-005032,1.0,0.1,7.783613514467609,0
WRK-005033,0.9936708860759493,0.1,4.349096341973741,0
WRK-005034,1.0,0.1,2.6072376645388533,0
WRK-005035,0.5,1.0,247.9817953654732,5
WRK-005036,1.0,0.18050541516245489,2.803864350934367,0
WRK-005037,0.9936708860759493,0.1,270.2930151915029,5
WRK-005038,0.39879759519038077,0.1,18.87114484975212,1
WRK-005039,0.5991983967935872,0.1,28.79300044441237,1
WRK-005040,0.5991983967935872,0.1,11.570443596677674,1
WRK-005041,0.1666777785185679,0.1,0.09022672354623464,0
WRK-005042,0.5904761904761905,0.1,9.103125670752663,0
WRK-005043,1.2581168831168832,1.0,1.003351240860775,0
WRK-005044,1.0,0.1,21.62874575137814,0
WRK-005045,1.0,0.1,39.52122927565831,0
WRK-005046,1.0,0.1,16.65348252475193,1
WRK-005047,1.4,1.0,5.108478041131748,0
WRK-005048,2.25,1.0,51.41875986268356,0
WRK-005049,3.5714285714285716,0.1,21.25910766212625,0
WRK-005050,1.002004008016032,0.1,209.74947030597446,5
WRK-005051,0.7142857142857143,0.1,4.229259151014851,0
WRK-005052,0.7142857142857143,0.1,25.344273117545054,1
WRK-005053,1.131063829787234,0.1,4.367455992995603,0
WRK-005054,2.952344,0.1,13.700918642420223,0
WRK-005055,1.0063694267515924,0.1,9.221159373089844,0
WRK-005056,1.0063694267515924,0.1,6.728412118128446,0
WRK-005057,1.0,0.1,284.2437752595084,2
WRK-005058,1.0063694267515924,0.1,23.271248970520976,0
WRK-005059,1.0063694267515924,0.1,18.99137401392997,1
WRK-005060,1.0,0.1,40.49248243444757,0
WRK-005061,0.5991983967935872,0.1,5.399642576945133,2
WRK-005062,1.0,0.1,0.9127149612633761,1
WRK-005063,1.996,0.1,45.65500524556857,0
WRK-005064,1.0,0.1,18.283580200641175,0
WRK-005065,1.0,0.1,0.07935442729293986,0
WRK-005066,1.0063694267515924,0.1,88.16858535433698,0
WRK-005067,1.0063694267515924,0.1,41.758489749982076,1
WRK-005068,0.998,0.16216216216216217,8.467421335150103,0
WRK-005069,0.998,0.16216216216216217,18.070969805060766,0
WRK-005070,0.5,0.1,6.293446881462871,0
WRK-005071,0.8333333333333334,0.16216216216216217,5.381016545287034,1
WRK-005072,0.9704713369583771,0.1,10.689011334133397,0
WRK-005073,0.7995991983967936,0.1,6.792844992157361,0
WRK-005074,2.6996876394466756,0.1,7.515277917176103,1
WRK-005075,1.0063694267515924,0.1,1.4972337497746953,0
WRK-005076,0.796,0.1,97.119858469283,0
WRK-005077,0.5991983967935872,0.1,19.658323837872455,0
WRK-005078,1.996,0.1,2.2606854111404626,0
WRK-005079,0.8016032064128257,0.1,2.8167852527296855,0
WRK-005080,1.0,0.1,26.312693268207145,0
WRK-005081,0.5991983967935872,0.1,167.42487078023228,1
WRK-005082,1.0,0.1,287.8504392498907,2
WRK-005083,0.8116883116883117,0.1,4.440248097832705,1
WRK-005084,1.0,0.1,90.49299528659908,1
WRK-005085,1.0,0.1,20.204573650372883,1
WRK-005086,1.0,0.1,5.851630551845567,1
WRK-005087,1.0063694267515924,0.1,15.179691986707684,0
WRK-005088,1.0063694267515924,0.1,14.196745251716223,0
WRK-005089,1.0063694267515924,0.1,24.770688542759267,0
WRK-005090,1.0,1.0,18.92743082636503,0
WRK-005091,1.0,1.0,54.6282339289663,1
WRK-005092,0.8,1.0,32.715086529587325,1
WRK-005093,0.5940903207968556,0.1,8.871810660588036,0
WRK-005094,2.0,0.1,50.97988222109963,1
WRK-005095,1.0063694267515924,0.1,6.457493790995862,0
WRK-005096,1.0063694267515924,0.1,10.405885546403573,0
WRK-005097,1.0063694267515924,0.1,0.9955922929356855,0
WRK-005098,1.4983,1.0,26.618286496932747,0
WRK-005099,0.9656,1.0,17.44492276356334,0
WRK-005100,0.7,1.0,27.060034164999074,0
WRK-005101,0.4692849949647533,0.10801080108010801,66.72133659713924,1
WRK-005102,0.4692849949647533,0.10801080108010801,9.96763309026405,0
WRK-005103,0.8293,1.0,28.372557353442083,0
WRK-005104,1.0,0.1,21.591053054828176,0
WRK-005105,1.0063694267515924,0.1,44.7958721576678,1
WRK-005106,0.75,0.1,58.33181333051887,0
WRK-005107,1.0,0.1,164.14223390392033,2
WRK-005108,1.25,0.1,13.191267650546898,0
WRK-005109,1.0,0.1,4.419660361879175,0
WRK-005110,1.0,0.1,2.3573544329951472,0
WRK-005111,1.0,0.1,174.5837799431957,2
WRK-005112,1.375,0.1,10.335230121051069,0
WRK-005113,1.0,0.1,54.872110281241156,0
WRK-005114,1.0063694267515924,0.1,9.141816595409773,0
WRK-005115,1.0063694267515924,0.1,0.529149643354007,0
WRK-005116,1.5,1.0,8.5566396712264,0
WRK-005117,1.0,0.1,9.508542360656394,0
WRK-005118,0.1592946802151823,1.0,5.654079634206517,0
WRK-005119,1.7777777777777777,0.1,15.876671666333714,0
WRK-005120,0.5555555555555556,0.1,10.59769168202832,0
WRK-005121,1.7777777777777777,0.1,1.4757702544694273,0
WRK-005122,1.2698412698412698,0.135013501350135,13.079254109816498,0
WRK-005123,1.0,0.1,29.44636164678771,0
WRK-005124,1.0,0.1,21.645513543875083,0
WRK-005125,0.8116883116883117,0.1,1.5159456146429107,0
WRK-005126,0.8116883116883117,0.1,51.41293821767289,0
WRK-005127,0.8116883116883117,0.1,16.451093818633808,0
WRK-005128,1.1160714285714286,0.1,13.267402417607233,0
WRK-005129,1.1160714285714286,0.1,5.139457861967484,0
WRK-005130,0.1592946802151823,1.0,35.815183834010014,1
WRK-005131,0.1592946802151823,1.0,24.52337845224884,0
WRK-005132,0.1592946802151823,1.0,0.6845282040285311,0
WRK-005133,2.1702127659574466,0.1,2.129585921576139,0
WRK-005134,0.7647058823529411,1.0,1.0434659983862336,1
WRK-005135,0.5,1.0,15.739376602529154,0
WRK-005136,1.0,0.1,119.36159753346494,1
WRK-005137,2.796,0.1,51.50033423938843,0
WRK-005138,2.0,0.1,17.63523632674256,0
WRK-005139,2.0,0.1,75.64632858951687,0
WRK-005140,1.1319148936170214,0.1,11.54196790197069,0
WRK-005141,0.7787234042553192,0.1,6.724777958414821,0
WRK-005142,0.7659574468085106,0.1,13.725701703773797,0
WRK-005143,0.9574468085106383,0.1,5.561545884199645,0
WRK-005144,1.004255319148936,0.1,267.0685140814076,4
WRK-005145,0.9659574468085106,0.1,14.98794646561132,1
WRK-005146,1.0,0.1,19.984828961011022,1
WRK-005147,0.9914893617021276,0.1,35.547258826084125,0
WRK-005148,1.6212765957446809,0.1,11.369007288228968,0
WRK-005149,2.0,0.1,26.314738891614724,0
WRK-005150,2.0,0.1,0.7590362800522897,0
WRK-005151,2.0,0.1,5.047898681716881,0
WRK-005152,1.002004008016032,0.1,3.7803081519737485,0
WRK-005153,0.5940903207968556,0.1,18.354675301219334,0
WRK-005154,0.5940903207968556,0.1,2.6479664517529855,1
WRK-005155,0.5940903207968556,0.1,88.8949421642961,0
WRK-005156,0.5940903207968556,0.1,16.14534447162962,1
WRK-005157,0.5940903207968556,0.1,38.581706907022536,0
WRK-005158,0.8116883116883117,0.1,1.6351983364712785,0
WRK-005159,1.174468085106383,0.1,19.49645467713595,1
WRK-005160,1.0,0.1,299.40441488477154,4
WRK-005161,0.7142857142857143,0.1,18.07422233873025,0
WRK-005162,1.0,0.1,15.157289439319754,0
WRK-005163,1.0,0.1,25.88169170727529,0
WRK-005164,1.0,0.1,61.6219088478023,1
WRK-005165,1.0,0.1,18.72814176356112,2
WRK-005166,1.1160714285714286,0.1,37.99805911291406,1
WRK-005167,1.0,0.1,8.944205431616913,0
WRK-005168,1.0,0.1,11.27152630450022,1
WRK-005169,4.0,0.1,18.894977035265317,1
WRK-005170,4.641346,0.1,3.6177178450524075,0
WRK-005171,6.0,0.1,3.5586802082234863,1
WRK-005172,4.129294,0.1,138.5767315915414,0
WRK-005173,8.5848,0.1,208.36751865591975,4
WRK-005174,1.4,1.0,57.060127050439604,0
WRK-005175,0.5,1.0,39.74300691851067,0
WRK-005176,8.908632,0.1,32.63694102254916,1
WRK-005177,1.0,0.1,48.79428770344279,1
WRK-005178,1.0,0.1,20.751970980328753,0
WRK-005179,1.0,0.08093525179856115,8.07352772485748,0
WRK-005180,2.0,0.1,41.805120161696045,0
WRK-005181,0.99,0.1,21.80889123946769,1
WRK-005182,0.99,0.1,5.217494176004665,0
WRK-005183,1.0,0.1,68.91920047418243,1
WRK-005184,1.0,0.1,28.031579230875078,0
WRK-005185,2.2222222222222223,1.0,6.593601228187676,1
WRK-005186,0.3784920634920635,0.1,14.804969012084978,0
WRK-005187,0.3784920634920635,0.1,20.567541348636034,0
WRK-005188,0.5904761904761905,1.0,12.478085294167919,1
WRK-005189,0.2857142857142857,0.1,35.736896552025634,1
WRK-005190,1.0,0.1,18.411480943961006,0
WRK-005191,0.8939,1.0,9.844349228382534,0
WRK-005192,1.4,0.1618705035971223,22.10652621298502,0
WRK-005193,1.4212,0.1,43.999498805953074,2
WRK-005194,1.4998,1.0,1.6889631348944119,1
WRK-005195,1.0,0.1,4.400647116752229,0
WRK-005196,0.5991983967935872,0.1,25.09883454943829,0
WRK-005197,0.36266223994406777,0.1,33.221185933949414,1
WRK-005198,0.36266223994406777,0.1,9.589198279352217,0
WRK-005199,0.36266223994406777,0.1,5.246859662570282,1
WRK-005200,0.36266223994406777,0.1,96.63904870080967,0
WRK-005201,0.41500524364733526,0.1,8.611330267427151,0
WRK-005202,0.41500524364733526,0.1,3.353794769787986,0
WRK-005203,0.7995991983967936,0.1,21.616587671598456,0
WRK-005204,1.596,0.1,19.755088140806517,0
WRK-005205,0.1592946802151823,1.0,2.9761134545753007,1
WRK-005206,0.1592946802151823,1.0,19.369834034494787,0
WRK-005207,0.1592946802151823,1.0,0.9508606595246571,1
WRK-005208,0.1592946802151823,1.0,19.827527910915784,1
WRK-005209,2.0,0.1,6.671389264274286,1
WRK-005210,2.0,0.1,8.780322614326405,0
WRK-005211,2.0,0.1,7.756219786240917,0
WRK-005212,2.5,0.1,15.188824356860316,2
WRK-005213,2.5,0.1,29.70408169804852,0
WRK-005214,2.5,0.1,225.0533184327232,4
WRK-005215,2.5,0.1,5.879456438168069,0
WRK-005216,2.5,0.1,3.2191473922603153,1
WRK-005217,0.41500524364733526,0.1,31.2077759687781,0
WRK-005218,0.501002004008016,0.1,10.743108456785286,1
WRK-005219,1.0,0.1,18.374777152520416,0
WRK-005220,0.6012024048096193,0.1,9.631423277720168,0
WRK-005221,0.516015,0.1,5.53221802511556,0
WRK-005222,2.5,0.1,3.689757978233195,1
WRK-005223,0.5,0.1,5.007976838326911,0
WRK-005224,0.1592946802151823,1.0,1.2283469151985984,0
WRK-005225,0.1592946802151823,1.0,44.28189149853601,0
WRK-005226,0.1592946802151823,1.0,3.4724443573418444,0
WRK-005227,0.1592946802151823,1.0,14.710748278681471,0
WRK-005228,1.0,0.1,8.215067060308588,0
WRK-005229,0.1592946802151823,1.0,30.407193716768344,0
WRK-005230,1.6666666666666667,0.1,25.65373935214026,1
WRK-005231,1.6666666666666667,0.1,0.07823036844005155,0
WRK-005232,0.1592946802151823,1.0,6.0522866292608635,0
WRK-005233,0.1592946802151823,1.0,26.309058745014774,0
WRK-005234,0.1592946802151823,1.0,13.723759066208235,0
WRK-005235,0.1592946802151823,1.0,72.01672139909803,0
WRK-005236,0.1592946802151823,1.0,63.47802120605942,0
WRK-005237,0.1592946802151823,1.0,22.26627127268663,0
WRK-005238,0.1592946802151823,1.0,3.1681005781569915,0
WRK-005239,0.1592946802151823,1.0,18.57129995973994,1
WRK-005240,0.1592946802151823,1.0,22.148052330944136,0
WRK-005241,0.1592946802151823,1.0,31.887787321670594,0
WRK-005242,0.1592946802151823,1.0,45.04734041334265,0
WRK-005243,0.1592946802151823,1.0,1.8626880970890376,0
WRK-005244,0.1592946802151823,1.0,74.3703186848772,1
WRK-005245,0.1592946802151823,1.0,3.2185269806226877,0
WRK-005246,0.1592946802151823,1.0,211.23539493554344,4
WRK-005247,0.1592946802151823,1.0,5.576266064699019,0
WRK-005248,0.1592946802151823,1.0,32.587761371496526,0
WRK-005249,0.1592946802151823,1.0,5.578576634795559,0
WRK-005250,2.857142857142857,0.1,27.37005419166238,1
WRK-005251,1.4285714285714286,0.1,31.609855738011493,1
WRK-005252,1.371308016877637,0.1,6.066091215015854,0
WRK-005253,0.7383966244725738,0.1,121.3514865694154,4
WRK-005254,1.0548523206751055,0.1,10.815934510267963,0
WRK-005255,1.4285714285714286,0.1,60.90242071803871,0
WRK-005256,0.501002004008016,0.1,13.061639126793496,0
WRK-005257,1.0,0.1,0.11114050655846994,0
WRK-005258,1.0527426160337552,1.0,14.630796517190504,0
WRK-005259,1.6867088607594938,1.0,18.054807116235395,1
WRK-005260,4.0,0.1615798922800718,8.815958010683987,0
WRK-005261,1.0,1.0,53.956807663600095,1
WRK-005262,1.4285714285714286,0.1,36.28726706305196,2
WRK-005263,1.25,0.1,9.983360320883502,0
WRK-005264,1.0,0.1,6.90411864479392,0
WRK-005265,1.0,1.0,6.459734764715595,0
WRK-005266,1.0,1.0,4.534788372152646,0
WRK-005267,1.6666666666666667,1.0,46.885819794095525,0
WRK-005268,0.7142857142857143,0.1,8.918041495599983,1
WRK-005269,0.7142857142857143,0.3273542600896861,2.131413549322906,0
WRK-005270,0.625,0.242152466367713,25.84835454859746,0
WRK-005271,0.7142857142857143,0.1,1.8719237633424977,1
WRK-005272,2.0,0.1,55.40033177961759,1
WRK-005273,4.0,0.1,1.0167164191658553,0
WRK-005274,4.0,0.1,10.29137372408037,0
WRK-005275,1.0,0.1,12.519530052984187,0
WRK-005276,1.0,0.3273542600896861,18.10347088517848,0
WRK-005277,1.4285714285714286,0.3273542600896861,1.800985599695206,0
WRK-005278,1.0714285714285714,0.1,29.92476205970582,0
WRK-005279,1.0,0.3273542600896861,156.77616308412985,4
WRK-005280,1.0,0.3273542600896861,24.0324414461282,1
WRK-005281,1.0,0.3273542600896861,10.198157472629664,0
WRK-005282,1.0,0.3273542600896861,15.842435545477949,0
WRK-005283,7.2727272727272725,0.1,43.43954368265865,0
WRK-005284,0.8888888888888888,0.1,0.01563809717253839,1
WRK-005285,1.5,0.1,1.6382498464324555,0
WRK-005286,7.698624512420448,0.1,38.98166970141154,0
WRK-005287,3.2,0.1,66.01431391677228,0
WRK-005288,2.0,0.1,42.72855945943728,0
WRK-005289,1.25,0.1,46.9773103271423,0
WRK-005290,2.0,1.0,7.638798187924176,1
WRK-005291,2.414195,1.0,71.68248323157582,0
WRK-005292,2.316805,1.0,17.85331847739557,1
WRK-005293,1.6915720263000598,0.1,3.869727699222833,1
WRK-005294,1.6915720263000598,0.1,2.5197565360726006,0
WRK-005295,1.6915720263000598,0.1,5.831334448302419,0
WRK-005296,1.6915720263000598,0.1,24.744997716914714,0
WRK-005297,1.6915720263000598,0.1,57.11613703236668,2
WRK-005298,1.6915720263000598,0.1,9.079325695060852,0
WRK-005299,2.47867,1.0,24.135433363249724,0
WRK-005300,0.9901898734177215,1.0,11.68259240208381,0
WRK-005301,0.5833333333333334,1.0,0.5326170776401449,0
WRK-005302,2.46068,1.0,4.073602835938818,1
WRK-005303,0.7142857142857143,0.1,2.736047333867977,0
WRK-005304,2.857142857142857,0.3270609318996416,18.640406198492997,0
WRK-005305,1.0,0.3270609318996416,0.4794299219665263,2
WRK-005306,0.8888888888888888,0.17921146953405018,9.730860627491412,0
WRK-005307,1.0,0.16129032258064516,63.853555300361975,1
WRK-005308,1.1111111111111112,0.17921146953405018,2.803126340968725,2
WRK-005309,0.375,0.24193548387096775,4.553943485825898,0
WRK-005310,0.5555555555555556,0.17921146953405018,5.685243652889847,0
WRK-005311,1.0,0.3270609318996416,20.19120454214054,1
WRK-005312,1.25,0.1,22.562918153446404,1
WRK-005313,1.25,0.1,4.3986152016426345,1
WRK-005314,1.5,1.0,9.514975439270788,0
WRK-005315,1.5,1.0,8.992881734374103,0
WRK-005316,1.5,0.1,3.577431295598892,0
WRK-005317,1.5,1.0,3.992606198743405,0
WRK-005318,1.3105378224748578,1.0,207.91675567304665,5
WRK-005319,1.0,0.1,2.1791925541300947,1
WRK-005320,1.1428571428571428,1.0,9.369996491001768,0
WRK-005321,3.8666666666666667,0.1,2.2947497141086908,1
WRK-005322,2.482895,1.0,14.522066758348029,2
WRK-005323,0.6,0.1,23.298322995290928,1
WRK-005324,2.47501,1.0,11.950240814665964,0
WRK-005325,0.5,0.1,6.485495333245007,0
WRK-005326,0.800640512409928,0.1,21.339745533335815,1
WRK-005327,1.601281024819856,1.0,5.833304920699055,0
WRK-005328,0.2992992992992993,0.1,35.94431351264654,1
WRK-005329,1.0,0.1,6.212736147525769,1
WRK-005330,0.2992992992992993,0.1,5.135045134665725,0
WRK-005331,1.001001001001001,0.1,53.464283055946844,0
WRK-005332,0.998998998998999,1.0,170.03981085578178,3
WRK-005333,1.0,1.0,6.1515655626083054,0
WRK-005334,1.2,0.1,52.276293981953756,1
WRK-005335,3.0,0.3267681289167413,55.2339040784138,0
WRK-005336,0.998,0.1611459265890779,6.958112667477355,0
WRK-005337,0.998,0.1611459265890779,41.441616850008714,0
WRK-005338,0.998,0.1611459265890779,130.83335886898027,0
WRK-005339,3.7333333333333334,0.1,165.25229419890877,5
WRK-005340,4.171428571428572,0.1,34.31259791382419,0
WRK-005341,9.333333333333334,0.1,0.0270247961616411,2
WRK-005342,3.7714285714285714,0.1,45.712604171225095,0
WRK-005343,8.266666666666667,0.1,3.3838788492550957,0
WRK-005344,6.1,0.1,33.796185582693504,0
WRK-005345,3.942857142857143,0.1,4.813704914514931,0
WRK-005346,4.8,0.1,8.071992746171809,0
WRK-005347,3.8285714285714287,0.1,7.387137125574547,1
WRK-005348,7.333333333333333,0.1,8.614535403670006,0
WRK-005349,4.228571428571429,0.1,42.065948878389904,0
WRK-005350,3.4857142857142858,0.1,10.099656517549683,1
WRK-005351,4.114285714285714,0.1,12.518798745929669,1
WRK-005352,4.114285714285714,0.1,1.1536099631067005,0
WRK-005353,4.171428571428572,0.1,12.508372954058869,1
WRK-005354,4.171428571428572,0.1,5.795146061667033,1
WRK-005355,4.114285714285714,0.1,8.039820226681108,0
WRK-005356,4.0,0.1,24.753186991770985,0
WRK-005357,1.1163829193413342,0.1,6.918870263711364,1
WRK-005358,0.4004004004004004,1.0,8.996998029340347,0
WRK-005359,0.7007007007007007,1.0,20.755874083599693,0
WRK-005360,0.4004004004004004,1.0,8.092410754725424,0
WRK-005361,1.0263713080168777,0.1611459265890779,23.058336055711813,0
WRK-005362,1.410337552742616,0.1611459265890779,3.97917484681245,0
WRK-005363,1.8533755274261603,0.1611459265890779,1.683316847310323,0
WRK-005364,2.528481012658228,0.1611459265890779,5.967885848140328,1
WRK-005365,2.617088607594937,0.1611459265890779,16.72171229384429,0
WRK-005366,1.5327004219409284,0.1611459265890779,5.064402759535432,1
WRK-005367,0.6244725738396625,0.1611459265890779,101.95121559785176,0
WRK-005368,2.6350210970464136,0.1611459265890779,21.67896136636616,0
WRK-005369,2.567510548523207,0.1611459265890779,8.629149833572908,0
WRK-005370,2.4462025316455698,0.1611459265890779,99.64248766378017,0
WRK-005371,2.430379746835443,0.1611459265890779,9.367700143298174,0
WRK-005372,2.4915611814345993,0.1611459265890779,0.21875473747142304,0
WRK-005373,1.7025316455696202,0.1611459265890779,13.098833307734974,0
WRK-005374,1.0601265822784811,0.1611459265890779,229.21758646347973,3
WRK-005375,2.3892405063291138,0.1611459265890779,6.820146261304344,0
WRK-005376,2.569620253164557,0.1611459265890779,2.214912164559855,0
WRK-005377,0.830168776371308,0.1611459265890779,58.370594610774006,0
WRK-005378,2.0,0.1,10.962593602459645,1
WRK-005379,1.001001001001001,0.1,26.542917048446487,0
WRK-005380,1.001001001001001,1.0,37.69642955643488,0
WRK-005381,1.001001001001001,1.0,17.16975232053759,0
WRK-005382,1.0,0.1,15.435953698215892,0
WRK-005383,2.506666666666667,0.1,13.698996151661625,1
WRK-005384,0.2992992992992993,1.0,57.76117484281816,0
WRK-005385,1.5015015015015014,1.0,294.3261099529186,3
WRK-005386,1.0,1.0,28.754782426549482,0
WRK-005387,1.0,1.0,16.274399046278035,1
WRK-005388,1.0,0.1,2.364126247093358,0
WRK-005389,2.5432489451476794,0.1,24.724184519984036,1
WRK-005390,1.8354430379746836,0.1611459265890779,36.79070660273475,1
WRK-005391,0.6518987341772152,0.1611459265890779,9.47645786391696,0
WRK-005392,0.20001333422228149,0.3267681289167413,20.14912012672585,0
WRK-005393,0.8,0.1,11.606284074362279,0
WRK-005394,4.171428571428572,0.1,0.4802571411335577,0
WRK-005395,3.8285714285714287,0.1,9.601920094198618,0
WRK-005396,1.0,0.1,10.949998981160968,0
WRK-005397,4.0,0.1,140.89746737987753,0
WRK-005398,1.1764705882352942,0.1,20.97396508260676,0
WRK-005399,1.7777777777777777,0.3267681289167413,4.340401694147371,0
WRK-005400,1.1764705882352942,0.1,11.692385829144756,0
WRK-005401,2.2222222222222223,0.1,2.5861517820209423,1
WRK-005402,1.7777777777777777,0.1,43.29208519269269,1
WRK-005403,1.0,0.1,43.92551653684861,0
WRK-005404,1.0,0.1,32.012449942426514,0
WRK-005405,1.0,0.1,7.149021945578587,0
WRK-005406,1.0,0.1,1.1057696840132398,0
WRK-005407,1.0,0.1,8.76550813534801,0
WRK-005408,1.0,0.1,45.688276364665526,0
WRK-005409,1.0,0.1,39.71274485104352,0
WRK-005410,1.0,0.1,3.224049620598006,0
WRK-005411,9.777777777777779,0.1,20.67292402879073,0
WRK-005412,2.2222222222222223,0.1,11.599606958273172,0
WRK-005413,1.1764705882352942,0.1,21.125243464464994,1
WRK-005414,1.0,0.1,21.907312074988198,0
WRK-005415,1.0,0.3267681289167413,1.9487677023102248,0
WRK-005416,0.7142857142857143,0.3267681289167413,9.875906590587983,0
WRK-005417,0.7142857142857143,0.3267681289167413,4.554421626327464,1
WRK-005418,0.7142857142857143,0.3267681289167413,14.891476662540942,1
WRK-005419,0.7142857142857143,0.3267681289167413,3.1474469331733266,0
WRK-005420,0.8877721943048577,0.1,7.271080209580905,0
WRK-005421,0.8877721943048577,0.1,9.066450071148168,0
WRK-005422,0.8877721943048577,0.1,10.811862533548858,0
WRK-005423,0.8877721943048577,0.1,32.27246137455004,0
WRK-005424,0.8877721943048577,0.1,0.1886419588746322,2
WRK-005425,0.8877721943048577,0.1,44.86252653795628,0
WRK-005426,0.8877721943048577,0.1,14.588917352328266,0
WRK-005427,0.8877721943048577,0.1,19.071359635897764,0
WRK-005428,0.8877721943048577,0.1,2.700431961553486,0
WRK-005429,0.8877721943048577,0.1,18.203611238443568,0
WRK-005430,1.0,0.1,10.08349733019341,0
WRK-005431,1.0,0.1,2.912149665909643,0
WRK-005432,1.0,0.1,19.408342893537437,0
WRK-005433,1.0,0.1,3.0042648392499673,0
WRK-005434,1.0,0.1,3.1624377223426556,0
WRK-005435,1.0,0.1,73.32760495739895,0
WRK-005436,1.0,0.32647584973166366,14.467213245790171,1
WRK-005437,2.0,0.1,32.81696476235454,0
WRK-005438,0.3333333333333333,0.1,174.10361397581502,5
WRK-005439,0.25,0.16100178890876565,10.208537211080547,4
WRK-005440,1.4285714285714286,0.1,2.4100159743098173,0
WRK-005441,1.25,0.24150268336314848,282.1691800653556,5
WRK-005442,0.625,0.1,29.25737914858457,0
WRK-005443,0.625,0.1,9.565010144553712,0
WRK-005444,1.0,0.32647584973166366,108.31633861635385,1
WRK-005445,0.6666666666666666,1.0,1.8259189267324458,0
WRK-005446,0.7142857142857143,0.32647584973166366,10.529718565886787,0
WRK-005447,1.0,0.16100178890876565,6.217609547669224,0
WRK-005448,0.7142857142857143,0.32647584973166366,5.582543838024325,1
WRK-005449,1.0,0.32647584973166366,4.897652169842148,0
WRK-005450,1.4285714285714286,0.32647584973166366,18.29258812162548,0
WRK-005451,0.5813953488372093,1.0,4.974886156396386,1
WRK-005452,0.7142857142857143,0.32647584973166366,20.944479334125038,0
WRK-005453,1.0,0.1,9.984441197375011,0
WRK-005454,2.0,0.1,19.55374758029303,1
WRK-005455,1.0,0.1,4.115236024730983,0
WRK-005456,1.0,0.1,48.264815075599394,0
WRK-005457,1.4,0.1,32.0896252552093,1
WRK-005458,2.0,0.1,16.37556829867084,0
WRK-005459,0.75,0.1,34.962840739157144,2
WRK-005460,0.8522727272727273,1.0,15.169022632671425,1
WRK-005461,0.8888888888888888,0.1,0.13651532376680436,0
WRK-005462,1.1111111111111112,0.17889087656529518,14.399450892774155,0
WRK-005463,0.9493670886075949,0.16100178890876565,9.949929646375153,0
WRK-005464,0.890295358649789,0.16100178890876565,9.33301828011724,0
WRK-005465,0.36458125124925045,0.1,24.495086473175206,0
WRK-005466,0.4225352112676056,1.0,3.243253751513885,1
WRK-005467,0.6121556624398776,0.24150268336314848,52.09565876219213,1
WRK-005468,0.4988,0.16100178890876565,24.16980953048561,0
WRK-005469,1.415,1.0,13.482288744178723,0
WRK-005470,1.35,1.0,8.18554148361663,0
WRK-005471,1.5,1.0,44.91541976163119,0
WRK-005472,0.1592946802151823,1.0,7.025986968474983,0
WRK-005473,0.1592946802151823,1.0,84.53599055807678,0
WRK-005474,0.1592946802151823,1.0,18.15522457717173,0
WRK-005475,0.1592946802151823,1.0,56.150511404355456,0
WRK-005476,1.4998,1.0,6.476698724362589,0
WRK-005477,0.6,1.0,58.43371723768617,0
WRK-005478,1.0,1.0,37.23727599806885,0
WRK-005479,1.0,1.0,3.1790526443819673,0
WRK-005480,1.0,1.0,33.825489853954174,0
WRK-005481,1.0,1.0,21.06582471969808,0
WRK-005482,1.0,1.0,0.5723612698232073,1
WRK-005483,1.0,1.0,51.458020649185315,0
WRK-005484,2.5,1.0,153.10011124133814,4
WRK-005485,2.5,1.0,1.2584518275596455,0
WRK-005486,2.5,1.0,1.4163345111532033,0
WRK-005487,2.5,1.0,2.6872527563561954,0
WRK-005488,2.5,1.0,34.454640698191405,0
WRK-005489,1.4996,0.1,18.662598423391255,1
WRK-005490,0.9992,0.1,18.50284053669143,0
WRK-005491,1.5,1.0,0.13481166411316842,1
WRK-005492,1.0000666711114075,0.1,13.486495940849004,0
WRK-005493,1.5,1.0,28.382000608840308,0
WRK-005494,1.5,1.0,10.473227370508054,0
WRK-005495,1.5,1.0,5.082494325656212,1
WRK-005496,1.5,0.1,9.172758277733053,0
WRK-005497,1.5,0.1,25.434042118040892,0
WRK-005498,1.37,1.0,1.6375675975239008,0
WRK-005499,1.37,1.0,2.72022820543002,0
WRK-005500,1.4995,0.1,3.735385303496774,0
WRK-005501,1.06,0.1,2.051359871499737,0
WRK-005502,1.025,0.1,23.12672072991926,0
WRK-005503,1.4995,0.1,211.8166703847888,3
WRK-005504,1.48,1.0,10.557992945893343,0
WRK-005505,1.0,0.1,13.85024401176494,1
WRK-005506,1.0,1.0,14.866239466059831,0
WRK-005507,1.0,1.0,3.424364412615847,0
WRK-005508,1.0,0.16085790884718498,254.32235312397373,3
WRK-005509,1.001001001001001,1.0,179.47626031427936,4
WRK-005510,0.1592946802151823,1.0,31.08868357741844,1
WRK-005511,0.1592946802151823,1.0,71.74358518394173,0
WRK-005512,0.1592946802151823,1.0,64.97203283436806,0
WRK-005513,0.1592946802151823,1.0,2.201081322431807,1
WRK-005514,0.1592946802151823,1.0,238.41682856006076,3
WRK-005515,0.1592946802151823,1.0,148.01422157514142,2
WRK-005516,0.1592946802151823,1.0,1.2419494391576587,0
WRK-005517,0.1592946802151823,1.0,5.441419261620563,0
WRK-005518,0.1592946802151823,1.0,5.115658370539844,1
WRK-005519,0.1592946802151823,1.0,1.507799561137173,0
WRK-005520,0.1592946802151823,1.0,26.676798854030935,0
WRK-005521,0.1592946802151823,1.0,25.946844956072198,0
WRK-005522,0.1592946802151823,1.0,31.71717648913348,1
WRK-005523,0.1592946802151823,1.0,12.914595807227746,0
WRK-005524,0.1592946802151823,1.0,12.214145650429451,1
WRK-005525,0.1592946802151823,1.0,55.79953187888559,0
WRK-005526,0.1592946802151823,1.0,1.6281219873627668,0
WRK-005527,0.1592946802151823,1.0,16.962542345317086,1
WRK-005528,0.1592946802151823,1.0,15.318853678617579,0
WRK-005529,0.1592946802151823,1.0,62.08744014877922,0
WRK-005530,0.1592946802151823,1.0,56.67908534628807,0
WRK-005531,0.1592946802151823,1.0,7.191685497075088,0
WRK-005532,0.1592946802151823,1.0,67.23817032638004,0
WRK-005533,0.1592946802151823,1.0,13.607264445026608,0
WRK-005534,0.5,1.0,26.045520755032395,0
WRK-005535,0.1592946802151823,1.0,53.39075904616985,0
WRK-005536,0.1592946802151823,1.0,18.937277390215655,0
WRK-005537,0.1592946802151823,1.0,21.597211303835834,0
WRK-005538,0.1592946802151823,1.0,61.89455271250446,1
WRK-005539,0.1592946802151823,1.0,14.965965279513867,3
WRK-005540,0.1592946802151823,1.0,32.508351251643795,0
WRK-005541,0.1592946802151823,1.0,38.72757468016254,0
WRK-005542,0.1592946802151823,1.0,4.280303191216033,0
WRK-005543,0.1592946802151823,1.0,5.368296561042283,0
WRK-005544,0.1592946802151823,1.0,12.911208795249095,0
WRK-005545,0.1592946802151823,1.0,22.974928375813505,0
WRK-005546,1.0639569635385535,0.05357142857142857,34.04522734676245,1
WRK-005547,1.0639569635385535,0.05357142857142857,1.0531571037344227,1
WRK-005548,1.0639569635385535,0.05357142857142857,36.96697899529981,0
WRK-005549,1.0639569635385535,0.05357142857142857,35.0435021669013,0
WRK-005550,1.0639569635385535,0.05357142857142857,27.488058382848948,0
WRK-005551,1.0639569635385535,0.05357142857142857,4.695115184558122,1
WRK-005552,2.7777777777777777,0.1,43.033766046797794,0
WRK-005553,1.4545454545454546,0.1,0.9273070230721446,0
WRK-005554,1.0639569635385535,0.05357142857142857,1.0341466075078656,0
WRK-005555,1.0639569635385535,0.05357142857142857,165.29359699941477,5
WRK-005556,1.0639569635385535,0.05357142857142857,2.3808367899283316,0
WRK-005557,1.0639569635385535,0.05357142857142857,0.7525655330424906,0
WRK-005558,1.0639569635385535,0.05357142857142857,19.837243787229816,0
WRK-005559,1.0639569635385535,0.05357142857142857,40.04645960244395,0
WRK-005560,1.0639569635385535,0.05357142857142857,37.40232920055349,0
WRK-005561,1.0639569635385535,0.05357142857142857,24.296259459213182,2
WRK-005562,1.0639569635385535,0.1,4.313823542772538,0
WRK-005563,1.0639569635385535,0.05357142857142857,3.740948166769076,0
WRK-005564,1.0,0.1,67.58288801243619,2
WRK-005565,1.5,0.1,3.2124571542623896,0
WRK-005566,0.5,1.0,103.59815227546389,0
WRK-005567,1.0639569635385535,0.1,54.82209854579541,0
WRK-005568,1.0639569635385535,0.1,12.64386930159396,0
WRK-005569,1.0639569635385535,0.1,12.650282657661462,0
WRK-005570,1.0639569635385535,0.1,5.232148899869744,0
WRK-005571,1.0639569635385535,0.05357142857142857,13.513472378268297,0
WRK-005572,1.0639569635385535,0.1,2.193655390214743,0
WRK-005573,1.0639569635385535,0.1,14.05240487822568,0
WRK-005574,1.0639569635385535,0.1,43.07375698102993,0
WRK-005575,1.0639569635385535,0.1,12.978134137178897,0
WRK-005576,1.0639569635385535,0.1,3.060920039465225,1
WRK-005577,1.0639569635385535,0.1,8.635258657669777,0
WRK-005578,1.0639569635385535,0.1,25.790497680175534,0
WRK-005579,1.0639569635385535,0.1,6.528370829231001,0
WRK-005580,1.0639569635385535,0.1,12.108367092465018,0
WRK-005581,1.0639569635385535,0.1,5.413093866590389,0
WRK-005582,1.0639569635385535,0.1,9.588109461525178,0
WRK-005583,1.0639569635385535,0.1,3.834116919905548,0
WRK-005584,1.0639569635385535,0.1,54.19356301253919,0
WRK-005585,1.0639569635385535,0.1,18.38699217553906,0
WRK-005586,1.0639569635385535,0.1,12.521211977100124,0
WRK-005587,1.0639569635385535,0.1,78.03034333632469,0
WRK-005588,1.0639569635385535,0.1,41.114158483726285,0
WRK-005589,1.0639569635385535,0.1,2.4285038665566154,0
WRK-005590,1.0639569635385535,0.1,33.61284298147928,0
WRK-005591,1.0639569635385535,0.1,22.702334991962253,0
WRK-005592,1.0639569635385535,0.1,35.49642601387206,1
WRK-005593,1.0639569635385535,0.1,8.306166999189376,0
WRK-005594,1.0639569635385535,0.1,12.662479913651461,2
WRK-005595,1.0639569635385535,0.05357142857142857,34.30109330024235,1
WRK-005596,1.0639569635385535,0.05357142857142857,30.595128892774575,1
WRK-005597,1.0639569635385535,0.05357142857142857,16.616867267293173,0
WRK-005598,1.0639569635385535,0.05357142857142857,31.38169742800063,1
WRK-005599,1.0639569635385535,0.05357142857142857,1.9367267116530609,1
WRK-005600,1.0639569635385535,0.05357142857142857,22.255796009782078,0
WRK-005601,1.0639569635385535,0.05357142857142857,0.17177343645135454,1
WRK-005602,1.0639569635385535,0.05357142857142857,1.5829610962221725,2
WRK-005603,1.0639569635385535,0.05357142857142857,0.9070078508072017,0
WRK-005604,1.0639569635385535,0.05357142857142857,54.70387994748191,0
WRK-005605,1.0639569635385535,0.05357142857142857,36.75427184457397,0
WRK-005606,1.0639569635385535,0.05357142857142857,20.865547586574277,0
WRK-005607,1.0639569635385535,0.05357142857142857,15.420120501966082,0
WRK-005608,1.0639569635385535,0.05357142857142857,3.0577986924016898,1
WRK-005609,1.0639569635385535,0.05357142857142857,2.593522291091088,0
WRK-005610,1.0639569635385535,0.05357142857142857,23.99545178516027,0
WRK-005611,1.0639569635385535,0.05357142857142857,34.47141891722268,0
WRK-005612,1.0639569635385535,0.05357142857142857,33.0759166508853,0
WRK-005613,1.0639569635385535,0.05357142857142857,70.04863582813425,0
WRK-005614,1.0639569635385535,0.05357142857142857,12.769327816327788,0
WRK-005615,1.0639569635385535,0.05357142857142857,3.305468462046766,0
WRK-005616,1.0639569635385535,0.05357142857142857,2.6103936245067967,1
WRK-005617,1.0639569635385535,0.05357142857142857,3.89538749714411,0
WRK-005618,1.0639569635385535,0.05357142857142857,66.37793350335534,2
WRK-005619,1.0639569635385535,0.05357142857142857,2.2677293089306803,1
WRK-005620,1.0639569635385535,0.05357142857142857,15.892669421812327,0
WRK-005621,1.0639569635385535,0.05357142857142857,59.142228571471016,0
WRK-005622,1.0639569635385535,0.05357142857142857,12.746708012121333,1
WRK-005623,1.0639569635385535,0.05357142857142857,2.563294792221624,2
WRK-005624,1.0639569635385535,0.05357142857142857,23.758865393877233,0
WRK-005625,1.0639569635385535,0.05357142857142857,3.3146263126905913,0
WRK-005626,1.0639569635385535,0.05357142857142857,42.56636179215975,0
WRK-005627,1.0639569635385535,0.05357142857142857,1.215781532006237,0
WRK-005628,1.0639569635385535,0.05357142857142857,14.537676102458217,1
WRK-005629,1.0639569635385535,0.05357142857142857,27.13231127375232,0
WRK-005630,1.0639569635385535,0.05357142857142857,3.374115032384947,2
WRK-005631,1.0639569635385535,0.05357142857142857,0.8440478698038061,0
WRK-005632,1.0639569635385535,0.05357142857142857,13.663577653311982,0
WRK-005633,1.0639569635385535,0.05357142857142857,9.755920004983773,0
WRK-005634,1.0639569635385535,0.05357142857142857,5.837988274816964,0
WRK-005635,1.0639569635385535,0.05357142857142857,22.12219231187151,0
WRK-005636,1.0639569635385535,0.05357142857142857,25.061205556121685,0
WRK-005637,1.0639569635385535,0.05357142857142857,53.77685323181573,0
WRK-005638,1.0639569635385535,0.05357142857142857,82.93782074822656,0
WRK-005639,1.0639569635385535,0.1,12.603762125583577,0
WRK-005640,1.0639569635385535,0.1,1.191832379414534,0
WRK-005641,1.0639569635385535,0.1,5.097298042890829,0
WRK-005642,1.0639569635385535,0.05357142857142857,0.6727524602240458,0
WRK-005643,1.0639569635385535,0.1,10.847529372532032,0
WRK-005644,1.0639569635385535,0.1,1.9993678480752268,0
WRK-005645,1.0639569635385535,0.1,52.92516034253631,1
WRK-005646,1.0639569635385535,0.1,1.2190767936568527,0
WRK-005647,1.0639569635385535,0.1,30.79622392288855,0
WRK-005648,1.0639569635385535,0.1,5.066417100803849,0
WRK-005649,1.0639569635385535,0.1,8.689079493609892,0
WRK-005650,1.0639569635385535,0.1,32.35562643629527,0
WRK-005651,1.0639569635385535,0.1,0.5891756534246365,1
WRK-005652,1.0639569635385535,0.1,3.5209342551145735,0
WRK-005653,1.0639569635385535,0.1,12.534097597905635,0
WRK-005654,1.0639569635385535,0.1,19.41629663848587,2
WRK-005655,1.0639569635385535,0.1,12.761580440619255,1
WRK-005656,1.0639569635385535,0.1,14.635255665537816,1
WRK-005657,1.0639569635385535,0.1,23.725476244070286,1
WRK-005658,1.0639569635385535,0.1,0.7454791784837743,0
WRK-005659,1.0639569635385535,0.1,8.005605907241215,0
WRK-005660,1.0639569635385535,0.1,12.103979031183908,0
WRK-005661,1.0639569635385535,0.1,22.707951609757014,1
WRK-005662,1.0639569635385535,0.1,211.5132211411993,2
WRK-005663,1.0639569635385535,0.1,10.088628081288585,0
WRK-005664,1.0639569635385535,0.1,6.599529899727818,0
WRK-005665,1.0639569635385535,0.1,171.1242336744257,4
WRK-005666,1.0639569635385535,0.1,3.9422852978078065,0
WRK-005667,1.0639569635385535,0.1,1.6119175618269967,0
WRK-005668,1.0639569635385535,0.05357142857142857,44.26583354773019,0
WRK-005669,1.0639569635385535,0.05357142857142857,19.225468309554145,0
WRK-005670,1.0639569635385535,0.05357142857142857,2.0221937510484875,0
WRK-005671,1.0639569635385535,0.1,0.46862523752856405,0
WRK-005672,1.0639569635385535,0.1,20.17166280544924,1
WRK-005673,1.0639569635385535,0.1,31.34890991157796,1
WRK-005674,1.0639569635385535,0.1,14.666229878101245,0
WRK-005675,1.0639569635385535,0.05357142857142857,0.7444714895001676,1
WRK-005676,1.0639569635385535,0.05357142857142857,4.0501050223001664,0
WRK-005677,1.0639569635385535,0.1,1.1265817172705237,0
WRK-005678,1.0,1.0,28.15415886993079,0
WRK-005679,3.0,0.1,3.236844413416025,0
WRK-005680,0.5555555555555556,1.0,36.333549195083805,0
WRK-005681,1.0,0.13380909901873328,26.748643540558238,0
WRK-005682,2.0,0.1,11.831930420159072,0
WRK-005683,1.0,0.1,11.468103791262024,0
WRK-005684,0.5833333333333334,0.1,2.0821985211348464,2
WRK-005685,0.5454545454545454,0.1,5.777231453522709,0
WRK-005686,0.619198312236287,0.1,2.1903424439006263,0
WRK-005687,1.8,0.1,255.1558797878084,4
WRK-005688,0.6286919831223629,0.1,13.24440356777769,1
WRK-005689,2.9771333107282305,1.0,216.04863573248994,4
WRK-005690,0.6,0.08028545941123996,34.68425593430086,1
WRK-005691,1.0,1.0,1.3079578555535287,0
WRK-005692,0.9009009009009009,1.0,4.978347199730277,1
WRK-005693,1.0,0.1,36.53145740372309,0
WRK-005694,1.4285714285714286,0.1,18.932695438397314,1
WRK-005695,5.1319903510572775,1.0,15.232240761228349,0
WRK-005696,1.4285714285714286,0.1,40.5881452381786,0
WRK-005697,1.0,0.1,3.623050683944574,0
WRK-005698,1.0,0.1,6.741545167312834,0
WRK-005699,0.35714285714285715,0.1,9.98467555548633,0
WRK-005700,1.0909090909090908,0.1,36.39867865778291,0
WRK-005701,13.211009174311927,0.1,2.692214886542606,0
WRK-005702,1.0,0.1,31.437277625822098,0
WRK-005703,2.0,0.16042780748663102,0.571513685448741,1
WRK-005704,1.4285714285714286,0.1,5.8658145530461505,0
WRK-005705,0.99,0.1,5.108018148861216,1
WRK-005706,0.35714285714285715,0.1,12.402523135816239,0
WRK-005707,1.0,0.1,11.219519853771164,0
WRK-005708,3.5714285714285716,0.1,79.23014522979594,0
WRK-005709,1.1428571428571428,0.1,9.711851372043643,1
WRK-005710,1.0,1.0,150.3603252183062,2
WRK-005711,0.625,0.1,0.6972046680742662,0
WRK-005712,1.0,0.1,28.90758416310584,0
WRK-005713,1.0,1.0,10.95797432960817,0
WRK-005714,1.0,1.0,9.339690702391852,0
WRK-005715,1.0,0.1,2.9258630657761833,0
WRK-005716,1.4285714285714286,0.3253119429590018,56.642348202567746,0
WRK-005717,1.1846981470412432,0.1,19.73990107912901,2
WRK-005718,0.5813953488372093,0.053475935828877004,6.254480169119655,1
WRK-005719,1.1846981470412432,0.1,0.642532245419794,0
WRK-005720,0.5813953488372093,0.053475935828877004,35.445383650589044,0
WRK-005721,0.5813953488372093,0.053475935828877004,19.195063245039123,0
WRK-005722,0.5813953488372093,0.053475935828877004,10.650348546281386,0
WRK-005723,0.5813953488372093,0.053475935828877004,6.185749432234702,0
WRK-005724,0.5813953488372093,0.053475935828877004,25.85938819918597,1
WRK-005725,0.5813953488372093,0.053475935828877004,29.961276412917282,1
WRK-005726,0.5813953488372093,0.053475935828877004,10.429116012679847,0
WRK-005727,0.5813953488372093,0.053475935828877004,16.390934608916886,0
WRK-005728,0.5813953488372093,0.1,66.27249607197446,0
WRK-005729,0.5813953488372093,0.1,89.00486293652983,0
WRK-005730,0.5813953488372093,0.1,40.81237218554675,1
WRK-005731,0.5813953488372093,0.053475935828877004,13.198223798230943,0
WRK-005732,0.5813953488372093,0.1,2.393077805880762,1
WRK-005733,3.1236055332440875,1.0,34.976698311768985,1
WRK-005734,3.1236055332440875,1.0,0.7001881355378874,0
WRK-005735,0.5813953488372093,0.1,7.560865771138453,0
WRK-005736,1.1846981470412432,0.1,0.8109339384957538,0
WRK-005737,1.1846981470412432,0.1,22.130114107062298,0
WRK-005738,0.8,0.24064171122994651,8.817237006256082,0
WRK-005739,0.5813953488372093,0.053475935828877004,218.75745646969176,5
WRK-005740,0.5813953488372093,0.053475935828877004,11.855928949163532,0
WRK-005741,0.5813953488372093,0.053475935828877004,16.639213749011223,0
WRK-005742,1.1846981470412432,0.1,2.496008274106437,0
WRK-005743,1.1846981470412432,0.1,2.0413413327716565,0
WRK-005744,1.1846981470412432,0.1,139.8276555440815,5
WRK-005745,1.1846981470412432,0.1,11.078933362961617,0
WRK-005746,1.1846981470412432,0.1,11.42410577505302,0
WRK-005747,1.1846981470412432,0.1,131.88129422104618,2
WRK-005748,1.1846981470412432,0.1,18.508605565040686,1
WRK-005749,1.1846981470412432,0.1,16.34792007239114,2
WRK-005750,1.1846981470412432,0.1,0.523167857817918,0
WRK-005751,1.1846981470412432,0.1,1.9986434790586558,0
WRK-005752,1.1846981470412432,0.1,15.40547797109448,1
WRK-005753,1.1846981470412432,0.1,1.451379076143289,0
WRK-005754,1.1846981470412432,0.1,5.965360315065924,0
WRK-005755,1.1846981470412432,0.1,2.7495493040139047,1
WRK-005756,1.1846981470412432,0.1,13.521998891298605,1
WRK-005757,1.1846981470412432,0.1,14.139963925599519,0
WRK-005758,1.1846981470412432,0.1,135.48169705545868,4
WRK-005759,1.1846981470412432,0.1,26.90002593218901,0
WRK-005760,1.1846981470412432,0.1,9.649830774977616,0
WRK-005761,1.1846981470412432,0.1,0.8189693442513791,0
WRK-005762,1.1846981470412432,0.1,39.07890788764604,1
WRK-005763,1.1846981470412432,0.1,17.122225431476174,0
WRK-005764,1.1846981470412432,0.1,9.531368602522045,0
WRK-005765,1.1846981470412432,0.1,17.026160458124725,0
WRK-005766,1.1846981470412432,0.1,5.039316938303689,0
WRK-005767,1.1846981470412432,0.1,8.553753711925447,1
WRK-005768,1.1846981470412432,0.1,23.984490791949042,1
WRK-005769,1.1846981470412432,0.1,20.12429501028374,0
WRK-005770,1.1846981470412432,0.1,56.606041802874934,1
WRK-005771,1.1846981470412432,0.1,6.897044468351319,0
WRK-005772,1.1846981470412432,0.1,16.990026140123597,0
WRK-005773,1.1846981470412432,0.1,13.766541917502064,1
WRK-005774,1.408450704225352,0.1,0.9763711119719286,1
WRK-005775,1.1846981470412432,0.1,5.792477548071764,0
WRK-005776,1.1846981470412432,0.1,59.56599910436069,0
WRK-005777,1.1846981470412432,0.1,10.213839561674533,1
WRK-005778,1.1846981470412432,0.1,2.12557446229617,1
WRK-005779,1.1846981470412432,0.1,12.773257660725161,1
WRK-005780,1.1846981470412432,0.1,26.909559349574167,0
WRK-005781,1.1846981470412432,0.1,40.36438569032407,1
WRK-005782,1.1846981470412432,0.1,20.882440372748267,1
WRK-005783,1.1846981470412432,0.1,6.502918477865568,0
WRK-005784,1.1846981470412432,0.1,22.475486697954025,0
WRK-005785,1.1846981470412432,0.1,20.421401942090878,2
WRK-005786,1.1846981470412432,0.1,51.180368444401736,1
WRK-005787,1.1846981470412432,0.1,20.135341581833465,0
WRK-005788,1.1846981470412432,0.1,13.563702178186489,0
WRK-005789,1.1846981470412432,0.1,3.970688747549283,0
WRK-005790,1.1846981470412432,0.1,15.25556196531877,0
WRK-005791,1.1846981470412432,0.1,6.1434064865441265,0
WRK-005792,1.1846981470412432,0.1,2.7706279938117735,0
WRK-005793,1.1846981470412432,0.1,46.32117411760718,0
WRK-005794,1.1846981470412432,0.1,9.166872041475905,0
WRK-005795,1.1846981470412432,0.1,32.34574112484991,2
WRK-005796,1.0,1.0,30.080373189386776,1
WRK-005797,1.0426775629681646,0.1,9.162493170760328,0
WRK-005798,1.0,1.0,7.933370593468631,0
WRK-005799,5.340030723464436,0.1,23.493117881475108,0
WRK-005800,5.340030723464436,0.1,0.4098792228206554,1
WRK-005801,0.501002004008016,0.1,25.872811753977967,0
WRK-005802,0.25,0.1,5.5577939581834235,0
WRK-005803,0.25,0.1,4.013709931023478,0
WRK-005804,0.444,0.1,4.880310917732568,0
WRK-005805,9.285714285714286,0.3250222617987533,36.87135183176706,0
WRK-005806,0.924,0.1,44.20440701837097,0
WRK-005807,0.95,0.1,9.172759918316855,1
WRK-005808,1.0,0.1,21.11007998500918,0
WRK-005809,1.25,0.1,109.769678111588,0
WRK-005810,4.285714285714286,0.1,3.533058473304813,0
WRK-005811,1.4285714285714286,0.1,15.558432734027026,0
WRK-005812,1.0,0.1,4.2545464617027795,0
WRK-005813,0.6,1.0,54.1186317485409,1
WRK-005814,0.9,1.0,1.3031127530348163,1
WRK-005815,1.0,0.1,1.1894359630733788,0
WRK-005816,0.800640512409928,1.0,9.873999681908106,0
WRK-005817,1.0,1.0,2.11079863010847,0
WRK-005818,2.0,0.1,7.318220726226162,0
WRK-005819,0.1767857142857143,0.1,31.853621046386724,0
WRK-005820,1.0,0.1,8.180085640628574,0
WRK-005821,1.0,0.1,0.6048420241356289,0
WRK-005822,1.0,0.1,67.35245518968043,0
WRK-005823,3.7142857142857144,0.1,2.8250741156556254,1
WRK-005824,0.5736,0.1,14.905434525146221,0
WRK-005825,1.0376569037656904,0.1,14.987103844000135,0
WRK-005826,1.0376569037656904,0.1,8.806057317196872,0
WRK-005827,1.0376569037656904,0.1,0.19851479833904953,1
WRK-005828,1.1846981470412432,0.1,11.596404005430118,0
WRK-005829,1.1846981470412432,0.1,5.949444162564056,1
WRK-005830,0.19187636363636362,1.0,21.997596565532756,0
WRK-005831,1.0,0.1,1.002824381609224,2
WRK-005832,0.5,0.1,26.290277793559845,0
WRK-005833,0.17857142857142858,0.1,21.05432952794407,0
WRK-005834,1.1846981470412432,0.1,21.47855941101147,0
WRK-005835,2.0,0.1,21.561276963062156,0
WRK-005836,1.002004008016032,0.1,53.72978033511376,0
WRK-005837,2.0,0.1,2.236151728103708,0
WRK-005838,1.0,0.1,1.5494399935335854,1
WRK-005839,2.0,0.1,1.490343414293607,1
WRK-005840,1.0,0.1,14.283853873946963,0
WRK-005841,1.0,0.1,2.1673640049067706,0
WRK-005842,1.0,0.1,14.65136887262528,0
WRK-005843,1.0,0.1,15.948126958460573,0
WRK-005844,1.0,0.1,2.1959971828767735,1
WRK-005845,0.5453586497890295,0.1,31.909595344523396,0
WRK-005846,1.2225738396624473,0.1,8.392903257271868,0
WRK-005847,0.4177215189873418,0.1,22.158414897746507,1
WRK-005848,0.830168776371308,0.1,180.13179274340393,2
WRK-005849,0.9040084388185654,0.1,3.515828966345534,0
WRK-005850,1.4135021097046414,0.1,44.45871473560448,1
WRK-005851,1.469409282700422,0.1,6.111851523742027,0
WRK-005852,1.3322784810126582,0.1,64.16939691272403,0
WRK-005853,0.2478902953586498,0.1,1.8652466591068964,0
WRK-005854,0.6118143459915611,0.1,0.2935758905692077,0
WRK-005855,0.7468354430379747,0.1,3.7892376017080616,1
WRK-005856,1.3280590717299579,0.1,12.066968431230991,0
WRK-005857,1.5506329113924051,0.1,14.860851277584628,0
WRK-005858,1.0,0.1,20.751246753504166,0
WRK-005859,1.0,0.1,17.656949013563082,0
WRK-005860,1.0,0.1,7.531077665698296,1
WRK-005861,1.0,0.1,24.502275606260866,0
WRK-005862,1.0,0.1,1.367821451609086,2
WRK-005863,0.5548523206751055,0.1,0.6633827967879622,0
WRK-005864,1.0,0.1,2.677855531801909,2
WRK-005865,1.0,0.1,2.7409440302248296,1
WRK-005866,1.0,0.1,9.680160512689097,0
WRK-005867,1.0,0.1,18.29105195857428,0
WRK-005868,1.0,0.1,75.67953516846987,0
WRK-005869,1.0,0.1,5.156018172820281,0
WRK-005870,1.0,0.1,18.022339317406843,0
WRK-005871,1.0,0.1,3.1017756116916533,0
WRK-005872,1.0,0.1,1.060413785218059,1
WRK-005873,1.0,0.1,0.5909256480760222,0
WRK-005874,1.0,0.1,25.839746485254697,0
WRK-005875,1.0,0.1,78.64385261871922,0
WRK-005876,1.0,0.1,54.02039389454457,0
WRK-005877,1.0,0.1,11.418522289014437,0
WRK-005878,1.0,0.1,0.9102570161435731,0
WRK-005879,1.0,0.1,3.6627422498778834,1
WRK-005880,1.0,0.1,31.749064219887067,0
WRK-005881,0.500537481915104,1.0,4.949285015845079,1
WRK-005882,4.9411764705882355,0.08014247551202137,17.516779614055665,0
WRK-005883,3.2941176470588234,0.08014247551202137,7.22052954105243,0
WRK-005884,3.2,0.1,14.23387636500345,0
WRK-005885,0.250268740957552,1.0,32.56148949754722,0
WRK-005886,1.0,0.16028495102404275,11.611817003778501,1
WRK-005887,0.6666666666666666,0.1,97.72397961153338,1
WRK-005888,0.250268740957552,1.0,9.2145631293139,1
WRK-005889,1.0,0.1,8.881537829871501,0
WRK-005890,1.0,0.1,13.331436242189035,0
WRK-005891,1.499,0.1,1.1866476200048508,0
WRK-005892,1.0,0.1,32.65767642375246,0
WRK-005893,1.0,0.1,9.535461365507587,0
WRK-005894,1.0,0.1,23.828238845342227,0
WRK-005895,1.0,0.1,15.360543654500887,0
WRK-005896,1.0,0.1,17.593984886841916,0
WRK-005897,1.0,0.1,19.682426164691307,0
WRK-005898,1.0,0.1,5.774525906597646,0
WRK-005899,1.0,0.1,31.978616475599388,0
WRK-005900,1.0,0.1,0.014780798031809142,0
WRK-005901,1.0,0.1,1.499383894643741,0
WRK-005902,1.0,0.1,26.594198800253462,0
WRK-005903,1.0,0.1,54.60299947144824,0
WRK-005904,1.0,0.1,5.757788120810915,2
WRK-005905,1.0,0.1,3.0818190670136856,0
WRK-005906,1.0,0.1,13.230255882544252,0
WRK-005907,1.0,0.1,2.916686174535404,0
WRK-005908,1.0,0.1,0.5132813826421053,0
WRK-005909,1.0,0.1,13.502816993802103,0
WRK-005910,1.1846981470412432,0.1,2.1411878295732416,0
WRK-005911,1.1846981470412432,0.1,18.71628042143162,0
WRK-005912,1.1846981470412432,0.1,9.112731581738673,0
WRK-005913,1.1846981470412432,0.1,52.92177840121302,0
WRK-005914,1.1846981470412432,0.1,16.518345640238795,2
WRK-005915,1.1846981470412432,0.1,24.587665526562983,1
WRK-005916,1.1846981470412432,0.1,12.567120364419331,0
WRK-005917,1.1846981470412432,0.1,20.83892783155456,0
WRK-005918,1.1846981470412432,0.1,33.13944891973478,1
WRK-005919,1.1846981470412432,0.1,13.523128876859488,0
WRK-005920,1.1846981470412432,0.1,13.462076034699251,0
WRK-005921,1.1846981470412432,0.1,3.515505356305366,0
WRK-005922,1.1846981470412432,0.1,0.5175378964429301,0
WRK-005923,1.1846981470412432,0.1,6.428049987756886,1
WRK-005924,1.1846981470412432,0.1,14.62986205369262,0
WRK-005925,1.1846981470412432,0.1,29.090679882017938,0
WRK-005926,0.46734824735060276,0.1,145.4724285189758,4
WRK-005927,0.46734824735060276,0.1,55.807960601878435,0
WRK-005928,1.0,0.1,19.56439885964868,0
WRK-005929,1.0,0.1,35.29033462198778,0
WRK-005930,1.0,1.0,112.87124042075928,0
WRK-005931,0.8,0.1,47.003451718678456,2
WRK-005932,0.6,0.1,59.72942067633933,0
WRK-005933,1.0,0.1,10.674506623967117,0
WRK-005934,1.0,0.1,3.5035824758190017,2
WRK-005935,1.0,0.1,8.658962346684383,1
WRK-005936,1.0,0.1,1.6977884739558402,0
WRK-005937,1.4,0.1,2.4595977405211173,0
WRK-005938,1.0,0.1,0.4502926837678939,0
WRK-005939,1.6666666666666667,0.1,0.029333646957880457,0
WRK-005940,1.25,0.1,46.32939196252276,0
WRK-005941,1.0,0.1,69.6821472037847,2
WRK-005942,1.0,0.1,22.388533086566724,0
WRK-005943,0.8,0.1,17.227729552118085,0
WRK-005944,0.6,0.1,13.532301261740749,0
WRK-005945,0.5,0.1,218.3232876852335,5
WRK-005946,2.0,0.1,7.767088927106894,0
WRK-005947,1.0,0.1,30.42900868701492,1
WRK-005948,0.6666666666666666,0.1,5.479089741171705,0
WRK-005949,1.6666666666666667,0.1,5.599999603187536,0
WRK-005950,1.0,0.1,24.583283038530404,1
WRK-005951,1.0,0.1,28.983448027082318,0
WRK-005952,1.1111111111111112,0.1,2.4680796855541605,0
WRK-005953,1.1111111111111112,1.0,21.43489792941051,0
WRK-005954,1.1111111111111112,1.0,20.195268889388657,0
WRK-005955,1.0,0.1,4.333841751750761,0
WRK-005956,1.0,0.1,51.21062147221438,0
WRK-005957,1.0,0.1,13.578662214238562,0
WRK-005958,0.8749991044241447,0.1,8.44141409560751,0
WRK-005959,1.0,0.1,8.25001346379967,0
WRK-005960,0.8888888888888888,0.1,8.552580377015511,0
WRK-005961,0.8888888888888888,0.1,1.0005072642543178,0
WRK-005962,1.0,0.1,27.937005080161967,0
WRK-005963,1.0,0.1,59.21775459741295,0
WRK-005964,1.0,0.1,43.003588348168584,0
WRK-005965,0.8749991044241447,0.1,9.221401997089941,0
WRK-005966,1.0,0.1,25.244701402550508,0
WRK-005967,1.1111111111111112,0.1,8.220063747911507,0
WRK-005968,1.1111111111111112,0.1,3.188046364012048,0
WRK-005969,0.6666666666666666,0.1,144.83591042459065,2
WRK-005970,1.2500017911517105,0.1,9.361817791652783,0
WRK-005971,0.7500017911517105,0.1,3.9266870849774755,0
WRK-005972,1.0,0.1,10.045405315814488,0
WRK-005973,0.8749991044241447,0.1,11.99573994915933,0
WRK-005974,1.2500017911517105,0.1,5.9011881546070635,0
WRK-005975,1.2500017911517105,0.1,1.0951933386487473,1
WRK-005976,1.0,0.1,5.0466120548634565,1
WRK-005977,0.8749991044241447,0.1,41.0673619222741,1
WRK-005978,0.8749991044241447,0.1,16.307695139061643,0
WRK-005979,0.8749991044241447,0.1,7.550818412420349,0
WRK-005980,1.0,0.1,5.932929675607349,0
WRK-005981,0.8749991044241447,0.1,279.28948156355426,3
WRK-005982,0.7500017911517105,0.1,4.010891071759485,0
WRK-005983,0.7500017911517105,0.1,4.879550686912209,1
WRK-005984,0.8749991044241447,0.1,35.29116428477209,2
WRK-005985,0.8749991044241447,0.1,11.417571936075168,0
WRK-005986,0.8888888888888888,1.0,3.3822114069528313,0
WRK-005987,0.3270042194092827,0.1,0.5425128665052076,1
WRK-005988,2.5632911392405062,0.1,67.25434877595943,0
WRK-005989,1.9746835443037976,0.1,0.04128536075755063,0
WRK-005990,0.31645569620253167,0.1,14.46554118868094,0
WRK-005991,0.9,0.1,20.30167756226367,1
WRK-005992,0.9,0.1,262.90290669899633,5
WRK-005993,0.9,0.1,9.39825325824822,0
WRK-005994,0.9,0.1,36.87132907368434,0
WRK-005995,0.9,0.1,40.98182114740263,0
WRK-005996,0.9,0.1,9.873601518958772,0
WRK-005997,0.9,0.1,13.615101554046298,0
WRK-005998,0.9,0.1,244.63770020353564,5
WRK-005999,0.9,0.1,21.333457450122026,0
WRK-006000,0.9,0.1,4.200488817898734,0
WRK-006001,0.9,0.1,1.2537157983942635,0
WRK-006002,0.9,0.1,10.337770571050424,2
WRK-006003,0.9,1.0,2.1064748562328557,0
WRK-006004,0.9,0.1,12.045781363357932,0
WRK-006005,0.9,0.1,30.118789111478872,2
WRK-006006,0.9,0.1,160.43001051546506,4
WRK-006007,0.9,0.1,14.381939006973617,0
WRK-006008,0.9,0.1,17.05502107955811,0
WRK-006009,0.9,0.1,25.526359463446738,3
WRK-006010,0.9,0.1,15.8999344719203,0
WRK-006011,0.9,0.1,10.409285575822281,1
WRK-006012,1.010548523206751,0.1,9.995381143720156,0
WRK-006013,0.990506329113924,0.1,3.8817662868592056,0
WRK-006014,0.10864978902953587,0.1,10.254239669008731,0
WRK-006015,1.0,0.1,26.64641967877898,0
WRK-006016,0.9,0.1,9.372393590540709,1
WRK-006017,0.9,0.1,8.169661871856409,0
WRK-006018,0.9,0.1,14.904151288826128,0
WRK-006019,0.9,0.1,3.3298639178215943,0
WRK-006020,0.9,0.1,1.6662820201870467,0
WRK-006021,1.0,0.1,23.390721725585525,0
WRK-006022,1.0,0.1,6.143437987546248,1
WRK-006023,1.0,0.1,5.465400226423542,0
WRK-006024,1.562254259501966,0.1,37.08945352398939,0
WRK-006025,0.9,0.1,43.470880707381276,0
WRK-006026,0.9,0.1,12.629427467090286,0
WRK-006027,0.9,0.1,17.861342908042182,0
WRK-006028,0.9,0.1,60.81307992881301,0
WRK-006029,0.9,0.1,9.168436189678328,0
WRK-006030,0.9,0.1,35.57378770629141,0
WRK-006031,0.9,0.1,23.699147266815096,0
WRK-006032,0.9,0.1,53.92382742992248,0
WRK-006033,0.9,0.1,4.609615645529502,0
WRK-006034,0.9,0.1,29.422343361049425,0
WRK-006035,0.9,0.1,3.094251538779122,0
WRK-006036,0.9,0.1,29.34137611309182,0
WRK-006037,0.9,0.1,6.936611997382913,0
WRK-006038,0.9,0.1,1.0318031069727975,1
WRK-006039,0.9,0.1,31.548035986462185,0
WRK-006040,0.9,0.1,0.9504367120005925,0
WRK-006041,0.9,0.1,33.40724751239702,0
WRK-006042,0.9,0.1,3.828058460108852,2
WRK-006043,0.9,0.1,14.876348828871201,0
WRK-006044,0.9,0.1,0.5884896904866013,1
WRK-006045,0.9,0.1,1.3961009822381312,1
WRK-006046,0.9,0.1,5.270692231311988,1
WRK-006047,1.002004008016032,1.0,8.020372134508243,0
WRK-006048,1.0,0.1,3.449837641670093,1
WRK-006049,1.002004008016032,0.1,2.138855803015725,1
WRK-006050,1.0,0.1,269.41631587109043,5
WRK-006051,1.002004008016032,0.1,11.9373439092987,0
WRK-006052,1.0,0.1,1.0662030231706843,0
WRK-006053,1.002004008016032,0.1,43.14882043278622,1
WRK-006054,1.002004008016032,0.1,44.181130123671835,0
WRK-006055,2.8,0.1,1.1778973678289089,0
WRK-006056,5.0,0.16,22.029485167075652,0
WRK-006057,4.09,0.16,20.53706531732992,1
WRK-006058,1.6,0.1,14.432159779138946,0
WRK-006059,0.9,0.1,5.104286318127887,0
WRK-006060,0.9,0.1,14.493280607162918,0
WRK-006061,0.9,0.1,34.214437124603485,0
WRK-006062,0.9,0.1,6.128213265612967,1
WRK-006063,0.9,0.1,27.94207081222114,0
WRK-006064,0.9,0.1,11.091293467554637,0
WRK-006065,0.9,0.1,39.60124117742644,0
WRK-006066,0.9,0.1,17.069911154589455,1
WRK-006067,0.9,0.1,31.01933857490421,0
WRK-006068,0.9,0.1,53.94754879772893,0
WRK-006069,0.9,0.1,10.092885033561476,0
WRK-006070,0.9,0.1,20.09802770255556,0
WRK-006071,0.9,0.1,63.1216327093048,1
WRK-006072,1.6,0.1,99.19637482065227,0
WRK-006073,4.0,0.1,14.759942997462655,0
WRK-006074,4.0,0.1,51.0847182170444,1
WRK-006075,2.0,0.1,8.145833703790315,0
WRK-006076,1.5,0.1,9.170357336915245,1
WRK-006077,2.5,0.1,49.387363975902275,1
WRK-006078,1.4630221160176538,0.1,17.74585196120401,1
WRK-006079,1.5,0.1,31.886194210921623,0
WRK-006080,1.0,0.1,8.25485645830836,1
WRK-006081,1.2,0.1,29.274045767106387,0
WRK-006082,1.6,0.1,34.31097290342781,0
WRK-006083,1.6,0.1,8.821651287894488,0
WRK-006084,2.0,0.1,12.870285106378994,0
WRK-006085,0.998,0.1,7.285908589855799,1
WRK-006086,1.6,0.1,39.02340509258363,0
WRK-006087,1.6,0.1,21.5515970009005,1
WRK-006088,1.6,0.1,3.259891946780564,0
WRK-006089,0.998,0.1,55.7390848950195,0
WRK-006090,0.998,0.1,19.016131237793616,0
WRK-006091,1.942,0.1,8.95587378098147,0
WRK-006092,2.0,0.1,17.682266529492843,0
WRK-006093,0.4,0.1,4.337347822631778,0
WRK-006094,4.0,0.1,6.7856392759077995,0
WRK-006095,4.0,0.1,34.98314411652967,0
WRK-006096,1.6,0.1,6.706009511780469,0
WRK-006097,2.0,0.1,70.30047848721526,0
WRK-006098,1.0,0.1,4.857045398562648,0
WRK-006099,2.0,0.1,40.233828465731435,0
WRK-006100,1.0,0.1,252.45700599591584,4
WRK-006101,0.8,0.1,22.95250742044221,1
WRK-006102,1.0,0.1,4.639358033554984,0
WRK-006103,1.0,0.1,8.486024915392886,0
WRK-006104,2.8276190476190477,0.1,13.394362643833341,0
WRK-006105,1.0,0.1,27.384865065068823,0
WRK-006106,1.0,0.1,72.27432152981278,1
WRK-006107,0.8,0.1,20.67564388843396,2
WRK-006108,0.8,0.1,21.76764236093282,0
WRK-006109,1.0,0.1,28.096219000543172,0
WRK-006110,1.0,0.1,182.77724384868446,2
WRK-006111,0.6,0.1,4.636790513146393,1
WRK-006112,0.6,0.1,42.791191357170646,0
WRK-006113,1.0,0.1,75.68206654808972,0
WRK-006114,1.290084388185654,0.1,31.4015670185997,1
WRK-006115,1.0,0.1,6.0017292300210485,0
WRK-006116,1.0,0.1,18.80573456911659,0
WRK-006117,0.8,0.1,21.471262402367547,0
WRK-006118,1.0,0.1,10.194738256006268,0
WRK-006119,1.4,0.1,20.58670664822973,1
WRK-006120,0.8,0.1,66.3031957238548,0
WRK-006121,1.0,0.1,12.82209166145967,0
WRK-006122,0.7711038961038961,0.1,14.11627586248301,0
WRK-006123,0.7711038961038961,0.1,21.75505220833915,0
WRK-006124,0.7711038961038961,0.1,13.27075657074558,0
WRK-006125,0.7711038961038961,0.1,34.9467620678741,0
WRK-006126,1.0,0.1,10.180677004435168,0
WRK-006127,3.3333333333333335,0.1,19.318348790161195,1
WRK-006128,3.3333333333333335,0.1,29.45017231076112,0
WRK-006129,3.3333333333333335,0.1,5.1009656850173,2
WRK-006130,0.7711038961038961,0.1,14.029689355887204,0
WRK-006131,1.0,0.1,12.379871187717022,0
WRK-006132,1.0,0.1,11.196464365839882,1
WRK-006133,0.8,0.1,9.567944296065123,0
WRK-006134,0.8,0.1,3.7153121123244026,0
WRK-006135,0.8,0.1,23.46298477431982,0
WRK-006136,1.0,0.1,2.1745010686351867,0
WRK-006137,0.5,0.1,268.0308060324616,5
WRK-006138,0.5,0.1,8.127145228749455,1
WRK-006139,1.0,0.1,6.913089332976027,1
WRK-006140,1.0,0.1,7.788414624566889,0
WRK-006141,0.6,0.1,47.973467274165316,3
WRK-006142,0.8,0.1,8.358507284155886,0
WRK-006143,1.0,0.1,15.986067457906938,0
WRK-006144,0.8,0.1,2.4344729566922916,0
WRK-006145,1.0,0.1,36.591280090877746,1
WRK-006146,1.0,0.1,43.33237224360548,2
WRK-006147,2.0,0.15985790408525755,0.780712508887888,0
WRK-006148,1.0,0.1,7.302758358555041,0
WRK-006149,0.9872611464968153,0.1,3.7344662258671097,0
WRK-006150,0.9872611464968153,0.1,75.9156790000341,1
WRK-006151,15.19,0.1,4.972963825780398,1
WRK-006152,0.6666666666666666,0.1,27.266777566538124,0
WRK-006153,1.0,0.1,31.374890860650332,1
WRK-006154,0.9872611464968153,0.1,53.20690339650148,0
WRK-006155,1.2,0.1,9.211599241628225,0
WRK-006156,1.0,0.1,2.487182623099105,0
WRK-006157,0.9872611464968153,0.1,1.6757286374596148,0
WRK-006158,0.9872611464968153,0.1,18.544172399783033,0
WRK-006159,1.0063694267515924,0.1,23.901785459515146,1
WRK-006160,1.0,1.0,10.205052593749404,1
WRK-006161,1.0,1.0,20.215548023118565,1
WRK-006162,0.6904008438818565,0.15985790408525755,15.820920601586693,0
WRK-006163,0.8662447257383966,0.1,11.487821996753771,1
WRK-006164,1.0063694267515924,0.1,22.523189917035,2
WRK-006165,1.0063694267515924,0.1,2.46556452196235,0
WRK-006166,1.0063694267515924,0.1,3.90879506242356,0
WRK-006167,0.9872611464968153,0.1,24.304352742350154,0
WRK-006168,1.0063694267515924,0.1,83.22865977535068,0
WRK-006169,1.0063694267515924,0.1,20.905431270480406,0
WRK-006170,1.0063694267515924,0.1,11.48056564804313,0
WRK-006171,0.9872611464968153,0.1,29.474639375429504,0
WRK-006172,0.9872611464968153,0.1,86.62567219424383,0
WRK-006173,0.9872611464968153,0.1,180.44120004731212,5
WRK-006174,1.0,0.1,7.980168512426491,0
WRK-006175,1.0,0.1,0.11722759464970554,0
WRK-006176,0.7018467897859857,0.3241563055062167,9.517892747866597,0
WRK-006177,1.1202505547623758,0.1,2.0320293482168754,0
WRK-006178,1.1202505547623758,0.1,47.607248079606904,0
WRK-006179,1.1202505547623758,0.1,61.461562119181,1
WRK-006180,1.1202505547623758,0.1,3.0136363673373525,0
WRK-006181,1.3402,1.0,84.10192242839713,0
WRK-006182,1.3969,1.0,14.798067671221457,0
WRK-006183,0.9642,1.0,0.41151155049815646,0
WRK-006184,1.2143,1.0,54.74377621447381,0
WRK-006185,0.7711038961038961,0.1,9.638012238898742,1
WRK-006186,1.0,0.1,36.38018480549424,0
WRK-006187,1.0146103896103895,0.1,266.65019812674507,5
WRK-006188,0.7711038961038961,0.1,5.420377677958262,0
WRK-006189,1.0146103896103895,0.1,16.908746557590536,0
WRK-006190,0.7711038961038961,0.1,3.3748324731453563,0
WRK-006191,0.7711038961038961,0.1,29.552710364953803,0
WRK-006192,0.7711038961038961,0.1,35.1654053133943,1
WRK-006193,1.0,0.1,5.002306131808894,1
WRK-006194,0.7711038961038961,0.1,27.717312773988695,1
WRK-006195,1.0,0.1,24.442897462473645,0
WRK-006196,0.7711038961038961,0.1,63.94462167057994,0
WRK-006197,0.7711038961038961,0.1,2.1842301145763017,0
WRK-006198,1.0146103896103895,0.1,3.9169802824796314,0
WRK-006199,1.5,0.1,234.69730460825778,4
WRK-006200,1.6666666666666667,0.1,4.416853365847567,1
WRK-006201,1.0,0.1,10.464584730767111,0
WRK-006202,2.8276190476190477,0.1,1.7528659074818642,1
WRK-006203,0.748,1.0,30.352978217391176,0
WRK-006204,0.7049,1.0,24.135680128877016,1
WRK-006205,0.8175,1.0,12.8336581951171,0
WRK-006206,0.3723,1.0,56.95004948473774,0
WRK-006207,1.0,1.0,104.21685027961848,0
WRK-006208,1.1202505547623758,0.1,10.764443452784437,0
WRK-006209,1.1202505547623758,0.1,251.69936996046815,3
WRK-006210,1.1202505547623758,0.1,291.709481488555,5
WRK-006211,1.1202505547623758,0.1,33.796869163474874,0
WRK-006212,1.1202505547623758,0.1,35.72440871618559,0
WRK-006213,1.1202505547623758,0.1,178.47969121431933,3
WRK-006214,1.1202505547623758,0.1,180.5991484245929,5
WRK-006215,1.1118,1.0,9.776335614015668,0
WRK-006216,1.2202,1.0,29.24325907095609,0
WRK-006217,1.0,0.1,10.563380071140912,1
WRK-006218,1.0955,1.0,3.2362845279515398,1
WRK-006219,3.0,0.1,148.83739700622607,5
WRK-006220,0.7711038961038961,0.1,29.383296398900228,0
WRK-006221,1.3333333333333333,0.1,34.531654311091806,0
WRK-006222,1.0,0.1,26.17990704004043,0
WRK-006223,1.0,0.1,34.741533372110595,0
WRK-006224,1.0,0.1,4.8579411288538354,0
WRK-006225,1.0,0.1,30.494276177510933,0
WRK-006226,1.0,0.1,5.2554442469731155,2
WRK-006227,1.0,0.1,20.02809600723357,0
WRK-006228,1.0,0.1,20.858021564851082,1
WRK-006229,1.0,0.1,8.56371245864067,1
WRK-006230,7.430866666666667,0.13309671694764863,21.384934213420618,1
WRK-006231,1.0,0.1,30.33354637373272,0
WRK-006232,1.0,0.1,15.524777243994466,0
WRK-006233,1.0,0.1,2.784820979344191,0
WRK-006234,1.0,0.1,6.347311063164468,0
WRK-006235,1.38516,1.0,31.559410215928033,1
WRK-006236,1.0,0.1,13.059408264615154,0
WRK-006237,1.0,0.1,10.086404400361708,0
WRK-006238,1.0,0.1,49.53533707409928,0
WRK-006239,1.0,0.1,11.257632290198725,0
WRK-006240,1.0,0.1,72.69680185956472,0
WRK-006241,1.0,0.1,24.50706134993907,1
WRK-006242,1.0,0.1,43.08374356008243,0
WRK-006243,15.289626666666667,0.13309671694764863,11.956929223570524,1
WRK-006244,0.9008930736698764,1.0,36.72267896938041,0
WRK-006245,1.0,1.0,6.835694165170296,2
WRK-006246,1.25,1.0,7.902332221352023,0
WRK-006247,7.7899666666666665,1.0,27.404279467429795,0
WRK-006248,19.40454666666667,0.13309671694764863,2.886573594876082,0
WRK-006249,0.7551020408163265,1.0,9.55304490090231,0
WRK-006250,1.2448979591836735,0.15971606033717836,24.033405011266133,0
WRK-006251,1.0,0.1,283.11463793748806,4
WRK-006252,1.0,0.1,5.868022138471719,0
WRK-006253,1.0,0.323868677905945,38.328081364752094,1
WRK-006254,1.0559071729957805,0.15971606033717836,15.218448579268832,0
WRK-006255,0.6329113924050633,0.15971606033717836,92.24387368975387,0
WRK-006256,2.2696807109465325,0.1595744680851064,45.93144781044739,2
WRK-006257,0.6,0.1,17.972641326034406,0
WRK-006258,1.6666666666666667,1.0,32.5298990003859,2
WRK-006259,1.6666666666666667,0.1,0.7893639244253039,0
WRK-006260,2.2222222222222223,0.1,41.25533029008434,1
WRK-006261,0.6,0.1,7.529828041210031,0
WRK-006262,0.8333888925928395,0.1,30.66682293788397,0
WRK-006263,1.0,0.1,236.99328499951258,2
WRK-006264,2.566208170806816,0.1,8.913831740266465,0
WRK-006265,1.0,0.1,54.67260925967227,0
WRK-006266,2.0,0.053144375553587246,0.46712377464623867,1
WRK-006267,2.0,0.053144375553587246,11.452132665779661,1
WRK-006268,2.566208170806816,1.0,8.46240742134503,0
WRK-006269,2.566208170806816,1.0,5.896611368460993,2
WRK-006270,2.566208170806816,0.1,19.152175093216023,0
WRK-006271,2.566208170806816,1.0,19.1396626132237,0
WRK-006272,2.566208170806816,1.0,16.77260661413323,1
WRK-006273,2.566208170806816,0.1,22.915204871496556,1
WRK-006274,2.566208170806816,1.0,6.784855748439833,0
WRK-006275,0.9,1.0,64.9828428976754,0
WRK-006276,1.0,0.053144375553587246,1.3304074237862356,0
WRK-006277,1.0,0.053144375553587246,54.14190941953595,1
WRK-006278,1.0,0.053144375553587246,1.4779521484381037,1
WRK-006279,1.0,0.1,8.761570560863396,0
WRK-006280,0.3,0.1,13.771518646386816,1
WRK-006281,1.0,0.053144375553587246,4.56936691888443,0
WRK-006282,1.0,0.1328609388839681,12.124980808496481,0
WRK-006283,1.0,0.053144375553587246,10.847953618632927,0
WRK-006284,1.0,0.053144375553587246,25.314416088522304,1
WRK-006285,1.0,0.1,9.827521987362905,0
WRK-006286,1.259291648447748,0.1,12.899694458558333,0
WRK-006287,1.0,0.1,8.001598005292788,0
WRK-006288,1.0,0.1,90.40584257082139,2
WRK-006289,1.0,0.1,5.178749336632443,0
WRK-006290,1.0,0.1,12.838226864561811,0
WRK-006291,1.0,0.1,19.857936651899596,1
WRK-006292,1.0,0.1,9.482734332065458,0
WRK-006293,1.0,0.1,0.5186655608843243,0
WRK-006294,1.0,0.1,17.455269471376795,1
WRK-006295,1.0,0.1,12.686764742272729,0
WRK-006296,1.0,0.1,0.3751436368603328,2
WRK-006297,1.0,0.1,17.135170666594497,1
WRK-006298,1.0,0.1,6.244534517652761,0
WRK-006299,1.0,0.1,26.49104378927753,0
WRK-006300,1.500001,0.1,0.9083209456034742,0
WRK-006301,1.0,0.1,11.427460594471672,0
WRK-006302,1.0,0.1,6.54729307002383,0
WRK-006303,1.0,0.1,1.2520978443475634,0
WRK-006304,1.0,0.1,43.33952987587558,0
WRK-006305,1.0,0.1,12.878390453279923,0
WRK-006306,1.0,0.1,9.195744151121474,0
WRK-006307,1.0,0.1,31.402057396697984,0
WRK-006308,1.0,0.1,12.17574310180951,0
WRK-006309,1.0,0.1,21.49195374367689,0
WRK-006310,1.0,0.1,12.73739899479038,0
WRK-006311,1.0,0.1,11.17439982741488,0
WRK-006312,1.0,0.1,22.1031007899133,0
WRK-006313,1.0,0.1,0.6674098407807767,1
WRK-006314,1.0,0.1,12.425115483722557,0
WRK-006315,1.0,0.1,63.57900935226042,0
WRK-006316,1.0,0.1,2.8513598623353826,0
WRK-006317,1.0,0.1,35.16722947442024,1
WRK-006318,1.0,1.0,5.43943661003964,0
WRK-006319,0.9523809523809523,1.0,42.41876426524666,0
WRK-006320,1.4335443037974684,0.1,3.4158403768216994,0
WRK-006321,2.9831223628691985,0.1,9.758429868254964,1
WRK-006322,14.943215780035864,0.05309734513274336,17.838301299381488,0
WRK-006323,0.9911,0.1,79.33307797778866,0
WRK-006324,1.3984,1.0,263.79177721334565,5
WRK-006325,2.5167272727272727,0.17699115044247787,28.809577111111917,0
WRK-006326,1.0,0.1,9.35622111750631,0
WRK-006327,1.0,0.1,32.65688687342638,0
WRK-006328,1.0,0.1,21.145601780753328,1
WRK-006329,0.8333333333333334,0.1,1.7316422975962775,0
WRK-006330,1.0,0.1,15.707324077267828,0
WRK-006331,1.0,0.1,3.1233327554904387,2
WRK-006332,2.4831223628691985,0.1,6.8534437117008125,0
WRK-006333,1.0,0.1,287.10942646732883,4
WRK-006334,0.7142857142857143,0.1592920353982301,4.31018063597004,0
WRK-006335,1.078,0.1,54.32403634252337,2
WRK-006336,1.5734713524876127,0.13262599469496023,224.69307649849907,2
WRK-006337,1.5734713524876127,0.13262599469496023,15.22948452305428,1
WRK-006338,1.5734713524876127,0.13262599469496023,15.981773791261835,0
WRK-006339,1.5734713524876127,0.13262599469496023,10.028313906860864,1
WRK-006340,1.5734713524876127,0.13262599469496023,8.88928746176321,0
WRK-006341,2.095,0.1,20.128856583785222,0
WRK-006342,1.2333333333333334,1.0,39.90689989993396,1
WRK-006343,2.0,1.0,27.81128405614773,0
WRK-006344,1.9273333333333333,0.1,4.129198149563214,1
WRK-006345,2.3333333333333335,0.1,44.695678201421146,0
WRK-006346,2.7777777777777777,0.1,24.87120818728888,0
WRK-006347,0.5,0.23872679045092837,43.44105212914979,0
WRK-006348,1.0,0.1,8.552330444673522,0
WRK-006349,1.5734713524876127,0.13262599469496023,44.530218751029,0
WRK-006350,1.0,0.1,4.613434774111323,0
WRK-006351,1.0,0.1,32.43946948115198,2
WRK-006352,2.0,0.1,12.321239883533522,2
WRK-006353,2.0,0.1,0.09922003804336692,0
WRK-006354,2.0,0.1,53.702391112919095,0
WRK-006355,2.0,0.1,45.722985433055726,0
WRK-006356,1.5734713524876127,0.13262599469496023,4.694042779671201,0
WRK-006357,0.3,0.1,7.3908594447076155,0
WRK-006358,0.4,0.1,28.8454517308049,0
WRK-006359,0.8,0.23872679045092837,28.581146415860633,0
WRK-006360,0.5940903207968556,0.1,26.238559277393378,0
WRK-006361,0.5940903207968556,0.1,1.5047062201078703,0
WRK-006362,0.5940903207968556,0.1,4.505450294048077,0
WRK-006363,0.5940903207968556,0.1,2.628676749059027,1
WRK-006364,0.5940903207968556,0.1,217.12718786292675,5
WRK-006365,1.0,0.1,0.5067281368995314,0
WRK-006366,1.0,0.1,2.6142867698002936,0
WRK-006367,0.5,1.0,17.859605712356895,1
WRK-006368,1.2,0.1,3.139599579156612,2
WRK-006369,1.0,0.1,25.766156660807653,0
WRK-006370,0.3333333333333333,0.1,2.254580391640188,0
WRK-006371,5.0,0.1,48.106078989724274,0
WRK-006372,0.5940903207968556,0.1,5.196547602411782,0
WRK-006373,0.5940903207968556,0.1,5.934721842173692,0
WRK-006374,0.5940903207968556,0.1,0.10033634951969173,0
WRK-006375,1.0,0.1,27.481676487809285,0
WRK-006376,1.0,0.1,12.47515796360507,0
WRK-006377,1.0,0.1,88.62338439502284,0
WRK-006378,2.0,0.1,2.647364295341216,0
WRK-006379,3.75,0.1,38.41496886338424,0
WRK-006380,250.0,0.1,4.095247176594132,0
WRK-006381,1.0,0.1,19.577769443688805,0
WRK-006382,1.1904761904761905,0.053003533568904596,7.551199130250843,0
WRK-006383,1.0,0.1,13.60350009174412,1
WRK-006384,1.0,0.1,2.8534899174961104,0
WRK-006385,1.0,0.1,21.308706133651455,0
WRK-006386,1.0,0.1,10.579779733934496,0
WRK-006387,0.7936507936507936,0.1,0.0776044716347799,0
WRK-006388,1.0629095674967235,0.1,6.651187991902989,0
WRK-006389,0.7701792741582859,0.23851590106007067,0.07717501265589544,0
WRK-006390,1.0,1.0,3.4564590012965395,1
WRK-006391,0.5,0.1,34.64652947306403,0
WRK-006392,1.0,0.15901060070671377,8.09156814606414,0
WRK-006393,1.0,0.1,26.50629223483015,0
WRK-006394,5.0,0.1,29.025460740421654,2
WRK-006395,0.5940903207968556,0.1,121.95175477190097,4
WRK-006396,0.5940903207968556,0.1,55.22800034893875,0
WRK-006397,0.5940903207968556,0.1,9.763235124912391,0
WRK-006398,0.5940903207968556,0.1,31.349557142143894,0
WRK-006399,0.5940903207968556,0.1,9.66962183633678,0
WRK-006400,0.5940903207968556,0.1,8.525863013223777,0
WRK-006401,0.5940903207968556,0.1,28.60849630669489,0
WRK-006402,0.5940903207968556,0.1,52.69868644125321,1
WRK-006403,1.0,0.1,166.96535328341824,4
WRK-006404,5.470464135021097,0.1,0.4703610386205025,1
WRK-006405,0.8,0.1,13.61055658423233,0
WRK-006406,1.6666666666666667,0.1,6.7313254728878995,0
WRK-006407,3.6,0.1,15.409400634071224,0
WRK-006408,1.0,0.1,10.449778946014927,0
WRK-006409,0.7752540346682606,0.1,5.248900233476221,0
WRK-006410,0.7752540346682606,0.1,0.9414238085855029,0
WRK-006411,0.7752540346682606,0.1,0.359525069251891,0
WRK-006412,0.7752540346682606,0.0529567519858782,24.158838723254924,2
WRK-006413,0.7752540346682606,0.1,8.911420988962702,3
WRK-006414,0.7752540346682606,0.1,53.22542968303624,0
WRK-006415,0.7752540346682606,0.1,64.40015069716442,0
WRK-006416,1.0,0.1,26.100718356553728,1
WRK-006417,1.0,0.1,131.47395645982058,4
WRK-006418,1.0,0.1,6.201953795054021,0
WRK-006419,0.7752540346682606,0.1,11.580232517515443,0
WRK-006420,1.0,1.0,16.21056784190645,1
WRK-006421,1.0,0.1,42.9397197166315,0
WRK-006422,4.4,1.0,20.24456737658309,1
WRK-006423,1.0,0.1,5.741513307989719,0
WRK-006424,1.0,0.1,9.977947083219407,0
WRK-006425,1.0,0.1,65.22585090808,1
WRK-006426,1.5723270440251573,0.1,4.957576148007018,0
WRK-006427,1.0,0.1,27.53958661763979,0
WRK-006428,1.0,0.1,3.3939806862476294,0
WRK-006429,1.0,1.0,3.9003680532563036,0
WRK-006430,1.0,0.1,45.530909065797005,0
WRK-006431,1.0,1.0,12.148473932627402,1
WRK-006432,1.0,1.0,13.15510191028797,2
WRK-006433,1.0,0.1,7.944859425970949,0
WRK-006434,1.2,1.0,9.441157009935157,0
WRK-006435,1.0,0.1,11.708120513820788,0
WRK-006436,1.0,0.1,5.063318718826366,0
WRK-006437,1.002004008016032,0.1,4.319432177072785,0
WRK-006438,1.0,0.1,30.817045217047244,0
WRK-006439,0.6,0.1,7.878896989773504,0
WRK-006440,0.6,0.1,12.468943765253291,0
WRK-006441,1.0,0.1,234.9279883542086,5
WRK-006442,2.0,0.1,0.6387639611792528,0
WRK-006443,2.0,0.1,6.189649636830616,0
WRK-006444,2.8,0.1,14.526664571143321,0
WRK-006445,4.0,0.1,40.9498791242994,0
WRK-006446,4.0,0.1,31.181365820215085,0
WRK-006447,1.6,0.1,42.95683326846068,0
WRK-006448,1.6,0.1,6.475952008569456,0
WRK-006449,2.5,0.1,15.684796206918577,0
WRK-006450,1.0,0.23788546255506607,275.4610368381373,5
WRK-006451,0.7763713080168776,0.1,36.3462857340984,0
WRK-006452,1.1111111111111112,0.1,262.412039774425,4
WRK-006453,1.5332844613631746,0.13204225352112675,1.8064628315651496,2
WRK-006454,2.6666666666666665,0.15845070422535212,17.458841120138885,0
WRK-006455,1.2067510548523206,0.1,0.36194790449027786,0
WRK-006456,1.3111814345991561,0.1,33.30386204097852,1
WRK-006457,1.3333333333333333,0.23767605633802816,53.7801116901262,1
WRK-006458,1.2531645569620253,0.1,27.351188038090505,0
WRK-006459,2.0,1.0,6.325816343242305,0
WRK-006460,0.9061181434599156,0.1,13.176687956412096,0
WRK-006461,1.4214864291415934,0.1,14.48896680244496,0
WRK-006462,1.6915720263000598,0.1,8.593463865160283,1
WRK-006463,1.6915720263000598,0.1,41.09560762835196,0
WRK-006464,1.6915720263000598,0.1,8.547177437761949,0
WRK-006465,1.6915720263000598,0.1,38.70595389757801,1
WRK-006466,1.6915720263000598,0.1,15.862701513324362,0
WRK-006467,1.6915720263000598,0.1,2.691759322311445,0
WRK-006468,1.6915720263000598,0.1,43.420758712209164,1
WRK-006469,1.6915720263000598,0.1,13.803073652767035,2
WRK-006470,1.6915720263000598,0.1,2.064737512533135,0
WRK-006471,1.6915720263000598,0.1,43.42001714621405,1
WRK-006472,1.6915720263000598,0.1,29.9098746151785,0
WRK-006473,1.6915720263000598,0.1,6.454909942824417,1
WRK-006474,1.6915720263000598,0.1,10.924484781981604,0
WRK-006475,1.6915720263000598,0.1,50.019778688596176,0
WRK-006476,1.6915720263000598,0.1,8.3461210804591,0
WRK-006477,1.6915720263000598,0.1,17.036359991213185,0
WRK-006478,1.6915720263000598,0.1,31.901328370392573,1
WRK-006479,1.6915720263000598,0.1,8.969358426496187,1
WRK-006480,1.6915720263000598,0.1,39.47447333574087,0
WRK-006481,1.0116279069767442,1.0,24.05634419261976,1
WRK-006482,0.2,1.0,16.06154274719721,0
WRK-006483,1.0116279069767442,1.0,13.808919139767116,0
WRK-006484,1.0116279069767442,0.1,37.27266227489294,0
WRK-006485,1.0116279069767442,0.1,27.35403862109305,0
WRK-006486,1.0116279069767442,0.1,12.954317252848927,0
WRK-006487,1.0116279069767442,0.1,8.338066349428395,0
WRK-006488,1.0116279069767442,1.0,9.597348461089817,1
WRK-006489,1.6915720263000598,0.1,19.669338676733076,0
WRK-006490,1.0116279069767442,0.1,0.5449364438188953,1
WRK-006491,0.2,1.0,3.5340873500889365,0
WRK-006492,0.5,0.1,54.877111209826175,0
WRK-006493,1.6915720263000598,0.1,30.590311901443652,0
WRK-006494,1.6915720263000598,0.1,28.161746812283543,0
WRK-006495,1.6915720263000598,0.1,15.53111634529545,1
WRK-006496,1.6915720263000598,0.1,6.3491245416191315,0
WRK-006497,1.6915720263000598,0.1,18.020951762808096,0
WRK-006498,1.6915720263000598,0.1,0.7306320545800125,0
WRK-006499,1.6915720263000598,0.1,13.885430438425404,0
WRK-006500,1.6915720263000598,0.1,0.27702262584166154,0
WRK-006501,0.7142857142857143,0.1,9.407669944352882,2
WRK-006502,1.4285714285714286,0.1,84.37220981890292,0
WRK-006503,1.4140088571839837,0.1,7.872028457118403,0
WRK-006504,1.4214864291415934,0.1,129.45205787510878,4
WRK-006505,1.4140088571839837,0.1,10.280402143219668,0
WRK-006506,1.4214864291415934,0.1,0.7926074502649307,0
WRK-006507,1.4140088571839837,0.1,0.1164408481918344,0
WRK-006508,2.0,0.1,3.2408563524955354,0
WRK-006509,1.4214864291415934,0.1,5.0478298421771175,0
WRK-006510,1.4140088571839837,0.1,10.028764965911133,1
WRK-006511,1.4214864291415934,0.1,5.620635650945587,0
WRK-006512,1.6915720263000598,0.1,15.101913721357839,0
WRK-006513,1.6915720263000598,0.1,30.09095935156722,1
WRK-006514,1.6915720263000598,0.1,0.600940750370172,0
WRK-006515,1.6915720263000598,0.1,2.9635844244987957,0
WRK-006516,1.6915720263000598,0.1,57.39025794543074,0
WRK-006517,1.6915720263000598,0.1,25.833605476651154,1
WRK-006518,1.6915720263000598,0.1,245.56199465623098,3
WRK-006519,1.6915720263000598,0.1,1.5480573895631153,0
WRK-006520,1.6915720263000598,0.1,38.53701329435609,0
WRK-006521,1.6915720263000598,0.1,47.603752254729955,0
WRK-006522,1.6915720263000598,0.1,14.882807964481506,0
WRK-006523,1.6915720263000598,0.1,15.544355309922127,0
WRK-006524,1.6915720263000598,0.1,1.7778495956186084,1
WRK-006525,1.6915720263000598,0.1,13.508042062468366,0
WRK-006526,1.6915720263000598,0.1,16.11614459859829,1
WRK-006527,1.6915720263000598,0.1,55.370589578727596,0
WRK-006528,1.6915720263000598,0.1,3.777089374184418,0
WRK-006529,1.6915720263000598,0.1,8.554093852265543,0
WRK-006530,1.6915720263000598,0.1,12.933082383344917,1
WRK-006531,1.6915720263000598,0.1,3.6792891077858125,1
WRK-006532,1.6915720263000598,0.1,30.817490213435427,0
WRK-006533,1.6915720263000598,0.1,6.941735143619492,0
WRK-006534,1.6915720263000598,0.1,6.8444218838819815,0
WRK-006535,1.6915720263000598,0.1,31.352658279648175,0
WRK-006536,1.6915720263000598,0.1,1.9765112484155611,1
WRK-006537,1.6915720263000598,0.1,15.615346320242251,1
WRK-006538,1.6915720263000598,0.1,7.106149834103579,0
WRK-006539,1.6915720263000598,0.1,10.151542967878576,0
WRK-006540,1.4140088571839837,0.1,13.193544509716498,0
WRK-006541,1.6915720263000598,0.1,26.238533023289747,0
WRK-006542,1.6915720263000598,0.1,18.935082361077495,1
WRK-006543,1.6915720263000598,0.1,20.855306519926483,0
WRK-006544,1.6915720263000598,0.1,17.559880803591742,0
WRK-006545,1.6915720263000598,0.1,13.221804196086243,0
WRK-006546,1.6915720263000598,0.1,39.40926382535413,0
WRK-006547,1.6915720263000598,0.1,1.27299377441692,0
WRK-006548,1.6915720263000598,0.1,21.89344114282967,0
WRK-006549,1.6915720263000598,0.1,13.421721005799899,1
WRK-006550,1.75,1.0,4.016782010445807,0
WRK-006551,2.5,1.0,53.72142151846765,0
WRK-006552,2.0,1.0,229.2388148287091,3
WRK-006553,3.9,0.1,39.32909138982288,1
WRK-006554,2.5,1.0,8.162387119227178,0
WRK-006555,1.6915720263000598,0.1,17.58782342336979,1
WRK-006556,1.0,1.0,24.04332735099569,0
WRK-006557,1.6915720263000598,0.1,15.987182494210723,0
WRK-006558,1.6915720263000598,0.1,20.017886881416675,1
WRK-006559,1.6915720263000598,0.1,19.69474451826039,0
WRK-006560,1.6915720263000598,0.1,222.85771715567165,4
WRK-006561,1.6915720263000598,0.1,8.386766715974801,0
WRK-006562,1.6915720263000598,0.1,8.392809022561487,1
WRK-006563,1.6915720263000598,0.1,3.3753505906888828,0
WRK-006564,1.6915720263000598,0.1,34.75685551035719,0
WRK-006565,1.6915720263000598,0.1,57.560876633510176,0
WRK-006566,1.6915720263000598,0.1,14.224741480731328,0
WRK-006567,1.6915720263000598,0.1,15.236362117814979,0
WRK-006568,1.6915720263000598,0.1,100.29206027826403,1
WRK-006569,1.6915720263000598,0.1,37.85607830650755,1
WRK-006570,1.6915720263000598,0.1,29.476961319382834,0
WRK-006571,1.6915720263000598,0.1,5.520340018527837,0
WRK-006572,1.6915720263000598,0.1,30.502847899242575,0
WRK-006573,1.6915720263000598,0.1,2.0788372064657734,0
WRK-006574,1.6915720263000598,0.1,122.52379234117541,2
WRK-006575,0.7752540346682606,0.1,15.948410090777633,0
WRK-006576,1.0,0.1,7.812113555053614,0
WRK-006577,1.0376569037656904,0.1,10.820629907534162,1
WRK-006578,1.0376569037656904,0.1,9.001923818762553,0
WRK-006579,1.0376569037656904,0.1,22.98511994385601,0
WRK-006580,1.0376569037656904,0.1,9.382594082416698,0
WRK-006581,0.28164556962025317,0.15817223198594024,11.472476200217383,1
WRK-006582,1.0376569037656904,0.1,45.52459366369139,2
WRK-006583,1.0376569037656904,0.1,39.46740379251696,0
WRK-006584,30.964082792207794,1.0,1.255726715108543,0
WRK-006585,1.0376569037656904,0.1,6.13908447891367,1
WRK-006586,1.0376569037656904,0.1,42.2015233248738,0
WRK-006587,1.0376569037656904,0.1,0.7335647616121741,0
WRK-006588,1.0376569037656904,0.1,4.693996259758583,1
WRK-006589,2.593,0.32073813708260107,19.19557689719253,0
WRK-006590,0.8176927674835625,0.1,17.986822103126812,0
WRK-006591,1.3364978902953586,0.15817223198594024,12.470647807072249,1
WRK-006592,2.6350210970464136,0.15817223198594024,11.484015074820896,0
WRK-006593,2.0970464135021096,0.15817223198594024,23.47990028855873,0
WRK-006594,1.0376569037656904,0.1,26.31827571887353,0
WRK-006595,1.0376569037656904,0.1,33.19837725907801,0
WRK-006596,1.0376569037656904,0.1,13.853741085036583,0
WRK-006597,3.0,0.1,3.571606186907699,0
WRK-006598,0.7142857142857143,0.1,17.914918342042224,1
WRK-006599,0.3,0.1,140.0618163739163,5
WRK-006600,0.5940903207968556,0.1,70.28515596810774,0
WRK-006601,0.5940903207968556,0.1,13.93883150411259,0
WRK-006602,0.5940903207968556,0.1,8.640279918396015,0
WRK-006603,0.5940903207968556,0.1,44.9053297906776,0
WRK-006604,0.5940903207968556,0.1,0.9496834335783286,0
WRK-006605,0.5940903207968556,0.1,9.295103417587724,0
WRK-006606,0.5940903207968556,0.1,18.838027327294995,2
WRK-006607,0.5940903207968556,0.1,6.946358449166947,0
WRK-006608,0.5940903207968556,0.1,39.68997316742656,0
WRK-006609,0.5940903207968556,0.1,19.127473678430572,1
WRK-006610,0.5940903207968556,0.1,75.5058016438671,0
WRK-006611,0.5940903207968556,0.1,11.952768795733933,0
WRK-006612,1.0,0.1,4.488062616921665,0
WRK-006613,1.0,1.0,41.402680652027975,0
WRK-006614,1.0,1.0,13.070889196882609,0
WRK-006615,1.0,1.0,31.070601910435936,0
WRK-006616,1.0,1.0,14.273343821606028,0
WRK-006617,1.0,1.0,2.7135163592017846,0
WRK-006618,1.0,1.0,2.5886532379975193,0
WRK-006619,1.0,1.0,8.030946642044787,0
WRK-006620,1.0,1.0,2.5980695557225433,1
WRK-006621,1.0,1.0,1.5185002524075046,0
WRK-006622,1.0,1.0,59.888277103994895,1
WRK-006623,1.0,1.0,5.11781624743394,0
WRK-006624,0.6,0.1,16.274697929021173,0
WRK-006625,2.0,1.0,0.636505668731326,0
WRK-006626,0.5940903207968556,0.1,10.506279682651323,1
WRK-006627,0.49657,1.0,5.148920991495426,0
WRK-006628,0.0,1.0,11.031077737030907,0
WRK-006629,1.178646594319138,1.0,40.488880505214695,2
WRK-006630,1.178646594319138,1.0,228.82570877606815,5
WRK-006631,1.178646594319138,1.0,23.0161493201917,0
WRK-006632,1.178646594319138,1.0,6.37652767975529,0
WRK-006633,0.844,1.0,24.68238336818071,0
WRK-006634,1.249885,1.0,3.0648856932976596,0
WRK-006635,1.0,1.0,23.956299159793776,0
WRK-006636,1.0,1.0,26.621979450262362,1
WRK-006637,2.0,1.0,0.9339749119304235,0
WRK-006638,0.5940903207968556,0.1,0.6722040893755132,1
WRK-006639,1.0376569037656904,0.1,20.037241402173983,0
WRK-006640,1.12499,1.0,8.066916086126184,0
WRK-006641,1.0376569037656904,0.1,39.87988051238104,0
WRK-006642,0.74841,1.0,97.1333320029508,0
WRK-006643,1.178646594319138,1.0,15.503246154722355,0
WRK-006644,2.5,1.0,18.920517693126136,0
WRK-006645,2.5,1.0,6.442041389450299,0
WRK-006646,1.0376569037656904,0.1,68.97310154525181,1
WRK-006647,1.0376569037656904,0.1,19.151100950586077,0
WRK-006648,1.0376569037656904,0.1,13.954336995965242,0
WRK-006649,1.0376569037656904,0.1,12.729386273757008,0
WRK-006650,1.0376569037656904,0.1,1.7662527822744223,0
WRK-006651,1.0376569037656904,0.1,22.35749527430057,0
WRK-006652,1.178646594319138,1.0,3.696144348944366,0
WRK-006653,1.178646594319138,1.0,3.985919872314336,0
WRK-006654,1.178646594319138,1.0,23.591217908305822,0
WRK-006655,1.178646594319138,1.0,1.3997999531912408,1
WRK-006656,2.25,1.0,14.799660089108732,1
WRK-006657,1.178646594319138,1.0,17.797770730637403,0
WRK-006658,1.178646594319138,1.0,1.683539892079982,0
WRK-006659,1.178646594319138,1.0,6.275509505724638,1
WRK-006660,1.178646594319138,1.0,29.60264018429479,1
WRK-006661,1.178646594319138,1.0,16.6554625682442,0
WRK-006662,0.5940903207968556,0.1,9.278736072773277,2
WRK-006663,0.5940903207968556,0.1,4.747824410664638,0
WRK-006664,0.5940903207968556,0.1,17.517060755179806,1
WRK-006665,0.5940903207968556,0.1,8.23344255063351,2
WRK-006666,0.5940903207968556,0.1,12.222016343906768,0
WRK-006667,0.5940903207968556,0.1,21.553015624057444,0
WRK-006668,0.5940903207968556,0.1,38.50295950232655,2
WRK-006669,1.178646594319138,1.0,78.42130884784551,1
WRK-006670,0.0,1.0,28.018316760190647,1
WRK-006671,1.178646594319138,1.0,175.6469599859965,4
WRK-006672,1.178646594319138,1.0,190.11061140597522,4
WRK-006673,0.8438818565400844,0.15789473684210525,6.785826736684567,0
WRK-006674,2.1529535864978904,0.15789473684210525,14.371604928802942,0
WRK-006675,0.8,1.0,12.834173000148056,1
WRK-006676,0.4,1.0,20.46436516041762,0
WRK-006677,1.0116279069767442,0.1,22.54565312589637,0
WRK-006678,2.1339662447257384,0.15789473684210525,62.87835431607223,1
WRK-006679,1.0116279069767442,0.1,3.951180834597236,0
WRK-006680,0.6,0.1,15.995275263149653,0
WRK-006681,0.5,1.0,9.325249068848244,0
WRK-006682,1.6782700421940928,0.15789473684210525,3.899484152323827,0
WRK-006683,1.0116279069767442,0.1,3.2858262348656626,0
WRK-006684,1.1267605633802817,0.1,7.580117003054145,0
WRK-006685,1.1267605633802817,0.1,8.350686253826648,0
WRK-006686,1.1267605633802817,0.1,45.982030732752754,0
WRK-006687,0.0,1.0,9.414809201960225,0
WRK-006688,1.1267605633802817,0.1,17.307246556393903,0
WRK-006689,1.1267605633802817,0.1,21.418295056245498,0
WRK-006690,0.8,0.1,18.366614706388937,0
WRK-006691,1.0,0.1,10.990005389295629,0
WRK-006692,1.1267605633802817,0.1,47.382531591933684,0
WRK-006693,1.0,0.1,42.39914624712566,0
WRK-006694,1.0376569037656904,0.1,15.867581521922322,0
WRK-006695,0.9356540084388185,0.1,1.7430107940452202,0
WRK-006696,1.0376569037656904,0.1,11.438726836042045,0
WRK-006697,1.0376569037656904,0.1,7.919312932338533,0
WRK-006698,1.0376569037656904,0.1,14.367905784324588,0
WRK-006699,3.589662447257384,0.1,11.828658894139872,0
WRK-006700,0.4,0.1,15.062617602046375,1
WRK-006701,1.0,0.1,20.743374373753575,0
WRK-006702,1.0,0.1,22.3262982330455,0
WRK-006703,1.0,0.1,21.208597215394143,1
WRK-006704,0.65,0.1,26.657933035437175,0
WRK-006705,1.0,0.1,31.80043715505255,1
WRK-006706,0.9,0.1,11.229812757024785,0
WRK-006707,2.577142857142857,0.1,54.29669045400899,0
WRK-006708,0.6666666666666666,0.1,64.83540272708333,0
WRK-006709,0.4444444444444444,0.1,6.962107358457496,1
WRK-006710,2.577142857142857,0.23642732049036777,46.122837270622966,0
WRK-006711,0.8000533368891259,0.31961471103327493,21.181862373237273,0
WRK-006712,2.577142857142857,0.1,18.6059911499172,1
WRK-006713,2.577142857142857,0.1,4.031242644545648,0
WRK-006714,2.577142857142857,0.1,18.101044354201875,1
WRK-006715,2.577142857142857,0.1,11.293343966090921,1
WRK-006716,2.577142857142857,0.1,106.95197973968659,0
WRK-006717,2.577142857142857,0.1,33.78997545377469,2
WRK-006718,0.6666666666666666,0.1,15.74409065302525,0
WRK-006719,0.8888888888888888,0.1,272.08701246001147,5
WRK-006720,1.0,0.1,12.642673635391846,0
WRK-006721,1.0,0.1,1.8219020653147213,0
WRK-006722,0.5,1.0,48.20638549676026,1
WRK-006723,0.6666666666666666,0.23642732049036777,17.967834559943782,1
WRK-006724,1.123394751535455,0.1,7.930493239844835,1
WRK-006725,1.791178112786153,0.1,24.51753704321646,0
WRK-006726,1.6666666666666667,0.31961471103327493,41.88472125717493,0
WRK-006727,0.8,0.13134851138353765,30.826992827138575,0
WRK-006728,1.6666666666666667,0.23642732049036777,10.937294037111613,0
WRK-006729,1.0,0.1,1.9234980806486495,0
WRK-006730,1.6666666666666667,0.23642732049036777,41.0659868279357,0
WRK-006731,1.6666666666666667,0.23642732049036777,13.677692565218633,0
WRK-006732,0.6666666666666666,0.23642732049036777,0.7092543048449151,0
WRK-006733,0.6666666666666666,0.1,3.8374916216240855,0
WRK-006734,1.3333333333333333,0.1,1.0723833189917302,0
WRK-006735,2.577142857142857,0.1,23.22373637177545,0
WRK-006736,2.577142857142857,0.1,44.62343091193152,0
WRK-006737,2.577142857142857,0.1,26.40281695855007,0
WRK-006738,2.577142857142857,0.1,4.514865027044168,2
WRK-006739,2.577142857142857,0.1,53.54167915565931,0
WRK-006740,2.577142857142857,0.1,4.070041348659682,0
WRK-006741,2.577142857142857,0.1,38.392274201004625,1
WRK-006742,0.9933,1.0,17.24452064613835,2
WRK-006743,0.6,0.1,0.06965442988977615,0
WRK-006744,1.0,0.1,4.653709943279596,0
WRK-006745,0.6,1.0,2.2936683028125864,0
WRK-006746,2.577142857142857,0.1,17.44840935083516,0
WRK-006747,0.7,0.1,29.399253016768018,0
WRK-006748,0.8,0.1,22.554806148579626,0
WRK-006749,2.0,0.1,41.847000992662515,1
WRK-006750,1.0,0.1,21.535926956351993,0
WRK-006751,2.5,0.1,4.005633698846446,1
WRK-006752,2.577142857142857,0.1,25.980516147673423,0
WRK-006753,1.0,0.1,18.442728161114744,0
WRK-006754,1.0,0.1,12.984013574358581,0
WRK-006755,1.0,0.1,39.33455946088767,0
WRK-006756,1.0,0.1,89.05349256484303,1
WRK-006757,1.0,0.1,9.697842072562738,0
WRK-006758,1.0,0.1,14.524484869485798,1
WRK-006759,1.0,0.1,20.342924586961946,1
WRK-006760,1.1846981470412432,0.1,27.48491371332658,0
WRK-006761,1.0,0.1,26.108528952346862,0
WRK-006762,1.0,0.1,1.867130986132851,0
WRK-006763,1.0,0.1,0.008789590740761239,1
WRK-006764,1.0,0.1,245.6037825471305,4
WRK-006765,1.0,0.1,3.2013061925734516,0
WRK-006766,1.0,0.1,8.389362675964517,0
WRK-006767,1.2475,1.0,17.816514787730135,0
WRK-006768,1.0,0.1,3.1263054308962586,0
WRK-006769,1.0,0.1,33.799371358722624,0
WRK-006770,1.0,0.1,17.08744124824228,1
WRK-006771,1.0,0.1,1.2870329134439,0
WRK-006772,1.0,0.1,0.3077504484765329,0
WRK-006773,0.5,0.1,6.850059019833935,1
WRK-006774,1.0,0.1,7.926459034090318,0
WRK-006775,1.0,0.1,17.883528360202856,0
WRK-006776,1.2475,1.0,3.35592701129862,0
WRK-006777,1.1846981470412432,0.1,15.79556633993799,0
WRK-006778,1.1846981470412432,0.1,14.877947247542895,0
WRK-006779,1.0,0.1,12.680142526769565,1
WRK-006780,0.75,1.0,53.06351096766995,1
WRK-006781,0.6,1.0,15.742371516865303,0
WRK-006782,0.8,1.0,0.03565341647344625,0
WRK-006783,0.4,1.0,18.699545619181563,0
WRK-006784,1.0,1.0,2.295764837820469,1
WRK-006785,1.0,0.1,8.389661486087425,1
WRK-006786,1.0,0.1,10.045460853655676,0
WRK-006787,1.0,0.1,9.591109708902447,0
WRK-006788,1.0,0.1,4.880797647091119,0
WRK-006789,0.6693440428380187,0.1,28.377998801007912,0
WRK-006790,0.6693440428380187,0.1,17.420539185409886,1
WRK-006791,0.7752540346682606,0.1,11.46997835818029,0
WRK-006792,0.7752540346682606,0.1,41.77663004371561,1
WRK-006793,1.1155734047300312,0.1,15.291974900433715,1
WRK-006794,0.7752540346682606,0.1,14.836686745409711,0
WRK-006795,0.7752540346682606,0.1,7.926875954494353,0
WRK-006796,0.7752540346682606,0.1,16.624632677357816,1
WRK-006797,0.7752540346682606,0.1,7.441199119643994,1
WRK-006798,0.7752540346682606,0.1,21.209337580092026,1
WRK-006799,0.7752540346682606,0.1,9.252592426638229,1
WRK-006800,0.5714285714285714,1.0,12.319893094369743,0
WRK-006801,0.4462293618920125,0.1,28.489011596281802,1
WRK-006802,0.5714285714285714,1.0,0.9409497440081862,0
WRK-006803,0.7752540346682606,0.1,4.826946477708365,0
WRK-006804,0.7752540346682606,0.1,19.229485431430657,0
WRK-006805,1.0,0.1,3.0207211085189822,0
WRK-006806,0.5714285714285714,1.0,15.03462343582932,0
WRK-006807,0.42857142857142855,0.1,26.731377521397643,0
WRK-006808,0.7752540346682606,0.1,4.312388120097076,0
WRK-006809,0.7752540346682606,0.1,3.1830736441798404,1
WRK-006810,0.02,0.1,19.182172189459127,1
WRK-006811,2.2311468094600624,0.1,7.25561349952976,0
WRK-006812,0.7752540346682606,0.1,0.7734624258307035,0
WRK-006813,0.7752540346682606,0.1,7.204199895222906,0
WRK-006814,0.7752540346682606,0.1,6.582423073443918,0
WRK-006815,0.7752540346682606,0.1,19.785160046073006,0
WRK-006816,0.06,0.1048951048951049,53.78249945028977,0
WRK-006817,0.06,0.1048951048951049,10.709948933632724,0
WRK-006818,0.02,0.1,295.0621109217196,2
WRK-006819,0.6693440428380187,0.1,8.021248218559737,1
WRK-006820,0.7752540346682606,0.1,263.885903192163,2
WRK-006821,0.7752540346682606,0.1,48.01676481219475,0
WRK-006822,0.6666666666666666,0.31905594405594406,6.062638127077725,0
WRK-006823,0.6666666666666666,0.23601398601398602,52.805854197702104,0
WRK-006824,0.7752540346682606,0.1,8.235295251238652,0
WRK-006825,0.7752540346682606,0.1,122.63929935656492,1
WRK-006826,0.7752540346682606,0.1,7.076542296522495,1
WRK-006827,0.7752540346682606,0.1,3.7387535751932814,1
WRK-006828,0.7752540346682606,0.1,78.97269519241242,0
WRK-006829,0.02,0.1,26.483065988200728,0
WRK-006830,0.7752540346682606,0.1,28.26231127635291,0
WRK-006831,0.7752540346682606,0.1,67.58476085051336,0
WRK-006832,0.7752540346682606,0.1,19.373305135414096,0
WRK-006833,1.4995,0.1,6.15048815505382,0
WRK-006834,1.4995,1.0,12.288371189057713,1
WRK-006835,1.4999,1.0,3.218782515672819,0
WRK-006836,0.7752540346682606,0.1,18.66327927505178,0
WRK-006837,0.7752540346682606,0.1,11.386682824199285,0
WRK-006838,1.0,0.15734265734265734,2.655075013864629,0
WRK-006839,0.7752540346682606,0.1,11.632820638186836,1
WRK-006840,0.6693440428380187,0.1,5.36562659866962,0
WRK-006841,0.4462293618920125,0.1,30.36987025077652,0
WRK-006842,0.7752540346682606,0.1,11.894923530536714,1
WRK-006843,0.7752540346682606,0.1,22.721403278888786,0
WRK-006844,0.7752540346682606,0.1,18.426946396922894,0
WRK-006845,0.7752540346682606,0.1,4.94950050002143,0
WRK-006846,0.7752540346682606,0.1,42.9097207302345,1
WRK-006847,0.7752540346682606,0.1,3.3301271591045145,1
WRK-006848,0.7752540346682606,0.1,6.995962933552145,0
WRK-006849,0.7752540346682606,0.1,0.533798221652995,0
WRK-006850,0.7752540346682606,0.1,20.529964113326354,0
WRK-006851,0.5800981704596162,0.1,3.11005170802206,0
WRK-006852,0.7752540346682606,0.1,27.802440727593968,1
WRK-006853,0.7752540346682606,0.1,8.648773654179605,0
WRK-006854,0.7752540346682606,0.1,7.804284943176919,0
WRK-006855,0.7752540346682606,0.1,1.4184684914141914,0
WRK-006856,0.7752540346682606,0.1,39.49056373927798,0
WRK-006857,0.7752540346682606,0.1,73.61894033302401,0
WRK-006858,0.7752540346682606,0.1,7.060510250217915,0
WRK-006859,0.7752540346682606,0.1,8.052167817977287,0
WRK-006860,1.0,0.15734265734265734,18.198851764564953,1
WRK-006861,0.7752540346682606,0.1,14.242499402341004,1
WRK-006862,0.9693877551020408,0.1,52.609794285694946,0
WRK-006863,0.8888888888888888,0.1,17.486022639138255,0
WRK-006864,0.6666666666666666,0.1,65.87846333874688,1
WRK-006865,0.31746031746031744,0.1,40.1446117548199,0
WRK-006866,0.8116883116883117,0.1,163.99991133674217,3
WRK-006867,1.0,0.31877729257641924,10.876535974873867,1
WRK-006868,0.7142857142857143,0.31877729257641924,28.24933119306575,0
WRK-006869,1.0,0.1,34.23072103287522,0
WRK-006870,1.0,0.1,15.562381550133733,1
WRK-006871,1.0,0.1,0.27820866064014893,1
WRK-006872,1.0,0.1,22.456446638978424,0
WRK-006873,1.0,0.1,34.605745172376714,0
WRK-006874,1.0,0.1,3.1085650604450183,1
WRK-006875,1.0,0.1,173.31526734563133,3
WRK-006876,1.0,0.1,9.098560903042907,0
WRK-006877,0.15873015873015872,0.13100436681222707,7.42345896345922,1
WRK-006878,0.9333955597039802,0.1,16.090919524279926,0
WRK-006879,4.761904761904762,0.1,28.52542152201151,0
WRK-006880,0.0,1.0,9.982149378891968,0
WRK-006881,1.0116279069767442,1.0,11.320261835781116,0
WRK-006882,1.0116279069767442,0.05240174672489083,18.22866612819435,0
WRK-006883,1.0,0.1,64.09381584252769,0
WRK-006884,1.0,0.1,6.920533649223955,2
WRK-006885,1.0,0.1,126.66478650607158,3
WRK-006886,1.0,0.1,17.80456715266055,0
WRK-006887,1.0,0.1,11.808284576122855,1
WRK-006888,1.0,0.1,8.919453084433428,1
WRK-006889,1.0,0.1,28.40694199139645,0
WRK-006890,1.0,0.1,19.158404768013078,0
WRK-006891,1.0,0.1,3.726254654149508,1
WRK-006892,1.0,0.1,75.06571546138288,0
WRK-006893,1.0,0.1,30.356016858690754,0
WRK-006894,1.0,0.1,2.5222626714049974,0
WRK-006895,1.0,0.1,29.996717717821518,0
WRK-006896,1.0,0.1,46.087529410552364,1
WRK-006897,1.0,0.1,28.134678408329652,0
WRK-006898,1.0,0.1,14.594907018957263,0
WRK-006899,0.76,0.1,6.105594201851927,0
WRK-006900,0.3,0.1,46.44246785703829,0
WRK-006901,0.25,0.1,29.657893190661827,1
WRK-006902,0.10821428571428572,0.31877729257641924,42.24106043315587,0
WRK-006903,0.6,0.1,10.673508177703892,0
WRK-006904,0.6,0.1,2.569111641186556,2
WRK-006905,0.76,0.1,7.689564107774131,0
WRK-006906,0.76,0.1,28.72184545007242,0
WRK-006907,0.6,0.1,13.803938925349815,1
WRK-006908,1.0,0.1,11.086701980993416,0
WRK-006909,1.0,0.1,14.820017243435274,1
WRK-006910,1.0,0.1,57.885353400972306,0
WRK-006911,1.0,0.1,13.024045648159177,0
WRK-006912,1.0,0.1,34.378766154057516,1
WRK-006913,1.0,0.1,2.573365780813792,1
WRK-006914,1.0,0.1,11.297851686091684,1
WRK-006915,1.0,0.1,0.34369818867556967,0
WRK-006916,0.7752540346682606,0.1,2.5556108882741357,0
WRK-006917,0.6666666666666666,1.0,5.128772424301044,0
WRK-006918,0.7752540346682606,0.1,15.543769575407257,1
WRK-006919,0.2982832618025751,1.0,58.19658772553824,0
WRK-006920,0.2982832618025751,0.1,28.873935750090922,2
WRK-006921,0.2982832618025751,1.0,0.047625409017494,0
WRK-006922,0.7752540346682606,0.1,3.887023679722988,2
WRK-006923,0.7752540346682606,0.1,48.028406560014425,1
WRK-006924,0.7752540346682606,0.1,108.5059348890799,1
WRK-006925,0.7752540346682606,0.1,26.190861146601897,0
WRK-006926,0.7752540346682606,0.1,35.934139221497276,0
WRK-006927,0.7752540346682606,0.1,20.741732983369122,0
WRK-006928,0.7752540346682606,0.1,25.18989164425843,0
WRK-006929,1.4989,0.1,35.24584666677346,0
WRK-006930,0.7752540346682606,0.1,9.3417772030428,1
WRK-006931,0.7752540346682606,0.1,6.172191227748066,0
WRK-006932,0.7752540346682606,0.1,8.193487318132526,0
WRK-006933,0.7752540346682606,0.1,39.92846987465961,0
WRK-006934,0.875,1.0,185.24502800007048,4
WRK-006935,0.875,0.1,58.047600997923695,0
WRK-006936,0.7752540346682606,0.1,8.759798180000752,0
WRK-006937,0.7752540346682606,0.1,1.0290560565694562,0
WRK-006938,0.7752540346682606,0.1,49.62842389419202,1
WRK-006939,0.7752540346682606,0.1,30.334841772401234,0
WRK-006940,0.7752540346682606,0.1,47.30204375027693,2
WRK-006941,0.7752540346682606,0.1,13.5866597257788,1
WRK-006942,0.7752540346682606,0.1,8.674032447121371,1
WRK-006943,0.25,0.1,33.96428174266766,0
WRK-006944,0.7752540346682606,0.1,16.716720449360984,0
WRK-006945,0.7752540346682606,0.1,9.53038353768304,1
WRK-006946,0.7752540346682606,0.1,12.787576218083569,0
WRK-006947,0.7752540346682606,0.1,10.730489277402347,0
WRK-006948,0.7752540346682606,0.1,0.021425382940618437,0
WRK-006949,0.7752540346682606,0.1,8.073331579881371,0
WRK-006950,0.7752540346682606,0.1,23.475542914035373,1
WRK-006951,0.7752540346682606,0.1,0.3133695994849566,0
WRK-006952,0.7752540346682606,0.1,12.532142210036358,0
WRK-006953,0.7752540346682606,0.1,14.380233590878412,1
WRK-006954,0.7752540346682606,0.1,1.0782886447649596,0
WRK-006955,0.7752540346682606,0.1,22.525188778187054,0
WRK-006956,0.7752540346682606,0.1,62.38613422987741,2
WRK-006957,0.7752540346682606,0.1,52.989943636159076,0
WRK-006958,0.7752540346682606,0.1,3.8120272566305164,0
WRK-006959,0.7752540346682606,0.1,206.18098647510524,5
WRK-006960,0.7752540346682606,0.1,27.53052585183445,0
WRK-006961,0.7752540346682606,0.1,69.16813593125981,1
WRK-006962,0.7752540346682606,0.1,0.5769547176993154,1
WRK-006963,0.7752540346682606,0.1,7.796266194463225,0
WRK-006964,0.7752540346682606,0.1,4.017100362519189,0
WRK-006965,0.7752540346682606,0.1,8.308007614862323,0
WRK-006966,0.7752540346682606,0.1,26.866926926035163,1
WRK-006967,0.7752540346682606,0.1,1.1270930828626335,0
WRK-006968,0.7752540346682606,0.1,15.92399371996155,1
WRK-006969,0.7752540346682606,0.1,2.0861111208491776,0
WRK-006970,0.7752540346682606,0.1,0.1655503485370469,1
WRK-006971,0.7752540346682606,0.1,2.8310052368327083,0
WRK-006972,0.7752540346682606,0.1,0.8160619455109184,0
WRK-006973,0.7752540346682606,0.1,23.4495729215273,0
WRK-006974,0.30120481927710846,0.31849912739965097,6.403881362590347,0
WRK-006975,0.30120481927710846,0.31849912739965097,9.176491104872433,1
WRK-006976,0.30120481927710846,0.31849912739965097,7.397332454985614,1
WRK-006977,0.30120481927710846,0.31849912739965097,6.218540895243363,0
WRK-006978,0.30120481927710846,0.31849912739965097,43.243376896489394,0
WRK-006979,0.9036144578313253,0.31849912739965097,13.850275508244405,0
WRK-006980,0.9036144578313253,0.31849912739965097,13.806153623992948,0
WRK-006981,0.30120481927710846,0.31849912739965097,16.080969005995247,1
WRK-006982,0.7752540346682606,0.1,2.801037533428426,1
WRK-006983,0.7752540346682606,0.1,10.873333632057548,1
WRK-006984,0.7752540346682606,0.1,20.17402392952469,0
WRK-006985,0.7752540346682606,0.1,21.652176495480077,0
WRK-006986,0.7752540346682606,0.1,7.694713440670493,0
WRK-006987,0.7752540346682606,0.1,2.2519787779515923,0
WRK-006988,0.7752540346682606,0.1,10.764016381709503,1
WRK-006989,0.7752540346682606,0.1,43.34866240187851,0
WRK-006990,0.30120481927710846,0.31849912739965097,21.462804650185575,1
WRK-006991,0.7752540346682606,0.1,7.7206438233763315,0
WRK-006992,0.7752540346682606,0.1,89.39568519831246,0
WRK-006993,0.7752540346682606,0.1,230.10380449744048,4
WRK-006994,0.7752540346682606,0.1,79.14930276199249,0
WRK-006995,0.7752540346682606,0.1,12.87039437656617,0
WRK-006996,0.7752540346682606,0.1,3.693096566052674,2
WRK-006997,0.7752540346682606,0.1,6.968102496596151,1
WRK-006998,0.7752540346682606,0.1,32.91060959387544,1
WRK-006999,0.7752540346682606,0.1,265.5019430281514,2
WRK-007000,0.7752540346682606,0.1,3.559479464301277,1
WRK-007001,0.7752540346682606,0.1,190.61190058785292,3
WRK-007002,1.0,0.1,5.8924799902451035,1
WRK-007003,1.0,0.1,37.40138237323173,0
WRK-007004,1.0,0.1,0.9532573970479586,0
WRK-007005,1.0,0.1,26.138330158384655,0
WRK-007006,1.0,0.1,0.8244474859590177,0
WRK-007007,0.7752540346682606,0.1,19.5488193898327,0
WRK-007008,0.7752540346682606,0.1,9.219345514277524,0
WRK-007009,0.7752540346682606,0.1,48.70526378543143,1
WRK-007010,0.7752540346682606,0.1,11.163799815598727,0
WRK-007011,0.7752540346682606,0.1,48.1689752211542,0
WRK-007012,0.7752540346682606,0.1,14.27435352531836,0
WRK-007013,0.7752540346682606,0.1,1.3832951431824316,0
WRK-007014,0.7752540346682606,0.1,5.162883942212771,0
WRK-007015,0.7752540346682606,0.1,202.79653646878631,4
WRK-007016,0.7752540346682606,0.1,57.20629917038223,0
WRK-007017,0.7752540346682606,0.1,5.577115006547954,0
WRK-007018,0.7752540346682606,0.1,40.07372182949705,0
WRK-007019,0.7752540346682606,0.1,22.514361007062497,1
WRK-007020,0.7752540346682606,0.1,34.63743473194109,1
WRK-007021,0.7752540346682606,0.1,14.11397796935244,0
WRK-007022,0.7752540346682606,0.1,5.239647206151919,0
WRK-007023,0.7752540346682606,0.1,6.782211767634463,0
WRK-007024,0.7752540346682606,0.1,15.04172913454714,0
WRK-007025,0.7752540346682606,0.1,141.9978050004533,4
WRK-007026,0.30120481927710846,0.31849912739965097,18.91715573824486,0
WRK-007027,0.30120481927710846,0.31849912739965097,49.094763082563475,0
WRK-007028,1.0,0.1,0.14905465313065555,0
WRK-007029,0.30120481927710846,0.31849912739965097,1.8101512787009164,0
WRK-007030,0.6024096385542169,0.31849912739965097,206.27964489456292,3
WRK-007031,0.6024096385542169,0.31849912739965097,5.759402399489064,0
WRK-007032,0.9036144578313253,0.31849912739965097,26.667015745592728,0
WRK-007033,0.30120481927710846,0.31849912739965097,10.789158505784247,0
WRK-007034,0.30120481927710846,0.31849912739965097,37.108312201221814,0
WRK-007035,0.7752540346682606,0.1,27.932072568132984,0
WRK-007036,0.7752540346682606,0.1,50.72113253516854,1
WRK-007037,0.7752540346682606,0.1,2.529651221545701,0
WRK-007038,0.7752540346682606,0.1,9.703420146420582,0
WRK-007039,0.6,0.1,3.262450771389666,0
WRK-007040,0.6956521739130435,0.31849912739965097,23.962158328155038,0
WRK-007041,0.6,0.1,4.0615016969228455,1
WRK-007042,0.6,0.1,14.239774905103895,0
WRK-007043,0.7752540346682606,0.1,26.076077841475186,1
WRK-007044,0.7752540346682606,0.1,15.69809151115027,0
WRK-007045,0.30120481927710846,0.31849912739965097,20.717040399660238,0
WRK-007046,0.3990425804400244,1.0,1.0641361183499236,0
WRK-007047,0.36759965024156294,1.0,12.921056476537917,1
WRK-007048,0.3973,1.0,7.9258617452201925,1
WRK-007049,1.0,0.1,7.917643277444421,1
WRK-007050,0.7752540346682606,0.1,19.387180106019848,1
WRK-007051,0.30120481927710846,0.31849912739965097,27.068405463682936,0
WRK-007052,0.30120481927710846,0.31849912739965097,6.34452556643402,0
WRK-007053,0.30120481927710846,0.31849912739965097,209.06957257380265,5
WRK-007054,0.30120481927710846,0.31849912739965097,27.901621877458066,0
WRK-007055,0.30120481927710846,0.31849912739965097,2.605413238093594,0
WRK-007056,0.30120481927710846,0.31849912739965097,62.05241473264259,0
WRK-007057,0.30120481927710846,0.31849912739965097,32.67628655053977,1
WRK-007058,0.7752540346682606,0.1,48.82166397937179,1
WRK-007059,0.7752540346682606,0.1,11.939575565905873,1
WRK-007060,0.7752540346682606,0.1,5.834754090849139,2
WRK-007061,0.7752540346682606,0.1,0.9467028045500301,0
WRK-007062,0.7752540346682606,0.1,34.05849766271303,1
WRK-007063,0.7752540346682606,0.1,72.06431742870129,1
WRK-007064,0.7752540346682606,0.1,17.331304644609546,0
WRK-007065,0.7752540346682606,0.1,11.843827450398054,1
WRK-007066,0.7752540346682606,0.1,20.667040486287828,1
WRK-007067,0.7752540346682606,0.1,1.8236918196072491,0
WRK-007068,0.7752540346682606,0.1,4.783557692935299,0
WRK-007069,0.7752540346682606,0.1,15.911669607016991,0
WRK-007070,0.7752540346682606,0.1,13.386681154116935,1
WRK-007071,0.7752540346682606,0.1,54.52665736096187,0
WRK-007072,0.7752540346682606,0.1,14.39207003348167,0
WRK-007073,1.0,0.1,7.676230622362987,0
WRK-007074,0.7752540346682606,0.1,9.227612821682957,1
WRK-007075,1.0,0.1,18.865365308076704,0
WRK-007076,0.7752540346682606,0.1,2.73232169735239,0
WRK-007077,0.7752540346682606,0.1,7.265888431959453,0
WRK-007078,0.7752540346682606,0.1,6.280412124886406,0
WRK-007079,0.7752540346682606,0.1,50.93529803194134,2
WRK-007080,0.7752540346682606,0.1,7.524868676057367,0
WRK-007081,0.7752540346682606,0.1,5.9636698466298395,0
WRK-007082,0.7752540346682606,0.1,3.3353968390759285,0
WRK-007083,0.7752540346682606,0.1,11.383248565623914,0
WRK-007084,0.7752540346682606,0.1,0.6855531002821189,0
WRK-007085,0.7752540346682606,0.1,277.69128089339677,2
WRK-007086,0.7752540346682606,0.1,21.589622733891296,1
WRK-007087,0.7752540346682606,0.1,2.2200422837182687,1
WRK-007088,0.7752540346682606,0.1,0.5154880364400775,0
WRK-007089,0.7752540346682606,0.1,7.781131921242829,0
WRK-007090,0.7752540346682606,0.1,65.87400626416014,0
WRK-007091,0.7752540346682606,0.1,39.36618646237591,0
WRK-007092,0.7752540346682606,0.1,26.507859300370402,2
WRK-007093,0.7752540346682606,0.1,33.31660072947799,0
WRK-007094,0.7752540346682606,0.1,39.67782419182755,0
WRK-007095,0.7752540346682606,0.1,7.658060685488853,1
WRK-007096,0.7752540346682606,0.1,12.096912439650394,0
WRK-007097,0.7752540346682606,0.1,23.947158614436557,2
WRK-007098,0.7752540346682606,0.1,5.817338190289945,0
WRK-007099,0.7752540346682606,0.1,47.41275271692898,0
WRK-007100,0.7752540346682606,0.1,18.768676116362542,0
WRK-007101,0.7752540346682606,0.1,16.698088765239483,0
WRK-007102,0.7752540346682606,0.1,8.434657078071282,1
WRK-007103,0.7752540346682606,0.1,1.8550266649807299,1
WRK-007104,0.7752540346682606,0.1,21.954006851062346,1
WRK-007105,0.7752540346682606,0.1,24.82524590694442,0
WRK-007106,0.7752540346682606,0.1,44.42495423196253,0
WRK-007107,0.7752540346682606,0.1,16.98782042016266,0
WRK-007108,0.7752540346682606,0.1,20.832386767225245,0
WRK-007109,0.7752540346682606,0.1,24.049617172950338,0
WRK-007110,0.7752540346682606,0.1,17.38225192014833,1
WRK-007111,0.7752540346682606,0.1,8.379509364717395,0
WRK-007112,0.7752540346682606,0.1,15.946688910202019,0
WRK-007113,0.7752540346682606,0.1,4.041996655010364,0
WRK-007114,0.7752540346682606,0.1,3.793490152699768,0
WRK-007115,0.7752540346682606,0.1,56.39388453790281,0
WRK-007116,0.7752540346682606,0.1,4.227265975278507,0
WRK-007117,0.7752540346682606,0.1,12.154358288298399,0
WRK-007118,0.7752540346682606,0.1,12.082341104137033,0
WRK-007119,0.7752540346682606,0.1,15.4327714400832,0
WRK-007120,0.7752540346682606,0.1,72.3022633104016,0
WRK-007121,0.7752540346682606,0.1,5.718328622426578,0
WRK-007122,0.7752540346682606,0.1,0.7727770893014824,1
WRK-007123,0.7752540346682606,0.1,8.635946810623661,0
WRK-007124,0.7752540346682606,0.1,8.899969223628062,1
WRK-007125,0.7752540346682606,0.1,2.7992477096761053,0
WRK-007126,0.7752540346682606,0.1,0.46638595025371254,0
WRK-007127,0.7752540346682606,0.1,6.468990673135485,0
WRK-007128,0.7752540346682606,0.1,17.31286438798581,0
WRK-007129,0.7752540346682606,0.1,0.4712650750867409,1
WRK-007130,0.7752540346682606,0.1,9.894534525900582,0
WRK-007131,0.7752540346682606,0.1,11.637765073768211,0
WRK-007132,1.0,0.1,42.222565348319606,0
WRK-007133,0.7752540346682606,0.1,45.018695268803285,0
WRK-007134,0.7752540346682606,0.1,28.78502204785432,0
WRK-007135,0.7752540346682606,0.1,9.437197744408817,1
WRK-007136,0.7752540346682606,0.1,5.4725223677831805,0
WRK-007137,0.7752540346682606,0.1,7.706697492219249,0
WRK-007138,0.7752540346682606,0.1,11.224122592348529,0
WRK-007139,0.7752540346682606,0.1,24.31112840975855,0
WRK-007140,0.7752540346682606,0.1,17.43900768618504,0
WRK-007141,0.7752540346682606,0.1,0.48137910394528,0
WRK-007142,0.7752540346682606,0.1,15.958331708821685,0
WRK-007143,0.7752540346682606,0.1,296.7920215724604,4
WRK-007144,0.7752540346682606,0.1,239.3687146152202,3
WRK-007145,0.7752540346682606,0.1,1.3725708062338366,0
WRK-007146,0.7752540346682606,0.1,106.19603468203721,0
WRK-007147,0.7752540346682606,0.1,15.424509142224798,0
WRK-007148,0.7752540346682606,0.1,1.4371518106332617,0
WRK-007149,0.7752540346682606,0.1,25.875698473582624,0
WRK-007150,0.7752540346682606,0.1,39.80620847902718,0
WRK-007151,0.7752540346682606,0.1,7.178264920668353,0
WRK-007152,0.7752540346682606,0.1,5.203443376658345,0
WRK-007153,0.7752540346682606,0.1,8.484999398063998,0
WRK-007154,0.7752540346682606,0.1,19.07006677840378,1
WRK-007155,0.7752540346682606,0.1,6.965972180999492,1
WRK-007156,0.7752540346682606,0.1,132.73999966303893,4
WRK-007157,0.7752540346682606,0.1,9.47202094691178,1
WRK-007158,0.7752540346682606,0.1,6.400762995996814,1
WRK-007159,0.7752540346682606,0.1,16.091158053127845,0
WRK-007160,0.7752540346682606,0.1,33.5330155435349,1
WRK-007161,0.7752540346682606,0.1,10.458310021806202,2
WRK-007162,0.7752540346682606,0.1,46.13245729776374,0
WRK-007163,0.7752540346682606,0.1,21.249521474571466,1
WRK-007164,0.7752540346682606,0.1,12.993321760561972,0
WRK-007165,0.7752540346682606,0.1,24.209679144329712,0
WRK-007166,0.7752540346682606,0.1,34.022463458553105,0
WRK-007167,0.7752540346682606,0.1,20.476598098053508,0
WRK-007168,0.7752540346682606,0.1,1.9971722178496258,1
WRK-007169,0.7752540346682606,0.1,0.5742419976687088,0
WRK-007170,0.7752540346682606,0.1,32.05060932312516,0
WRK-007171,0.7752540346682606,0.1,172.82755416138616,5
WRK-007172,0.7752540346682606,0.1,15.558294081080867,0
WRK-007173,0.7752540346682606,0.1,1.9838283044521445,0
WRK-007174,0.7752540346682606,0.1,48.88845347979468,0
WRK-007175,0.7752540346682606,0.1,7.803066961309419,0
WRK-007176,0.7752540346682606,0.1,19.958836023419813,0
WRK-007177,0.7752540346682606,0.1,5.728898648759935,0
WRK-007178,0.7752540346682606,0.1,14.892406982865117,0
WRK-007179,0.7752540346682606,0.1,0.3447627820338641,0
WRK-007180,0.7752540346682606,0.1,5.975055153972887,1
WRK-007181,0.7752540346682606,0.1,27.126755669662277,0
WRK-007182,0.7752540346682606,0.1,9.572205334637788,1
WRK-007183,0.7752540346682606,0.1,12.563599232760367,1
WRK-007184,0.7752540346682606,0.1,26.733115985720744,0
WRK-007185,0.7752540346682606,0.1,5.795079650081104,0
WRK-007186,0.7752540346682606,0.1,1.193573558421688,0
WRK-007187,0.7752540346682606,0.1,9.471284501552667,0
WRK-007188,0.7752540346682606,0.1,20.606944511832804,0
WRK-007189,0.7752540346682606,0.1,16.930033036683728,0
WRK-007190,0.7752540346682606,0.1,32.85714638565422,0
WRK-007191,0.7752540346682606,0.1,58.905614159202315,1
WRK-007192,0.7752540346682606,0.1,36.95164226780158,1
WRK-007193,0.7752540346682606,0.1,4.62281819676209,0
WRK-007194,0.7752540346682606,0.1,29.250356720529854,0
WRK-007195,0.7752540346682606,0.1,20.966503566752415,0
WRK-007196,0.7752540346682606,0.1,13.701562163834776,1
WRK-007197,0.7752540346682606,0.1,5.913993349136311,0
WRK-007198,0.7752540346682606,0.1,264.5751105274234,4
WRK-007199,0.7752540346682606,0.1,9.211545582570961,0
WRK-007200,0.8,1.0,0.026923485885797824,0
WRK-007201,1.0,0.1,24.115288813854963,0
WRK-007202,1.0,0.1,6.4830864204852965,0
WRK-007203,1.0,0.1,37.133374510596845,0
WRK-007204,1.0,0.1,39.31410096544656,0
WRK-007205,1.0,1.0,2.678234793936541,0
WRK-007206,0.7752540346682606,1.0,32.435195669971165,0
WRK-007207,0.7752540346682606,1.0,8.614700058038476,1
WRK-007208,1.002004008016032,0.1,6.549799783631654,0
WRK-007209,0.7752540346682606,1.0,12.084589522043547,0
WRK-007210,1.0,0.1,200.08593884390638,5
WRK-007211,1.5,0.1,6.388642608116343,0
WRK-007212,1.0,0.1,16.460668155805948,0
WRK-007213,0.5,0.1,11.095013022142977,0
WRK-007214,1.5,0.1,39.79314175926336,0
WRK-007215,1.0,0.1,20.185584846010038,0
WRK-007216,0.5,0.1,30.613719964708007,0
WRK-007217,1.0,0.1,8.550785448707819,0
WRK-007218,1.0,0.1,27.056232498224645,0
WRK-007219,1.0,0.1,27.804523858585775,0
WRK-007220,1.6666666666666667,0.1,153.30734091866773,3
WRK-007221,1.0,0.1,7.2631876437027465,1
WRK-007222,1.0,0.1,1.4108936194471386,0
WRK-007223,1.0,0.1,14.401993984635993,0
WRK-007224,1.0,0.1,0.508877499868315,0
WRK-007225,1.0,0.1,50.527193233439306,0
WRK-007226,1.0,0.1,1.3889191531843503,1
WRK-007227,1.0,0.1,13.576593213921246,0
WRK-007228,1.0,0.1,32.58392668693492,0
WRK-007229,1.0,0.1,8.31552946862118,0
WRK-007230,1.0,0.1,28.603330399710142,0
WRK-007231,1.0,0.1,22.273496740920926,2
WRK-007232,1.0,0.1,2.9554016565346704,0
WRK-007233,1.0,0.1,22.96497527892889,0
WRK-007234,1.0,0.1,10.899094528935503,0
WRK-007235,1.0,0.1,7.949986740099643,0
WRK-007236,1.7932489451476794,0.1,21.574420198748385,0
WRK-007237,1.0,0.1,41.782979599954395,1
WRK-007238,1.0,0.1,173.59457882369978,5
WRK-007239,1.0,0.1,28.495144841807974,0
WRK-007240,1.0,0.1,19.93584405900682,0
WRK-007241,1.0,0.1,21.391943094296,0
WRK-007242,1.0,0.1,23.088506439831683,1
WRK-007243,1.0,0.1,13.784652369742199,1
WRK-007244,1.0,0.1,21.255564027880055,0
WRK-007245,0.7752540346682606,0.1,2.600615321921415,1
WRK-007246,1.0,0.1,34.205335690559814,1
WRK-007247,2.25,0.07846556233653008,5.538973703818391,0
WRK-007248,2.2222222222222223,0.23539668700959024,9.955302492888208,0
WRK-007249,0.8,1.0,60.80245204797257,0
WRK-007250,1.0,0.1,18.174311686387203,0
WRK-007251,1.9831223628691983,0.1,3.78538527352707,0
WRK-007252,0.8695652173913043,0.3182214472537053,0.2620476102571679,0
WRK-007253,1.0376569037656904,0.1,2.462634150900039,0
WRK-007254,1.0376569037656904,0.1,3.4925690302646513,0
WRK-007255,1.0376569037656904,0.1,13.438224508902039,1
WRK-007256,1.0376569037656904,0.1,14.465869387615227,1
WRK-007257,1.0376569037656904,0.1,9.48894828074741,0
WRK-007258,1.0376569037656904,0.1,10.778860232053724,0
WRK-007259,1.0376569037656904,0.1,55.109172887670454,0
WRK-007260,1.0376569037656904,0.1,21.543970127407007,0
WRK-007261,18.0,1.0,13.180315688034131,1
WRK-007262,1.002004008016032,0.1,6.385871147924755,1
WRK-007263,1.0,0.1,3.4872019376737136,0
WRK-007264,0.4997,0.1566579634464752,3.3970198500229714,0
WRK-007265,0.4,1.0,20.547161430751903,0
WRK-007266,0.6877820336201613,1.0,1.6872865976038294,0
WRK-007267,2.6666666666666665,0.1,18.686527228776818,2
WRK-007268,0.1,1.0,133.72489885253523,3
WRK-007269,0.8,0.23478260869565218,8.221145668162844,0
WRK-007270,1.4140088571839837,0.1,126.6398511967219,0
WRK-007271,1.4140088571839837,0.1,8.10481673629055,0
WRK-007272,1.4214864291415934,0.1,9.859572853054093,0
WRK-007273,1.4140088571839837,0.1,91.49203857125526,1
WRK-007274,1.4214864291415934,0.1,9.347721188492601,0
WRK-007275,1.4140088571839837,0.1,10.925777507899912,1
WRK-007276,1.4214864291415934,0.1,29.29731642192147,0
WRK-007277,1.4214864291415934,0.1,34.533718797567346,1
WRK-007278,0.5,1.0,25.29694007310347,0
WRK-007279,0.5,1.0,15.840976112448077,0
WRK-007280,0.5,1.0,4.286902956146441,1
WRK-007281,1.0,1.0,2.447168558476597,0
WRK-007282,0.40816326530612246,1.0,0.529399815742916,0
WRK-007283,0.9946204423191871,0.1,18.12078613557601,0
WRK-007284,0.9946204423191871,0.1,30.28594127166841,0
WRK-007285,0.9946204423191871,0.1,17.277755033803196,0
WRK-007286,0.9946204423191871,0.1,1.8999709486429914,1
WRK-007287,0.9946204423191871,0.1,4.65443588624387,2
WRK-007288,0.9946204423191871,0.1,8.648001831188834,1
WRK-007289,0.9946204423191871,0.1,290.1784418861785,3
WRK-007290,0.9946204423191871,0.1,10.423444702054763,0
WRK-007291,0.9946204423191871,0.1,23.473338445189963,0
WRK-007292,0.9946204423191871,0.1,41.51870968801365,0
WRK-007293,0.9946204423191871,0.1,47.25137296588712,0
WRK-007294,0.9946204423191871,0.1,45.128847517815245,1
WRK-007295,0.9946204423191871,0.1,2.0272916730561747,0
WRK-007296,0.9946204423191871,0.1,57.00941615547805,0
WRK-007297,0.9946204423191871,0.1,21.834551853261015,1
WRK-007298,0.9946204423191871,0.1,68.4716953101216,0
WRK-007299,0.9946204423191871,0.1,1.939065461697922,1
WRK-007300,0.9946204423191871,0.1,3.2157816502046135,0
WRK-007301,0.9946204423191871,0.1,85.81977931619514,0
WRK-007302,0.9946204423191871,0.1,21.06035706186291,0
WRK-007303,0.9946204423191871,0.1,28.067384831738323,1
WRK-007304,0.9946204423191871,0.1,33.926231205924125,0
WRK-007305,0.9946204423191871,0.1,2.5275555978798554,0
WRK-007306,0.9946204423191871,0.1,5.663131172085617,0
WRK-007307,0.9946204423191871,0.1,0.12580712928846252,0
WRK-007308,0.9946204423191871,0.1,85.05771601204712,0
WRK-007309,0.9946204423191871,0.1,10.961919960091755,0
WRK-007310,0.9946204423191871,0.1,0.9301458184728105,1
WRK-007311,0.9946204423191871,0.1,0.20275950977862553,1
WRK-007312,0.9946204423191871,0.1,5.542266759495033,0
WRK-007313,0.9946204423191871,0.1,4.911782773658848,0
WRK-007314,0.9946204423191871,0.1,45.18509012498299,0
WRK-007315,0.9946204423191871,0.1,1.5515679985746802,1
WRK-007316,0.9946204423191871,0.1,20.13680192587597,1
WRK-007317,0.9946204423191871,0.1,8.981778333719939,0
WRK-007318,0.9946204423191871,0.1,1.4337769274076038,0
WRK-007319,0.9946204423191871,0.1,5.1661478615748795,0
WRK-007320,0.9946204423191871,0.1,42.47015706556396,1
WRK-007321,0.9946204423191871,0.1,4.2402608664635135,0
WRK-007322,0.9946204423191871,0.1,12.463927847060585,1
WRK-007323,0.9946204423191871,0.1,43.811798015076505,0
WRK-007324,0.9946204423191871,0.1,11.346258111777654,0
WRK-007325,0.9946204423191871,0.1,94.8590406261382,0
WRK-007326,0.9946204423191871,0.1,22.029241236679077,1
WRK-007327,0.9946204423191871,0.1,11.925674369753366,0
WRK-007328,0.9946204423191871,0.1,32.9486351828294,1
WRK-007329,3.3333333333333335,0.1,12.619420590250126,0
WRK-007330,1.0376569037656904,0.1,12.552736305281691,1
WRK-007331,1.0376569037656904,0.1,16.366151957293372,0
WRK-007332,1.0376569037656904,0.1,8.28440860463974,1
WRK-007333,1.0376569037656904,0.1,14.340210054094307,1
WRK-007334,1.0376569037656904,0.1,247.00436316206174,3
WRK-007335,1.0376569037656904,0.1,26.9983475636773,0
WRK-007336,1.0376569037656904,0.1,283.6083084208118,3
WRK-007337,1.0376569037656904,0.1,11.187583345926749,1
WRK-007338,1.0376569037656904,0.1,4.886501184634198,0
WRK-007339,0.9946204423191871,0.1,5.235499899212362,0
WRK-007340,0.9946204423191871,0.1,11.536745499860398,0
WRK-007341,0.9946204423191871,0.1,24.745667563496973,0
WRK-007342,0.9946204423191871,0.1,5.5253856836359585,0
WRK-007343,0.9946204423191871,0.1,5.085959260154917,0
WRK-007344,0.9946204423191871,0.1,32.7065211320684,2
WRK-007345,0.9946204423191871,0.1,5.0771380583383685,1
WRK-007346,0.9946204423191871,0.1,7.824441323877453,0
WRK-007347,0.9946204423191871,0.1,6.438969500279369,0
WRK-007348,0.9946204423191871,0.1,3.592259961398952,1
WRK-007349,0.9946204423191871,0.1,30.294720062184144,0
WRK-007350,0.9946204423191871,0.1,87.27799467763894,0
WRK-007351,0.9946204423191871,0.1,284.0703124919242,5
WRK-007352,0.9946204423191871,0.1,7.862231557315182,1
WRK-007353,0.9946204423191871,0.1,7.392101877691175,1
WRK-007354,0.9946204423191871,0.1,3.857893423354773,0
WRK-007355,0.9946204423191871,0.1,14.521962595925626,1
WRK-007356,0.9946204423191871,0.1,45.20212989938344,0
WRK-007357,0.9946204423191871,0.1,1.0551780162030606,0
WRK-007358,0.9946204423191871,0.1,39.84277888732498,0
WRK-007359,0.9946204423191871,0.1,7.909579978463487,0
WRK-007360,0.9946204423191871,0.1,44.83799045009434,0
WRK-007361,0.9946204423191871,0.1,9.257522380957152,1
WRK-007362,0.9946204423191871,0.1,5.728064759092737,0
WRK-007363,0.9946204423191871,0.1,0.6759254922783362,0
WRK-007364,0.9946204423191871,0.1,0.08614363813844209,0
WRK-007365,0.9397116644823067,0.1,25.890336726917496,1
WRK-007366,0.9946204423191871,0.1,46.85227647084223,0
WRK-007367,0.9573224370318354,0.15638575152041703,12.225032907629538,0
WRK-007368,0.0,1.0,17.72482863980305,0
WRK-007369,1.492949,1.0,0.45329368624495375,0
WRK-007370,1.434167,1.0,32.19997268774128,0
WRK-007371,0.6738197424892703,1.0,13.324031334245268,0
WRK-007372,0.974925,1.0,53.92293364481247,0
WRK-007373,0.9946204423191871,0.1,19.391755904212754,1
WRK-007374,1.8690835850956697,0.1,12.249338585626832,1
WRK-007375,1.0376569037656904,0.1,0.13372677187223797,0
WRK-007376,1.0376569037656904,0.1,38.91805965119086,0
WRK-007377,1.0376569037656904,0.1,20.846240411000018,0
WRK-007378,1.0376569037656904,0.1,20.040543946077747,0
WRK-007379,0.9946204423191871,0.1,44.0872416873092,0
WRK-007380,0.9397116644823067,0.1,3.8443221897450424,0
WRK-007381,0.9397116644823067,0.1,149.3751768620617,5
WRK-007382,0.9397116644823067,0.1,1.8456971649619036,0
WRK-007383,0.9397116644823067,0.1,1.1677507362981552,1
WRK-007384,1.0527426160337552,0.1,46.89983709127391,1
WRK-007385,1.0253164556962024,0.1,53.72949666328954,0
WRK-007386,0.9989451476793249,0.1,2.949695489886251,0
WRK-007387,0.959915611814346,0.1,5.926971061659976,0
WRK-007388,1.0443037974683544,0.1,8.564893778734428,0
WRK-007389,0.9946204423191871,0.1,39.26531601562165,0
WRK-007390,1.0376569037656904,0.1,35.934939319292106,0
WRK-007391,1.0376569037656904,0.1,7.4729747784355505,0
WRK-007392,0.9946204423191871,0.1,29.6307753358986,0
WRK-007393,1.0376569037656904,0.1,0.7373864097216707,0
WRK-007394,0.6738197424892703,1.0,5.367994248774236,0
WRK-007395,0.59858,1.0,14.494221605330935,0
WRK-007396,1.0376569037656904,0.1,12.850327309672164,0
WRK-007397,1.0376569037656904,0.1,10.931070082169,0
WRK-007398,1.0376569037656904,0.1,2.9732757192028236,0
WRK-007399,0.9946204423191871,0.1,243.3042891034932,2
WRK-007400,1.0376569037656904,0.1,4.738501049785256,1
WRK-007401,0.9946204423191871,0.1,31.717945960633113,0
WRK-007402,0.9946204423191871,0.1,27.19466964481103,0
WRK-007403,2.4502730150782455,0.15638575152041703,9.991286917462105,0
WRK-007404,0.9946204423191871,0.1,14.286807849910856,0
WRK-007405,0.7771936979907823,1.0,12.241289177932238,1
WRK-007406,0.9946204423191871,0.1,95.18578592448769,2
WRK-007407,0.9946204423191871,0.1,11.283053125997087,0
WRK-007408,0.9946204423191871,0.1,46.58832153388119,0
WRK-007409,0.9946204423191871,0.1,31.223508079660384,1
WRK-007410,0.9946204423191871,0.1,22.043487465022075,0
WRK-007411,0.9946204423191871,0.1,0.850184515843187,0
WRK-007412,0.9946204423191871,0.1,10.524082636902614,0
WRK-007413,0.9946204423191871,0.1,49.11969643024509,0
WRK-007414,0.9946204423191871,0.1,27.618210833120248,1
WRK-007415,0.9946204423191871,0.1,42.389968101746405,1
WRK-007416,2.0,0.1,9.633307104895604,0
WRK-007417,2.0,0.1,0.3776171798910126,0
WRK-007418,3.99,0.1,37.973327685253096,0
WRK-007419,1.0,0.1,14.055077736063508,0
WRK-007420,1.0,0.1,136.44141202382275,2
WRK-007421,1.0,0.1,12.207402170031905,0
WRK-007422,2.0,0.1,8.170506125777525,1
WRK-007423,3.99,0.1,4.728894847748788,0
WRK-007424,1.0,0.1,11.612940700620541,0
WRK-007425,1.0,0.1,3.919866754257464,0
WRK-007426,1.0,0.1,59.861198875733464,1
WRK-007427,1.0,0.1,3.2799178207490227,1
WRK-007428,1.0,0.1,17.912793103289573,0
WRK-007429,1.0,0.1,37.80240870182332,1
WRK-007430,1.0,0.1,28.138277616042657,0
WRK-007431,1.0,0.1,10.137875136108383,0
WRK-007432,1.0,0.1,26.1330365441001,0
WRK-007433,1.0,0.1,10.219209611465502,0
WRK-007434,1.0,0.1,8.10160984382528,0
WRK-007435,1.0,0.1,6.84745908968472,0
WRK-007436,1.1111111111111112,1.0,3.379394516141756,1
WRK-007437,0.96,0.1,15.077511398679246,0
WRK-007438,0.8888888888888888,0.1,18.823748971646378,0
WRK-007439,1.0,0.1,12.093613929304306,1
WRK-007440,0.9946204423191871,0.1,5.388089119964755,0
WRK-007441,0.9946204423191871,0.1,4.965250244564913,1
WRK-007442,0.5,1.0,224.55437460293092,3
WRK-007443,0.5,1.0,21.050492353469576,0
WRK-007444,0.5,1.0,58.04264075837996,0
WRK-007445,0.9946204423191871,0.1,24.182552408160298,0
WRK-007446,0.9946204423191871,0.1,36.26946393942213,0
WRK-007447,1.0,0.1,6.405574846154907,0
WRK-007448,0.5,0.1,245.69736953132173,2
WRK-007449,0.9946204423191871,0.1,0.21572101645215877,0
WRK-007450,0.6,0.15625,16.259048756610575,0
WRK-007451,0.9946204423191871,0.1,61.142195261535846,0
WRK-007452,0.9946204423191871,0.1,9.66820055504688,1
WRK-007453,0.9946204423191871,0.1,10.060064323935835,0
WRK-007454,0.9946204423191871,0.1,12.639889030245119,1
WRK-007455,0.5,1.0,27.272044068493393,0
WRK-007456,1.0,0.1,2.5289131029785366,0
WRK-007457,0.9946204423191871,0.1,19.65712642660633,1
WRK-007458,0.9946204423191871,0.1,35.300152703924866,0
WRK-007459,0.9946204423191871,0.1,10.513936475873834,0
WRK-007460,0.9946204423191871,0.1,15.246021513666756,1
WRK-007461,1.0,0.1,44.634959569472564,1
WRK-007462,1.0233510093962228,0.1,18.163238885440585,0
WRK-007463,7.6,0.1,2.438866508850083,0
WRK-007464,4.166838,0.1,261.5442323669075,2
WRK-007465,0.75,0.1,4.94054324513319,0
WRK-007466,1.0,0.1,15.965480852926582,0
WRK-007467,1.25,1.0,20.37799610248918,0
WRK-007468,0.9523809523809523,1.0,9.285091181742752,0
WRK-007469,0.8571428571428571,1.0,5.561813577819718,0
WRK-007470,1.3333333333333333,0.2341717259323504,49.37973089372066,0
WRK-007471,0.8333333333333334,0.1,20.911890819286207,0
WRK-007472,1.4285714285714286,0.1,14.458187891574088,0
WRK-007473,1.4285714285714286,0.1,8.17741029297511,0
WRK-007474,1.4285714285714286,0.1,243.07753602072268,5
WRK-007475,1.4285714285714286,0.1,17.104762999132596,0
WRK-007476,1.4285714285714286,0.1,66.31248351728762,0
WRK-007477,1.4285714285714286,0.1,11.204232109813411,0
WRK-007478,0.9303190994511117,0.1,34.622678462802384,0
WRK-007479,0.6666666666666666,0.1,28.82386238039629,0
WRK-007480,0.8888888888888888,0.1,14.117528807346604,1
WRK-007481,1.6666666666666667,0.1,20.480610498068188,0
WRK-007482,2.857142857142857,0.1,51.335337411629624,0
WRK-007483,1.0,0.1,4.365131367203958,0
WRK-007484,0.6118933100131176,0.2339688041594454,0.3060722761900263,0
WRK-007485,0.6667111140742716,1.0,11.534309755905623,1
WRK-007486,0.501002004008016,0.1,3.2854975508412814,0
WRK-007487,0.9,1.0,4.350412894158195,0
WRK-007488,1.0,1.0,52.33197841269546,0
WRK-007489,1.0,0.1559792027729636,10.758076465224919,0
WRK-007490,0.9085475194261805,0.1,3.546858397347937,0
WRK-007491,0.9085475194261805,0.1,18.02230624343694,1
WRK-007492,0.9085475194261805,0.1,188.94739066919595,4
WRK-007493,0.9085475194261805,0.1,5.838131382783467,0
WRK-007494,0.9085475194261805,0.1,10.287073169950286,0
WRK-007495,0.9085475194261805,0.1,21.08359166909353,2
WRK-007496,0.9085475194261805,0.1,44.16440804317489,1
WRK-007497,0.9085475194261805,0.1,0.41898812873891755,0
WRK-007498,0.9085475194261805,0.1,11.382410190807297,0
WRK-007499,0.9085475194261805,0.1,3.314577343447804,0
WRK-007500,0.9085475194261805,0.1,25.31986862193318,0
WRK-007501,0.9085475194261805,0.1,15.190843511568632,0
WRK-007502,0.9085475194261805,0.1,232.05764727493698,4
WRK-007503,0.9085475194261805,0.1,3.4215057890716816,3
WRK-007504,0.9085475194261805,0.1,20.911219871485006,0
WRK-007505,0.9085475194261805,0.1,9.579429763324711,0
WRK-007506,1.0,0.1,27.154073993446744,0
WRK-007507,1.0,0.1559792027729636,15.806515275650387,0
WRK-007508,0.9085475194261805,0.1,8.230470699921801,1
WRK-007509,1.0,0.1559792027729636,40.13674355022872,0
WRK-007510,0.5,1.0,20.713438245268577,1
WRK-007511,1.0,1.0,27.346813882229746,1
WRK-007512,1.0,1.0,14.789142614700822,0
WRK-007513,1.0,1.0,18.26825421686968,0
WRK-007514,0.9085475194261805,0.1,17.712243309492568,0
WRK-007515,0.9085475194261805,0.1,10.617019361844873,0
WRK-007516,0.9085475194261805,0.1,7.118401798099439,2
WRK-007517,0.9085475194261805,0.1,41.639687210439476,0
WRK-007518,0.9085475194261805,0.1,7.780474078114485,0
WRK-007519,0.9085475194261805,0.1,2.553025949187149,0
WRK-007520,0.9085475194261805,0.1,10.322436464330739,0
WRK-007521,0.9085475194261805,0.1,20.1141636411344,0
WRK-007522,0.9085475194261805,0.1,33.920665278296944,0
WRK-007523,0.9085475194261805,0.1,15.987837716458282,0
WRK-007524,0.9085475194261805,0.1,27.754942590394094,0
WRK-007525,0.9085475194261805,0.1,43.013845043927795,0
WRK-007526,0.9085475194261805,0.1,33.31817283340287,0
WRK-007527,0.9085475194261805,0.1,7.831891741855486,0
WRK-007528,0.9085475194261805,0.1,36.5505332650867,0
WRK-007529,0.9085475194261805,0.1,34.9827977496069,0
WRK-007530,0.9085475194261805,0.1,6.0969638729852695,1
WRK-007531,0.9085475194261805,0.1,5.0921113548923564,1
WRK-007532,0.9085475194261805,0.1,240.36605618346667,5
WRK-007533,0.9085475194261805,0.1,21.285291054070438,0
WRK-007534,0.9085475194261805,0.1,13.330198163167523,0
WRK-007535,0.9085475194261805,0.1,34.505096517031255,0
WRK-007536,0.9085475194261805,0.1,0.8411366691256728,0
WRK-007537,0.9085475194261805,0.1,2.440343970728403,0
WRK-007538,0.9085475194261805,0.1,31.664491862402166,0
WRK-007539,0.9085475194261805,0.1,20.073468897388693,0
WRK-007540,0.9085475194261805,0.1,0.8278937214982853,0
WRK-007541,0.9085475194261805,0.1,1.1617597376689184,0
WRK-007542,0.9085475194261805,0.1,16.986377368949135,1
WRK-007543,0.9085475194261805,0.1,6.596860051944473,0
WRK-007544,0.9085475194261805,0.1,9.073154976631134,0
WRK-007545,0.9085475194261805,0.1,35.25797430314606,0
WRK-007546,0.9085475194261805,0.1,24.11976104697315,0
WRK-007547,0.9085475194261805,0.1,188.04154411387123,4
WRK-007548,0.9085475194261805,0.1,24.955062931562825,2
WRK-007549,0.9085475194261805,0.1,12.291157694704378,1
WRK-007550,0.9085475194261805,0.1,12.396088026582479,1
WRK-007551,0.9085475194261805,0.1,39.07962639372216,1
WRK-007552,0.9085475194261805,0.1,0.8798320848128909,0
WRK-007553,0.9085475194261805,0.1,22.435355045019364,1
WRK-007554,0.9085475194261805,0.1,3.1923507725853484,0
WRK-007555,0.9085475194261805,0.1,21.378955041867474,0
WRK-007556,0.9085475194261805,0.1,1.6467718859943976,0
WRK-007557,0.9085475194261805,0.1,93.48419561324422,0
WRK-007558,0.9085475194261805,0.1,265.69150236226915,5
WRK-007559,0.9085475194261805,0.1,3.0559358207777882,0
WRK-007560,0.9085475194261805,0.1,17.04520035342227,1
WRK-007561,0.9085475194261805,0.1,78.20967536069634,1
WRK-007562,0.9085475194261805,0.1,8.07942153525928,1
WRK-007563,0.9085475194261805,0.1,23.77775184585073,1
WRK-007564,0.9085475194261805,0.1,88.32369196719993,0
WRK-007565,0.9085475194261805,0.1,24.58150961093939,1
WRK-007566,0.9085475194261805,0.1,5.936155964764119,0
WRK-007567,0.9085475194261805,0.1,27.339696295174743,0
WRK-007568,0.9085475194261805,0.1,19.40087764781088,1
WRK-007569,0.9085475194261805,0.1,2.4768771960409492,0
WRK-007570,0.9085475194261805,0.1,7.425601503669482,1
WRK-007571,0.9085475194261805,0.1,1.5456923968999836,0
WRK-007572,0.9085475194261805,0.1,4.661846762368862,0
WRK-007573,0.9085475194261805,0.1,189.2151303688718,3
WRK-007574,0.9085475194261805,0.1,0.7863720497951661,0
WRK-007575,0.9085475194261805,0.1,17.09051533790767,0
WRK-007576,0.9085475194261805,0.1,5.012302265791497,0
WRK-007577,0.9085475194261805,0.1,16.417552647611956,1
WRK-007578,0.9085475194261805,0.1,23.64809481023798,1
WRK-007579,0.9085475194261805,0.1,15.578971604085446,0
WRK-007580,0.9085475194261805,0.1,17.39362593784235,0
WRK-007581,0.9085475194261805,0.1,3.9457023444562633,0
WRK-007582,0.9085475194261805,0.1,84.32476679261069,0
WRK-007583,0.9085475194261805,0.1,295.52730916314766,2
WRK-007584,0.9085475194261805,0.1,6.00942456387335,0
WRK-007585,0.9085475194261805,0.1,45.25995622347573,0
WRK-007586,0.9085475194261805,0.1,27.061133735276684,0
WRK-007587,0.9085475194261805,0.1,3.1092097235431897,0
WRK-007588,0.9085475194261805,0.1,1.2050602793835197,0
WRK-007589,0.9085475194261805,0.1,7.69627988708315,0
WRK-007590,0.9085475194261805,0.1,76.96462602264799,0
WRK-007591,0.9085475194261805,0.1,31.293844955370194,2
WRK-007592,0.9085475194261805,0.1,14.14858737585848,0
WRK-007593,0.9085475194261805,0.1,0.2649879693082199,0
WRK-007594,0.9085475194261805,0.1,8.50032660601914,0
WRK-007595,0.9085475194261805,0.1,7.149467295145325,0
WRK-007596,0.9085475194261805,0.1,58.36024174590902,0
WRK-007597,0.9085475194261805,0.1,0.4524211697070474,1
WRK-007598,0.9085475194261805,0.1,0.33505669807083555,0
WRK-007599,0.9085475194261805,0.1,21.967367836709094,1
WRK-007600,0.9085475194261805,0.1,2.7479363166877793,1
WRK-007601,0.9085475194261805,0.1,208.0089896747554,3
WRK-007602,0.9085475194261805,0.1,1.9227360506758917,2
WRK-007603,0.9085475194261805,0.1,3.9908654628024944,0
WRK-007604,0.9085475194261805,0.1,8.307262167764812,0
WRK-007605,0.9085475194261805,0.1,18.43817018342162,0
WRK-007606,0.9085475194261805,0.1,27.142331614640568,0
WRK-007607,0.9085475194261805,0.1,16.245149189781625,0
WRK-007608,0.9085475194261805,0.1,0.5019142834211655,0
WRK-007609,0.9085475194261805,0.1,10.042466803953518,0
WRK-007610,0.9085475194261805,0.1,3.594238148082178,0
WRK-007611,0.9085475194261805,0.1,3.7842843402558386,0
WRK-007612,0.9085475194261805,0.1,12.659014545824576,0
WRK-007613,0.9085475194261805,0.1,26.705157615818717,0
WRK-007614,0.9085475194261805,0.1,4.918209731265476,0
WRK-007615,0.9085475194261805,0.1,30.485018942256758,0
WRK-007616,0.9085475194261805,0.1,27.03882729559048,0
WRK-007617,1.0,0.23376623376623376,51.76021376285633,0
WRK-007618,2.5,0.1,39.31988793410442,0
WRK-007619,2.5,0.1,14.317804905924095,0
WRK-007620,2.5,0.1,4.38776144744296,0
WRK-007621,2.5,0.1,22.787093527949583,0
WRK-007622,2.5,0.1,60.92477735339835,0
WRK-007623,2.5,0.1,40.80188290657116,0
WRK-007624,2.5,0.1,7.67302486776943,0
WRK-007625,2.5,0.1,72.4429411841374,0
WRK-007626,2.5,0.1,142.88086405224325,3
WRK-007627,2.5,0.1,15.384679315977172,1
WRK-007628,2.5,0.1,12.780517846457114,0
WRK-007629,2.5,0.1,39.057657268383764,1
WRK-007630,6.004208,0.1,11.880277344324742,1
WRK-007631,1.0,0.1,26.45215871010133,0
WRK-007632,1.0,0.1,9.697574738413321,2
WRK-007633,1.0,0.1,4.216527304981372,0
WRK-007634,1.1381268934022009,1.0,32.0822678723073,0
WRK-007635,1.1381268934022009,1.0,14.802653663409053,0
WRK-007636,1.1381268934022009,1.0,32.45229513467976,1
WRK-007637,1.1381268934022009,1.0,15.0898510794341,1
WRK-007638,1.1381268934022009,1.0,8.378391966360827,0
WRK-007639,0.9085475194261805,0.1,9.746628657044063,0
WRK-007640,1.1381268934022009,1.0,92.98095060461483,0
WRK-007641,1.1381268934022009,1.0,42.79751116248729,0
WRK-007642,1.1381268934022009,1.0,38.50240289935201,0
WRK-007643,1.1381268934022009,1.0,29.11922712779138,2
WRK-007644,1.1381268934022009,1.0,3.6371343932976323,0
WRK-007645,1.1381268934022009,1.0,20.647475441689668,0
WRK-007646,1.1677,1.0,13.984560599042142,0
WRK-007647,1.0279,1.0,18.798718744211456,0
WRK-007648,1.4864,1.0,10.567780699061792,0
WRK-007649,0.9085475194261805,0.1,40.161094837444864,1
WRK-007650,1.1381268934022009,1.0,27.57834491468506,1
WRK-007651,1.1381268934022009,1.0,20.238742575229484,0
WRK-007652,1.1381268934022009,1.0,9.491697625805768,0
WRK-007653,1.1381268934022009,1.0,12.527186301921828,1
WRK-007654,0.9085475194261805,0.1,19.15153800411208,1
WRK-007655,1.2907,1.0,0.058818087554418114,1
WRK-007656,1.2222,1.0,14.19916041312451,0
WRK-007657,0.9085475194261805,0.1,26.99854309885616,1
WRK-007658,0.9162,1.0,32.552147801513314,0
WRK-007659,0.9085475194261805,0.1,10.776512563891194,0
WRK-007660,0.9085475194261805,0.1,9.882860458132734,1
WRK-007661,0.9085475194261805,0.1,76.53898608402257,1
WRK-007662,0.9085475194261805,0.1,3.711699315345517,0
WRK-007663,1.1381268934022009,1.0,12.435611722236732,0
WRK-007664,0.9085475194261805,0.1,12.60898082422848,0
WRK-007665,1.1381268934022009,1.0,20.764180898472304,0
WRK-007666,1.1381268934022009,1.0,17.397761945527538,1
WRK-007667,0.9085475194261805,0.1,17.377797899189886,0
WRK-007668,0.9085475194261805,0.1,9.398136206871774,0
WRK-007669,0.9085475194261805,0.1,28.425972953373652,1
WRK-007670,0.9085475194261805,0.1,32.50565267843172,0
WRK-007671,1.1381268934022009,1.0,31.364879285357542,1
WRK-007672,0.9085475194261805,0.1,12.384287017329253,0
WRK-007673,0.9085475194261805,0.1,18.118662461328224,1
WRK-007674,1.4977,1.0,5.411926272096576,0
WRK-007675,0.9085475194261805,0.1,18.3298668098508,0
WRK-007676,0.9085475194261805,0.1,18.146670920569097,0
WRK-007677,0.9085475194261805,0.1,11.606875824610674,0
WRK-007678,0.9085475194261805,0.1,67.32396037620417,0
WRK-007679,0.9085475194261805,0.1,6.042147512625541,1
WRK-007680,0.9085475194261805,0.1,1.0116986186811547,0
WRK-007681,0.9085475194261805,0.1,63.31635761335619,1
WRK-007682,0.9085475194261805,0.1,38.927906813869114,0
WRK-007683,0.9085475194261805,0.1,2.888687871253669,0
WRK-007684,1.1846981470412432,0.1,11.067179102965621,0
WRK-007685,1.1846981470412432,0.1,3.553998509214252,0
WRK-007686,1.1846981470412432,0.1,129.57297433902914,3
WRK-007687,1.1846981470412432,0.1,3.30443644638597,0
WRK-007688,1.1846981470412432,0.1,19.377614158287273,0
WRK-007689,1.1846981470412432,0.1,7.386800692266196,0
WRK-007690,1.1846981470412432,0.1,53.041695969160834,0
WRK-007691,1.1846981470412432,0.1,12.151770035843672,0
WRK-007692,1.1846981470412432,0.1,19.664033843144622,1
WRK-007693,1.1846981470412432,0.1,7.022176729390215,0
WRK-007694,1.1846981470412432,0.1,12.626252320259441,0
WRK-007695,1.1846981470412432,0.1,1.0183197363230576,0
WRK-007696,1.1846981470412432,0.1,6.593350685394716,0
WRK-007697,1.1846981470412432,0.1,16.78843410842568,0
WRK-007698,1.1846981470412432,0.1,5.764648503197083,1
WRK-007699,1.1846981470412432,0.1,3.4072250058139475,0
WRK-007700,1.1846981470412432,0.1,0.6807185185788669,0
WRK-007701,1.1846981470412432,0.1,9.837008869924496,0
WRK-007702,1.1846981470412432,0.1,40.583810779019124,0
WRK-007703,1.1846981470412432,0.1,24.78510429267886,0
WRK-007704,1.1846981470412432,0.1,68.40387465952746,0
WRK-007705,1.1846981470412432,0.1,24.61182300491739,0
WRK-007706,1.1846981470412432,0.1,9.099597574735837,1
WRK-007707,6.5,0.23336214347450301,38.503857747069105,1
WRK-007708,1.1846981470412432,0.1,28.17797249210208,0
WRK-007709,1.1846981470412432,0.1,12.755811150908551,0
WRK-007710,1.1846981470412432,0.1,100.81474186005586,0
WRK-007711,1.1846981470412432,0.1,61.07516685472308,0
WRK-007712,1.1846981470412432,0.1,2.5003649925064235,2
WRK-007713,1.1846981470412432,0.1,62.72695271283284,0
WRK-007714,1.1846981470412432,0.1,16.368586057666903,1
WRK-007715,1.1846981470412432,0.1,20.150112034010416,0
WRK-007716,1.1846981470412432,0.1,28.639161064377788,0
WRK-007717,2.5,0.1,3.454971916416079,0
WRK-007718,1.1846981470412432,0.1,14.88181738351429,0
WRK-007719,1.1846981470412432,0.1,3.689150365707178,0
WRK-007720,1.1846981470412432,0.1,11.297275343386804,0
WRK-007721,1.1846981470412432,0.1,2.0116460992927947,0
WRK-007722,1.1846981470412432,0.1,12.380887518555353,0
WRK-007723,1.1846981470412432,0.1,4.125539998875883,0
WRK-007724,1.1846981470412432,0.1,14.380685698199038,0
WRK-007725,1.1381268934022009,1.0,21.179628280748126,0
WRK-007726,0.6666666666666666,0.1,57.07451033041953,0
WRK-007727,0.6666666666666666,0.1,223.69050794229446,3
WRK-007728,0.6666666666666666,0.1,21.879012181631555,1
WRK-007729,0.8888888888888888,0.1,0.35509269832006335,0
WRK-007730,0.6666666666666666,0.1,19.243160674269188,0
WRK-007731,0.5,0.1,10.76281541847154,1
WRK-007732,0.5,0.1,17.816547200027,0
WRK-007733,1.0,0.1,163.69212391236275,5
WRK-007734,0.6349206349206349,0.1,10.79098391185542,0
WRK-007735,0.6666666666666666,0.1,42.42814471973158,1
WRK-007736,0.6666666666666666,0.1,19.176495011267825,1
WRK-007737,0.6666666666666666,0.1,178.6067106567162,3
WRK-007738,0.3333333333333333,0.1,14.016375622240123,0
WRK-007739,0.6666666666666666,0.1,2.7946432524575697,0
WRK-007740,0.8888888888888888,0.1,0.0085807326253345,0
WRK-007741,0.8888888888888888,0.1,13.72101529204102,1
WRK-007742,0.6666666666666666,0.1,16.63650743178916,0
WRK-007743,0.6666666666666666,0.1,7.587357834949677,0
WRK-007744,1.1381268934022009,1.0,15.851254263986336,0
WRK-007745,1.1381268934022009,1.0,30.64354307457808,0
WRK-007746,1.1381268934022009,1.0,11.310065658397658,1
WRK-007747,1.1381268934022009,1.0,24.96682622757661,0
WRK-007748,1.0,0.1,62.276775310778625,0
WRK-007749,1.0,1.0,35.26283385712219,0
WRK-007750,1.1381268934022009,1.0,9.833516663289842,0
WRK-007751,0.6666666666666666,0.1,5.206387144176887,0
WRK-007752,0.8888888888888888,0.1,16.109736272170274,0
WRK-007753,0.6666666666666666,0.1,39.870405318622446,0
WRK-007754,0.6666666666666666,0.1,22.19496922856823,0
WRK-007755,1.6915720263000598,0.1,53.96334130197984,0
WRK-007756,1.6915720263000598,0.1,57.13957465085237,0
WRK-007757,1.6915720263000598,0.1,13.320179979365001,0
WRK-007758,1.6915720263000598,0.1,30.610179701115698,0
WRK-007759,1.6915720263000598,0.1,13.487343538930523,0
WRK-007760,1.6915720263000598,0.1,0.03958060164120987,0
WRK-007761,1.6915720263000598,0.1,112.21797639933345,1
WRK-007762,1.6915720263000598,0.1,18.138228396712172,1
WRK-007763,1.6915720263000598,0.1,13.079282645932109,0
WRK-007764,1.6915720263000598,0.1,1.818466172399456,0
WRK-007765,1.6915720263000598,0.1,5.966919725749263,1
WRK-007766,1.6915720263000598,0.1,6.4505018526364575,0
WRK-007767,1.6915720263000598,0.1,24.615777201013284,0
WRK-007768,1.6915720263000598,0.1,42.438525495959134,3
WRK-007769,1.6915720263000598,0.1,1.5118521713580484,0
WRK-007770,1.6915720263000598,0.1,20.27844862250134,0
WRK-007771,1.6915720263000598,0.1,1.9126590170327957,0
WRK-007772,1.6915720263000598,0.1,8.171782789285436,0
WRK-007773,1.6915720263000598,0.1,104.11949310826502,0
WRK-007774,1.6915720263000598,0.1,19.968979858726467,0
WRK-007775,1.6915720263000598,0.1,14.04397953679809,0
WRK-007776,1.6915720263000598,0.1,43.88600901413571,0
WRK-007777,1.6915720263000598,0.1,24.360561889569627,0
WRK-007778,1.6915720263000598,0.1,5.842591002518175,1
WRK-007779,1.6915720263000598,0.1,16.57772087430986,0
WRK-007780,1.6915720263000598,0.1,17.118275994400477,0
WRK-007781,1.6915720263000598,0.1,17.32211283695694,0
WRK-007782,1.6915720263000598,0.1,8.164931420393426,0
WRK-007783,1.6915720263000598,0.1,21.633716585565793,1
WRK-007784,1.6915720263000598,0.1,11.328785278186839,0
WRK-007785,1.6915720263000598,0.1,50.06905381907455,0
WRK-007786,1.6915720263000598,0.1,6.298476545228513,0
WRK-007787,1.6915720263000598,0.1,22.32155854261884,0
WRK-007788,1.6915720263000598,0.1,21.287573990727413,0
WRK-007789,1.6915720263000598,0.1,9.325774398032525,0
WRK-007790,1.6915720263000598,0.1,4.162186385424081,0
WRK-007791,1.6915720263000598,0.1,1.8120168359934319,0
WRK-007792,1.6915720263000598,0.1,20.38210021611762,0
WRK-007793,1.6915720263000598,0.1,10.889090793089514,0
WRK-007794,1.6915720263000598,0.1,12.65643675723621,0
WRK-007795,1.6915720263000598,0.1,10.02169722980125,0
WRK-007796,1.6915720263000598,0.1,2.7651164326014372,0
WRK-007797,1.6915720263000598,0.1,12.189259395061224,0
WRK-007798,1.6915720263000598,0.1,0.3037092908815495,0
WRK-007799,1.6915720263000598,0.1,9.18428548600219,0
WRK-007800,1.6915720263000598,0.1,14.560811285078001,1
WRK-007801,1.6915720263000598,0.1,47.36227132891475,0
WRK-007802,1.6915720263000598,0.1,2.7524286063252577,0
WRK-007803,1.6915720263000598,0.1,18.03491235958556,0
WRK-007804,1.6915720263000598,0.1,8.715882918755915,0
WRK-007805,1.6915720263000598,0.1,32.61073152918411,0
WRK-007806,1.6915720263000598,0.1,5.357391116714657,0
WRK-007807,1.6915720263000598,0.1,10.515804862594603,0
WRK-007808,2.2994285714285714,0.1,24.973083506616597,0
WRK-007809,0.6415238095238095,0.1,8.22161370710895,0
WRK-007810,1.1846981470412432,0.1,31.65643781201695,0
WRK-007811,1.1846981470412432,0.1,1.3343244112260713,0
WRK-007812,1.1846981470412432,0.1,214.72021438432776,5
WRK-007813,1.1846981470412432,0.1,0.48392648246201925,1
WRK-007814,1.1846981470412432,0.1,26.130726614544045,0
WRK-007815,0.99,0.1,10.335658591733077,1
WRK-007816,1.0,0.1,17.41997434068731,0
WRK-007817,2.540546089098748,0.1,1.786746493825523,0
WRK-007818,7.293333333333333,0.23316062176165803,16.8890421180041,0
WRK-007819,7.28,0.23316062176165803,6.32391239575734,0
WRK-007820,3.419831223628692,0.1,21.088048483664448,1
WRK-007821,4.210970464135021,0.1,6.95338356761984,0
WRK-007822,0.7622362869198313,0.1,9.586301380792333,0
WRK-007823,3.1265822784810124,0.1,10.303221278072947,1
WRK-007824,1.1846981470412432,0.1,111.71896069630068,1
WRK-007825,1.1846981470412432,0.1,39.485945127046584,0
WRK-007826,1.1846981470412432,0.1,0.3713243496098826,0
WRK-007827,1.1846981470412432,0.1,8.173700507363574,1
WRK-007828,1.1846981470412432,0.1,43.41861336980229,1
WRK-007829,1.1846981470412432,0.1,17.19587797812847,1
WRK-007830,1.1846981470412432,0.1,25.620836612070192,1
WRK-007831,1.1846981470412432,0.1,4.922175242315343,0
WRK-007832,1.1846981470412432,0.1,1.8545125277476449,0
WRK-007833,1.1846981470412432,0.1,5.852300669427896,1
WRK-007834,1.1846981470412432,0.1,63.50217881479712,0
WRK-007835,1.1846981470412432,0.1,16.39983339733901,2
WRK-007836,1.1846981470412432,0.1,10.806051193355284,1
WRK-007837,1.1846981470412432,0.1,19.904237978647934,0
WRK-007838,1.1846981470412432,0.1,22.633788385284465,0
WRK-007839,1.1846981470412432,0.1,22.756198648569367,1
WRK-007840,4.14662447257384,0.1,8.22524899820342,0
WRK-007841,7.613333333333333,0.1,98.6320179978432,0
WRK-007842,1.1677215189873418,0.1,5.019113307790811,0
WRK-007843,6.139240506329114,0.1,41.67068009150343,1
WRK-007844,1.2243113248797552,0.1,11.027847020082874,1
WRK-007845,1.1846981470412432,0.1,17.330081585016796,1
WRK-007846,1.4504219409282701,1.0,19.670512341537012,0
WRK-007847,1.6915720263000598,0.1,3.53738174706747,0
WRK-007848,0.5,0.15544041450777202,6.549614441942786,1
WRK-007849,1.339662447257384,1.0,21.382197580010217,0
WRK-007850,2.208227848101266,1.0,33.94077924204205,0
WRK-007851,1.2141350210970465,1.0,17.600134819227954,1
WRK-007852,1.3734177215189873,1.0,48.56063261491431,0
WRK-007853,1.8428270042194093,1.0,11.920311968609628,0
WRK-007854,1.0506329113924051,1.0,9.313758194401336,0
WRK-007855,1.1846981470412432,0.1,35.04626629779176,0
WRK-007856,1.1846981470412432,0.1,0.8489964143476039,1
WRK-007857,1.1846981470412432,0.1,33.72365576354643,2
WRK-007858,1.1846981470412432,0.1,5.86826104231158,0
WRK-007859,8.748380952380952,0.1,19.33380139448818,1
WRK-007860,1.5390295358649788,0.1,0.3311271171466015,0
WRK-007861,2.715,0.1,7.870706617656809,2
WRK-007862,2.8723628691983123,0.1,57.27982505605752,0
WRK-007863,3.7225738396624473,0.1,23.940211887274398,0
WRK-007864,1.1122278056951425,0.1,6.682569521035219,1
WRK-007865,1.6915720263000598,0.1,3.9658343966093206,1
WRK-007866,1.1846981470412432,0.1,248.46477281783407,4
WRK-007867,1.6915720263000598,0.1,4.75615853488906,0
WRK-007868,1.1846981470412432,0.1,43.11110562272998,0
WRK-007869,1.1846981470412432,0.1,20.7433615439585,1
WRK-007870,1.1846981470412432,0.1,20.354656097971613,1
WRK-007871,1.1846981470412432,0.1,45.7839275393045,1
WRK-007872,1.1846981470412432,0.1,19.91941388017745,0
WRK-007873,1.1846981470412432,0.1,100.89741952919623,1
WRK-007874,1.1846981470412432,0.1,8.874068619607936,0
WRK-007875,1.1846981470412432,0.1,18.919852448246694,2
WRK-007876,1.1846981470412432,0.1,5.407858236795942,1
WRK-007877,1.1846981470412432,0.1,15.670390107929677,0
WRK-007878,1.1846981470412432,0.1,11.294893574456403,0
WRK-007879,1.1846981470412432,0.1,3.9417465660344932,0
WRK-007880,1.1846981470412432,0.1,6.284244175745508,0
WRK-007881,1.1846981470412432,0.1,8.86003291465732,0
WRK-007882,1.1846981470412432,0.1,14.233622162295429,0
WRK-007883,1.26,0.1,24.17827296990708,0
WRK-007884,3.25,0.05176876617773943,8.355994944952695,0
WRK-007885,0.3,0.1,144.2910531523296,5
WRK-007886,0.3,0.1,39.57497616265453,0
WRK-007887,2.0,0.1,55.58998226174313,1
WRK-007888,2.0,0.07765314926660914,12.13801243650006,2
WRK-007889,1.6666666666666667,0.15530629853321828,12.100046812107461,0
WRK-007890,0.6349206349206349,0.1,1.2396276429831599,0
WRK-007891,0.8888888888888888,0.1,6.367964225662383,0
WRK-007892,1.0,0.15530629853321828,5.7157020371427265,0
WRK-007893,2.3913502109704643,0.1,16.756985828547315,0
WRK-007894,0.8333333333333334,0.1,2.7369754826631336,1
WRK-007895,0.8888888888888888,0.1,8.03179470998754,1
WRK-007896,1.6666666666666667,0.15530629853321828,25.742976367000033,0
WRK-007897,0.8888888888888888,0.1,22.492851314843705,0
WRK-007898,0.6666666666666666,0.15530629853321828,7.1274480702282315,0
WRK-007899,0.3,0.1,2.8531700301807565,0
WRK-007900,0.3,1.0,7.752699929621119,0
WRK-007901,0.6,0.1,14.229367083674463,0
WRK-007902,0.6,0.1,15.450675431351389,0
WRK-007903,2.3607594936708862,0.1,1.9321988907824523,0
WRK-007904,2.304,0.1,9.285436464743688,0
WRK-007905,0.72,0.1,37.25700075158287,0
WRK-007906,2.304,0.1,57.94814134346021,0
WRK-007907,2.304,0.1,59.382063469701336,0
WRK-007908,2.304,0.1,1.7212749459024843,0
WRK-007909,2.304,0.1,52.65297490872985,1
WRK-007910,2.304,0.1,31.810837474442515,0
WRK-007911,2.304,0.1,20.83801953941068,0
WRK-007912,2.304,0.1,13.204039669258933,0
WRK-007913,3.0428571428571427,0.1,5.514229298088092,0
WRK-007914,2.304,0.1,17.84985410824273,0
WRK-007915,2.304,0.1,2.509209977870472,2
WRK-007916,2.304,0.1,1.2620609002972627,0
WRK-007917,2.304,0.1,50.314522926847275,0
WRK-007918,2.304,0.1,5.588086152385849,0
WRK-007919,2.304,0.1,46.53601930311748,0
WRK-007920,2.304,0.1,3.574712514984709,0
WRK-007921,2.304,0.1,6.003756879842339,0
WRK-007922,2.304,0.1,4.151716230441575,0
WRK-007923,2.304,0.1,10.860650420470936,0
WRK-007924,2.304,0.1,38.89273124726608,0
WRK-007925,2.304,0.1,47.07048176681585,0
WRK-007926,2.304,0.1,13.374091040770619,0
WRK-007927,2.304,0.1,22.16670190086759,0
WRK-007928,2.304,0.1,2.0369304548866274,0
WRK-007929,2.304,0.1,1.8590157392595423,0
WRK-007930,2.304,0.1,33.21545020393622,1
WRK-007931,2.304,0.1,10.413142452379176,0
WRK-007932,2.304,0.1,28.35211078224013,1
WRK-007933,2.304,0.1,10.803812132983868,0
WRK-007934,2.304,0.1,15.447146175399162,0
WRK-007935,2.304,0.1,19.440695530921033,0
WRK-007936,0.99,1.0,12.239738424885068,0
WRK-007937,0.99,0.1,10.071127312201265,1
WRK-007938,2.0,0.1,10.00062841022412,0
WRK-007939,1.0,1.0,2.936673741070429,0
WRK-007940,0.4444444444444444,0.1,24.2066127535686,0
WRK-007941,0.5,0.1,270.59263415814206,3
WRK-007942,0.5,0.1,4.681880177859277,0
WRK-007943,0.5,1.0,10.879771096073425,0
WRK-007944,0.6666666666666666,1.0,10.999445282005064,1
WRK-007945,0.4,0.1,9.581370914280338,2
WRK-007946,0.4,0.1,137.36534338869083,5
WRK-007947,14.756,1.0,7.107496610458353,0
WRK-007948,1.0982018786840155,0.1,41.750619386466816,0
WRK-007949,1.0982018786840155,0.1,17.766909630876558,0
WRK-007950,1.0982018786840155,0.1,16.290420566524215,0
WRK-007951,1.0982018786840155,0.1,18.978516022068753,0
WRK-007952,1.0982018786840155,0.1,4.7011896525879635,1
WRK-007953,1.0982018786840155,0.1,18.404618497136283,0
WRK-007954,1.0982018786840155,0.1,32.978152461225875,0
WRK-007955,1.0982018786840155,0.1,22.59218389411654,0
WRK-007956,0.19187636363636362,1.0,1.9163309629915406,0
WRK-007957,1.0982018786840155,0.1,9.523550988728525,0
WRK-007958,1.0982018786840155,0.1,0.5435019332405334,0
WRK-007959,1.0982018786840155,0.1,8.941697203211827,0
WRK-007960,1.0982018786840155,0.1,3.1081425574184696,0
WRK-007961,1.0982018786840155,0.1,12.313939583980906,0
WRK-007962,1.0,0.1,0.6470873032968298,0
WRK-007963,0.6666666666666666,0.1,54.563543209328145,0
WRK-007964,1.0,0.1,7.837596962090174,1
WRK-007965,1.0,0.1,28.839966238022537,1
WRK-007966,1.0,0.1,4.974042804154402,0
WRK-007967,2.111111111111111,0.1,25.426582651714654,1
WRK-007968,1.0,0.1,8.587507374241232,0
WRK-007969,0.8888888888888888,0.23195876288659795,19.175764485880226,0
WRK-007970,1.0,0.05154639175257732,54.843965773560804,0
WRK-007971,0.5,0.15463917525773196,21.792461591331723,1
WRK-007972,0.8888888888888888,0.23195876288659795,2.8524247621639853,2
WRK-007973,0.8888888888888888,0.1,141.85050356137307,3
WRK-007974,0.9523809523809523,0.1,26.461094038398368,0
WRK-007975,0.6666666666666666,1.0,39.2320718072886,0
WRK-007976,1.3333333333333333,0.23195876288659795,45.500031070633426,0
WRK-007977,0.6666666666666666,0.15463917525773196,6.062927080348696,1
WRK-007978,0.6666666666666666,0.23195876288659795,7.983624412629751,0
WRK-007979,0.6666666666666666,0.23195876288659795,28.71679563092608,1
WRK-007980,0.7936507936507936,1.0,1.1535974876791915,1
WRK-007981,1.3333333333333333,0.1,7.577624785495721,0
WRK-007982,0.8888888888888888,0.1,8.648478803200346,0
WRK-007983,1.1111111111111112,0.1,40.281411149734296,0
WRK-007984,1.6666666666666667,0.1,56.97364674987155,0
WRK-007985,0.75,0.1,3.177749395517146,1
WRK-007986,1.1111111111111112,1.0,13.76253218158874,0
WRK-007987,1.1111111111111112,1.0,26.247926858525044,0
WRK-007988,1.1111111111111112,0.1,8.35893085716888,1
WRK-007989,1.1111111111111112,1.0,15.196850007255467,2
WRK-007990,1.1111111111111112,0.1,5.207058370657956,0
WRK-007991,2.2222222222222223,0.1,29.090698469365094,0
WRK-007992,1.1111111111111112,0.1,28.40620851257979,1
WRK-007993,2.2222222222222223,0.1,11.257058954860664,2
WRK-007994,1.3414524805738195,1.0,8.604529985455551,0
WRK-007995,1.3414524805738195,1.0,6.174438184762899,1
WRK-007996,3.0,0.1,1.4866945700634155,0
WRK-007997,1.3414524805738195,1.0,16.217208415550665,0
WRK-007998,1.3414524805738195,1.0,41.58505452084101,0
WRK-007999,1.3414524805738195,1.0,2.597072830221809,0
WRK-008000,1.3414524805738195,1.0,10.550381684334429,1
WRK-008001,1.3414524805738195,1.0,42.66055693665096,1
WRK-008002,1.3414524805738195,1.0,33.64915451072768,1
WRK-008003,1.3414524805738195,1.0,25.928779489094392,0
WRK-008004,1.3414524805738195,1.0,0.31880216191152877,0
WRK-008005,1.3414524805738195,1.0,22.475953833810284,1
WRK-008006,1.3414524805738195,1.0,7.0835688427573515,0
WRK-008007,1.3414524805738195,1.0,28.66075689763294,0
WRK-008008,1.3414524805738195,1.0,5.038322380943048,0
WRK-008009,1.3414524805738195,1.0,0.06454550668601439,0
WRK-008010,1.3414524805738195,1.0,14.030215374667659,0
WRK-008011,1.3414524805738195,1.0,6.813953394500679,0
WRK-008012,1.3414524805738195,1.0,17.605679789529198,0
WRK-008013,1.3414524805738195,1.0,6.526820920081762,0
WRK-008014,1.3414524805738195,0.1,29.919900976146337,0
WRK-008015,1.0,0.1,13.810337937824741,0
WRK-008016,1.0,0.1,209.07851742583196,5
WRK-008017,1.2,1.0,25.256048387353292,1
WRK-008018,0.8,1.0,47.63268426061905,0
WRK-008019,1.2,1.0,45.557491612488434,1
WRK-008020,1.0,1.0,76.13379049850377,0
WRK-008021,1.0,0.15450643776824036,23.580734345701238,0
WRK-008022,1.2,0.1,18.95314063699791,1
WRK-008023,0.8,0.1,1.570289492770961,0
WRK-008024,0.8,0.1,5.061332762676313,0
WRK-008025,1.2,0.1,7.25792996842106,1
WRK-008026,0.8,0.1,15.41088633876165,0
WRK-008027,1.2,0.1,34.53912700528927,0
WRK-008028,1.6,0.1,12.173628008341012,0
WRK-008029,1.0,0.1,5.744831381869556,0
WRK-008030,1.0,0.1,9.979933194448057,0
WRK-008031,1.0,0.1,0.7254696513132591,0
WRK-008032,1.0,0.1,6.08484271481307,0
WRK-008033,1.0,0.1,0.8576267639830375,0
WRK-008034,1.0,0.1,14.589029897899035,2
WRK-008035,1.0,0.1,52.43038119475951,2
WRK-008036,1.0,0.1,10.901664524272682,0
WRK-008037,1.0,0.1,28.07184415557404,1
WRK-008038,1.0,0.1,257.1656443965053,4
WRK-008039,1.0,0.1,209.63472840923367,2
WRK-008040,0.9113924050632911,1.0,35.952364190510345,1
WRK-008041,1.0379746835443038,0.1,16.89621404654254,0
WRK-008042,0.39556962025316456,0.1,19.506277518506202,1
WRK-008043,1.0443037974683544,0.1,8.319429865364292,0
WRK-008044,0.9261603375527426,0.1,27.168117449441947,0
WRK-008045,1.4852320675105486,1.0,4.268243224656652,0
WRK-008046,1.0300632911392404,1.0,25.007209168669178,0
WRK-008047,1.141350210970464,0.1,76.91679490847582,0
WRK-008048,0.770042194092827,0.1,6.034591774057797,0
WRK-008049,1.8,1.0,27.106470081548068,0
WRK-008050,0.9841772151898734,0.1,28.185489265682335,0
WRK-008051,0.8649789029535865,0.1,1.4958754925630657,0
WRK-008052,1.5601265822784811,0.1,22.41136707553632,0
WRK-008053,0.5590717299578059,0.1,14.343241271802249,0
WRK-008054,1.0,1.0,12.671353882548113,0
WRK-008055,1.2,1.0,41.698132305605284,3
WRK-008056,1.0,1.0,7.71236827557151,0
WRK-008057,1.2828059071729958,0.1,272.4546759910496,3
WRK-008058,0.9477848101265823,1.0,14.240235098728785,0
WRK-008059,1.1339662447257384,1.0,1.600985427608543,1
WRK-008060,0.8215189873417722,1.0,1.907833443827354,1
WRK-008061,0.965084388185654,1.0,34.480982807940904,0
WRK-008062,0.7383966244725738,0.1,29.04665649116751,0
WRK-008063,0.7088607594936709,0.1,24.049391540170546,1
WRK-008064,0.4008438818565401,0.1,1.8240027555202019,0
WRK-008065,0.8966244725738397,0.1,20.190693008759023,0
WRK-008066,0.9725738396624473,1.0,110.51751135657078,1
WRK-008067,0.4486543174565787,0.1,28.704308630063803,1
WRK-008068,0.4486543174565787,0.1,5.745606822493246,0
WRK-008069,0.75,0.1,29.917344033157157,0
WRK-008070,1.0,0.1,1.4246996461169297,1
WRK-008071,1.0,0.1,7.309177211672137,0
WRK-008072,1.0,0.1,47.68984547281733,0
WRK-008073,2.04957805907173,0.1,30.95498358527272,1
WRK-008074,0.3755274261603376,0.1,30.041720790944222,0
WRK-008075,1.0,0.1,21.11981755327968,0
WRK-008076,1.0,0.1,40.55488690793834,0
WRK-008077,1.0,0.1,6.8700516784033185,1
WRK-008078,1.0,0.1,55.245086893446896,2
WRK-008079,0.3227848101265823,0.1,31.055475085578472,1
WRK-008080,0.45675105485232065,0.1,1.7677716907277443,0
WRK-008081,1.0,0.1,33.54037747835635,0
WRK-008082,1.0,0.1,16.729290198090887,1
WRK-008083,1.0,0.1,16.372327496327234,1
WRK-008084,0.8674152777078403,0.1,34.06949350357579,0
WRK-008085,1.0,0.1,272.346508798217,3
WRK-008086,1.0,0.1,1.5829836872118763,0
WRK-008087,0.8333333333333334,0.1,64.79825176222026,1
WRK-008088,2.2222222222222223,0.1,64.79488194963957,2
WRK-008089,1.0,0.1,29.86066128019413,0
WRK-008090,0.3333333333333333,0.1,200.5677174054782,2
WRK-008091,0.8888888888888888,0.1,32.33512790892717,0
WRK-008092,0.5,0.1,98.5128372277555,0
WRK-008093,0.6,0.1,1.8018021820227013,0
WRK-008094,1.0,1.0,1.0324946553539196,0
WRK-008095,2.0,1.0,6.368362457330906,0
WRK-008096,1.0,0.1,18.066237120149225,0
WRK-008097,0.1,0.1,28.758109352446336,0
WRK-008098,1.5,0.1,14.712941877663495,1
WRK-008099,1.0,1.0,22.371403558808485,0
WRK-008100,2.0,1.0,11.961178167333092,0
WRK-008101,0.75,0.1,12.854335069145593,0
WRK-008102,0.8333333333333334,0.1,9.192819752206727,1
WRK-008103,0.6666666666666666,0.1,18.636152286416944,0
WRK-008104,1.1111111111111112,0.1,2.664744788740876,1
WRK-008105,0.8,0.1,1.686208297446497,0
WRK-008106,1.0,0.1,13.874475265277443,1
WRK-008107,0.6,0.1,8.746913387820376,0
WRK-008108,0.98,0.1,8.828691312029571,0
WRK-008109,1.0,0.1,46.35400723681115,0
WRK-008110,1.0,0.1,110.46721471650258,0
WRK-008111,1.0,0.1,19.217545406265206,0
WRK-008112,0.75,0.1,3.4727323637042073,1
WRK-008113,0.75,0.1,30.64925476237926,0
WRK-008114,0.5,0.1,16.385080383548104,2
WRK-008115,1.5,0.1,28.425592081019193,0
WRK-008116,1.0,0.1,20.114022074063485,0
WRK-008117,1.4285714285714286,0.1,2.3391911729416077,0
WRK-008118,0.9303190994511117,0.1,21.219907904915573,0
WRK-008119,2.5,0.1,20.685061383794995,0
WRK-008120,0.75,0.1,72.50229898619425,0
WRK-008121,1.0,0.1,47.904411007844644,0
WRK-008122,0.75,0.1,86.99940315309887,0
WRK-008123,0.75,0.1,57.0757670525197,1
WRK-008124,0.6121556624398776,0.23076923076923078,2.446387201886189,0
WRK-008125,1.4545454545454546,1.0,1.3216214725683701,0
WRK-008126,0.31746031746031744,0.1,41.80464165306604,0
WRK-008127,1.452480573819486,0.1,30.451160131614763,0
WRK-008128,1.6666666666666667,0.1,1.9367726747115432,0
WRK-008129,1.0,0.1,2.852996474487152,0
WRK-008130,1.1111111111111112,0.1,25.296729096885848,0
WRK-008131,0.5,0.1537147736976943,11.897761649824503,0
WRK-008132,0.4444444444444444,1.0,27.22259116467864,0
WRK-008133,1.452480573819486,0.1,8.576737839305636,0
WRK-008134,1.452480573819486,0.1,5.756101119000564,1
WRK-008135,1.452480573819486,0.1,237.53013090950995,5
WRK-008136,1.3333333333333333,0.1537147736976943,7.934734748490461,0
WRK-008137,1.6666666666666667,0.1,231.5176576936516,2
WRK-008138,2.2222222222222223,0.1,294.8012157845536,2
WRK-008139,1.6666666666666667,0.1537147736976943,0.06563098929263866,0
WRK-008140,0.4444444444444444,0.1,0.2625423709767291,0
WRK-008141,0.5,1.0,14.0988031533529,1
WRK-008142,1.4140088571839837,0.1,24.08215863323264,3
WRK-008143,0.5,0.1,2.0954731537182383,1
WRK-008144,0.6444,1.0,9.520403856617088,1
WRK-008145,1.4214864291415934,0.1,11.17545405319907,1
WRK-008146,0.6121556624398776,0.23057216054654142,10.989867173330543,0
WRK-008147,0.9554140127388535,0.1,31.3201455160059,0
WRK-008148,1.0,0.1,9.804665833467801,0
WRK-008149,1.0,0.1,17.62779331916819,0
WRK-008150,1.0,0.1,16.163014146637394,0
WRK-008151,1.0,0.1,9.72498876442629,0
WRK-008152,1.452480573819486,0.1,2.6790193470256933,0
WRK-008153,1.0,0.1,6.9307389967274045,0
WRK-008154,1.0,0.1,0.07284131916048261,0
WRK-008155,1.0,0.1,11.630529159274822,0
WRK-008156,1.0,0.1,22.889044644941198,0
WRK-008157,0.9872611464968153,0.1,19.20592422402896,0
WRK-008158,1.0,0.1,41.933506954111415,0
WRK-008159,1.0,0.1,16.48093818789233,1
WRK-008160,1.0,0.1,5.808476069835828,0
WRK-008161,1.0,0.1,5.264297492013447,0
WRK-008162,1.0,0.1,185.0748939491162,2
WRK-008163,1.0,0.1,2.3556240859486475,0
WRK-008164,1.0,0.1,2.1158210444092065,0
WRK-008165,1.0,0.1,63.83782576219669,0
WRK-008166,1.0,0.1,13.48110197932002,0
WRK-008167,1.452480573819486,0.1,12.737942590567126,2
WRK-008168,1.0,0.1,20.280879195838896,0
WRK-008169,1.0,0.1,46.426847268793914,0
WRK-008170,1.0,0.1,36.11783456509894,2
WRK-008171,1.0666666666666667,0.1,13.352358306800918,0
WRK-008172,1.348962694204112,0.1,26.52731741237348,0
WRK-008173,1.1428571428571428,0.1,13.527064374011646,1
WRK-008174,0.5684249697646293,0.1,45.131582115221434,0
WRK-008175,0.8571428571428571,0.1,22.380645675487834,0
WRK-008176,0.8571428571428571,0.1,18.504579982889247,0
WRK-008177,0.8571428571428571,0.1,19.357139218342255,1
WRK-008178,0.8571428571428571,0.1,2.6823675199254575,0
WRK-008179,1.348962694204112,0.1,46.43839673297455,0
WRK-008180,2.857142857142857,0.1,60.60982671000364,0
WRK-008181,1.4285714285714286,0.1,4.026863674230653,0
WRK-008182,1.1428571428571428,0.1,1.0409665224399354,1
WRK-008183,1.1428571428571428,0.1,10.87498744246032,0
WRK-008184,1.1428571428571428,0.1,9.71689099465857,0
WRK-008185,0.9303190994511117,0.1,18.478630515428843,0
WRK-008186,0.9303190994511117,0.1,4.225504842304683,1
WRK-008187,1.4285714285714286,0.1,7.957817760307852,1
WRK-008188,5.680498583002223,0.1,14.010676465406377,1
WRK-008189,5.95008687900579,0.1,291.9976313005408,2
WRK-008190,1.4285714285714286,0.1,4.057446983203608,1
WRK-008191,1.4285714285714286,0.1,28.04227814122686,0
WRK-008192,1.348962694204112,0.1,2.3421586950617983,1
WRK-008193,1.4285714285714286,0.1,61.49906175048823,0
WRK-008194,1.348962694204112,0.1,21.904231661687483,0
WRK-008195,1.348962694204112,0.1,39.78527001163965,0
WRK-008196,1.75,0.1,3.8357897510893,0
WRK-008197,2.6666666666666665,0.1,8.139598161457211,0
WRK-008198,1.1163829193413342,0.1,33.434413693925706,0
WRK-008199,1.348962694204112,0.1,11.989878424045004,0
WRK-008200,1.0666666666666667,0.1,232.2977171294525,2
WRK-008201,1.4285714285714286,0.1,26.56974311497285,0
WRK-008202,1.348962694204112,0.1,89.72479345002102,0
WRK-008203,1.4285714285714286,0.1,5.529369778573329,0
WRK-008204,2.5,0.1,54.58675570907299,0
WRK-008205,1.348962694204112,0.1,3.098868042015812,0
WRK-008206,1.4285714285714286,0.1,35.90825507351542,1
WRK-008207,2.5,0.1,132.41536177841286,2
WRK-008208,1.4285714285714286,0.1,0.5367759791756127,0
WRK-008209,0.42857142857142855,1.0,0.30413878008004036,0
WRK-008210,0.9872611464968153,1.0,25.01672803336538,0
WRK-008211,0.9872611464968153,0.1,4.746755090557672,0
WRK-008212,1.3333333333333333,0.1,289.6982831932896,4
WRK-008213,1.0,0.1,57.25602301549529,1
WRK-008214,0.6349206349206349,0.1,3.0552545700483935,0
WRK-008215,0.885,1.0,10.937687763008375,0
WRK-008216,1.3333333333333333,0.1,7.042578159765056,0
WRK-008217,0.9523809523809523,0.1,32.81363573133807,1
WRK-008218,1.6666666666666667,0.1,41.18992058849095,0
WRK-008219,1.413165402178041,1.0,11.477957834361854,0
WRK-008220,0.9341,1.0,27.1250541399302,0
WRK-008221,0.8,0.1,4.160400918299185,0
WRK-008222,0.5714285714285714,1.0,47.748088511823205,1
WRK-008223,1.5,1.0,1.0820422830592193,0
WRK-008224,0.5714285714285714,1.0,36.25332739792521,0
WRK-008225,1.4285714285714286,1.0,15.447786725170367,0
WRK-008226,0.8571428571428571,1.0,16.872067818533274,0
WRK-008227,0.8571428571428571,1.0,31.612891007721636,0
WRK-008228,0.42857142857142855,1.0,5.728816645771049,0
WRK-008229,0.8571428571428571,1.0,20.16840945586464,0
WRK-008230,0.27909572983533354,0.22998296422487224,14.678097820760275,1
WRK-008231,0.7142857142857143,1.0,18.797032083180802,0
WRK-008232,0.7142857142857143,1.0,10.124129838899986,0
WRK-008233,0.8571428571428571,1.0,2.146660003336826,0
WRK-008234,0.9285714285714286,0.15332197614991483,44.14311691733609,0
WRK-008235,0.7857142857142857,0.15332197614991483,17.17357263417924,0
WRK-008236,0.0,1.0,9.245609501904076,0
WRK-008237,0.42857142857142855,1.0,25.20350857008748,0
WRK-008238,1.404494382022472,1.0,4.517719960369956,0
WRK-008239,3.0,0.1,58.55190282953386,1
WRK-008240,3.0,0.1,2.094818252742855,0
WRK-008241,0.6012024048096193,0.1,16.55182083824552,1
WRK-008242,0.40080160320641284,0.1,60.69227413186442,0
WRK-008243,0.801,1.0,61.243291608936055,0
WRK-008244,4.4,0.1,284.0509284271445,5
WRK-008245,1.6776339662447257,0.15293118096856415,1.218130299040268,0
WRK-008246,1.0569841772151898,0.15293118096856415,10.841733297512459,0
WRK-008247,4.21676582278481,0.15293118096856415,4.126109708464342,0
WRK-008248,4.2176814345991565,0.15293118096856415,12.126688550682847,0
WRK-008249,4.219029535864979,0.15293118096856415,4.611190281002486,0
WRK-008250,4.21693670886076,0.15293118096856415,0.6806611710693242,0
WRK-008251,3.694860759493671,0.15293118096856415,5.900847826139747,0
WRK-008252,4.211700421940928,0.15293118096856415,63.41996628127501,0
WRK-008253,2.0,0.1,2.643719294867957,1
WRK-008254,4.216447257383966,0.15293118096856415,6.594340831150144,1
WRK-008255,1.7954925745398889,0.1,10.768479511142289,0
WRK-008256,1.2,0.1,25.802442713834253,0
WRK-008257,12.0,0.1,36.98355515717026,0
WRK-008258,1.6927674835624626,0.1,217.11641430792417,4
WRK-008259,1.6927674835624626,0.1,60.111142266286606,0
WRK-008260,1.6927674835624626,0.1,4.630694295647878,2
WRK-008261,1.6927674835624626,0.1,40.675653958346594,0
WRK-008262,1.6927674835624626,0.1,12.273593090895695,0
WRK-008263,1.6927674835624626,0.1,26.849317557499912,1
WRK-008264,1.6927674835624626,0.1,2.5162317938081302,0
WRK-008265,1.6927674835624626,0.1,16.220626961689387,0
WRK-008266,1.6927674835624626,0.1,21.26252250521974,0
WRK-008267,1.6927674835624626,0.1,30.322337742990094,0
WRK-008268,1.6927674835624626,0.1,107.47094230440807,0
WRK-008269,1.6927674835624626,0.1,53.00225216871115,0
WRK-008270,1.6927674835624626,0.1,12.60496880741011,0
WRK-008271,1.6927674835624626,0.1,8.154859558752264,0
WRK-008272,1.6927674835624626,0.1,9.915088562884014,0
WRK-008273,1.6927674835624626,0.1,72.27347449796157,0
WRK-008274,1.6927674835624626,0.1,4.726012611348216,1
WRK-008275,1.6927674835624626,0.1,81.89851552046811,0
WRK-008276,1.6927674835624626,0.1,27.053091729664004,0
WRK-008277,1.6927674835624626,0.1,9.078852762835728,1
WRK-008278,1.6927674835624626,0.1,43.396014889198526,0
WRK-008279,1.6927674835624626,0.1,7.624711312566259,0
WRK-008280,1.6927674835624626,0.1,25.93140281741973,1
WRK-008281,1.6927674835624626,0.1,11.405414374550464,0
WRK-008282,1.6927674835624626,0.1,14.827123407894028,0
WRK-008283,1.6927674835624626,0.1,28.314374311925835,0
WRK-008284,1.6927674835624626,0.1,21.36423417861134,0
WRK-008285,1.6927674835624626,0.1,0.41443619538647664,0
WRK-008286,1.6927674835624626,0.1,9.846454083031755,0
WRK-008287,1.6927674835624626,0.1,13.539902127301557,1
WRK-008288,1.6927674835624626,0.1,4.1329927913776014,0
WRK-008289,1.6927674835624626,0.1,21.324477682511063,0
WRK-008290,1.6927674835624626,0.1,11.282440349685182,1
WRK-008291,1.6927674835624626,0.1,25.978597978093326,0
WRK-008292,1.6927674835624626,0.1,0.12089317432349993,0
WRK-008293,1.6927674835624626,0.1,58.648531485826815,0
WRK-008294,1.6927674835624626,0.1,6.410637520445546,0
WRK-008295,1.6927674835624626,0.1,10.468514451087872,0
WRK-008296,1.6927674835624626,0.1,11.153140916062192,1
WRK-008297,1.6927674835624626,0.1,6.245005291325462,0
WRK-008298,1.6927674835624626,0.1,11.152952222377815,1
WRK-008299,1.6927674835624626,0.1,11.987848819484217,1
WRK-008300,3.0,0.1,0.05558149783923663,0
WRK-008301,3.0,0.1,8.868016886618701,1
WRK-008302,3.0,0.1,0.7840619255090929,0
WRK-008303,3.0,0.1,24.11348497856912,0
WRK-008304,1.6927674835624626,0.1,21.56159943937956,0
WRK-008305,1.6927674835624626,0.1,18.14039744083654,0
WRK-008306,1.6927674835624626,0.1,14.049205636373339,0
WRK-008307,1.6927674835624626,0.1,15.77330612337925,0
WRK-008308,1.6927674835624626,0.1,45.08799091065893,0
WRK-008309,1.5,1.0,4.699706803149569,0
WRK-008310,1.0,1.0,17.61288379044737,0
WRK-008311,1.002004008016032,1.0,81.84388812197669,0
WRK-008312,1.0,0.1,11.989420683737283,1
WRK-008313,1.0,0.1,4.938053488634402,0
WRK-008314,1.0,0.1,8.872292520927294,0
WRK-008315,1.0,0.1,10.07469670467402,0
WRK-008316,1.0,0.1,10.885775725110182,0
WRK-008317,1.0,0.1,3.034570824815912,0
WRK-008318,1.4615,0.1,14.478011454626422,1
WRK-008319,1.4644,0.1,21.9609014652023,0
WRK-008320,1.4644,0.1,2.3145787806132905,0
WRK-008321,1.4644,0.1,4.078569629151806,0
WRK-008322,1.0,0.1,9.008371770518371,1
WRK-008323,1.4644,0.1,21.00487313223848,1
WRK-008324,1.4644,0.1,4.674349317649406,0
WRK-008325,1.0,0.1,8.787658861204312,0
WRK-008326,1.3333333333333333,1.0,32.54042681509923,0
WRK-008327,1.0,0.1,55.62898838686656,0
WRK-008328,1.4561,0.1,216.6510967894852,5
WRK-008329,1.0,0.1,4.482168076809285,0
WRK-008330,1.0,0.1,8.090493991521322,0
WRK-008331,1.4561,0.1,20.566943771045242,0
WRK-008332,1.6927674835624626,0.1,1.7345352884348002,0
WRK-008333,1.6927674835624626,0.1,0.6339347520030623,0
WRK-008334,1.6927674835624626,0.1,79.78725810027855,0
WRK-008335,1.6927674835624626,0.1,1.12902953040905,0
WRK-008336,1.6927674835624626,0.1,18.459934444587724,0
WRK-008337,1.6927674835624626,0.1,37.992060312183604,0
WRK-008338,1.6927674835624626,0.1,9.821704765653466,0
WRK-008339,1.6927674835624626,0.1,0.2995591316171231,1
WRK-008340,1.6927674835624626,0.1,23.09088515667563,0
WRK-008341,1.6927674835624626,0.1,2.58060490931086,0
WRK-008342,1.6927674835624626,0.1,3.412516404335411,0
WRK-008343,1.6927674835624626,0.1,14.580057458181944,0
WRK-008344,1.6927674835624626,0.1,14.751180827909256,0
WRK-008345,1.6927674835624626,0.1,185.29731125720178,2
WRK-008346,1.6927674835624626,0.1,1.2743717210612466,1
WRK-008347,1.5,1.0,10.089234656092941,0
WRK-008348,1.6927674835624626,0.1,55.42706340241193,1
WRK-008349,1.6927674835624626,0.1,2.1736499672354563,0
WRK-008350,1.6927674835624626,0.1,33.098665932358514,1
WRK-008351,1.6927674835624626,0.1,2.7612929365875685,0
WRK-008352,1.6927674835624626,0.1,12.391293653947981,1
WRK-008353,1.6927674835624626,0.1,21.531008176771984,1
WRK-008354,1.6927674835624626,0.1,5.342204532311312,0
WRK-008355,1.6927674835624626,0.1,4.687493303711206,1
WRK-008356,1.6927674835624626,0.1,14.73709582300428,1
WRK-008357,1.6927674835624626,0.1,6.8123347310759765,0
WRK-008358,1.6927674835624626,0.1,34.386844496388264,0
WRK-008359,1.6915720263000598,1.0,22.388502372361234,0
WRK-008360,1.6927674835624626,0.1,0.32863553860714334,2
WRK-008361,1.6927674835624626,0.1,5.644371437959075,1
WRK-008362,1.6927674835624626,0.1,8.720228173548367,1
WRK-008363,1.6927674835624626,0.1,4.552335874588454,0
WRK-008364,1.6927674835624626,0.1,35.83362848786077,0
WRK-008365,1.6927674835624626,0.1,58.42925979307762,0
WRK-008366,1.6927674835624626,0.1,2.4732763421098207,1
WRK-008367,1.6927674835624626,0.1,8.052735449442357,1
WRK-008368,1.6927674835624626,0.1,1.9860132453362722,0
WRK-008369,1.6927674835624626,0.1,3.7462211418102043,0
WRK-008370,1.6927674835624626,0.1,40.06127659154696,1
WRK-008371,1.6927674835624626,0.1,5.762457320987439,0
WRK-008372,1.6927674835624626,0.1,232.0468841450861,4
WRK-008373,1.46,0.1,9.670258688226756,0
WRK-008374,1.46,0.1,45.61338599657175,2
WRK-008375,1.4615,0.1,2.445760944347305,0
WRK-008376,1.46,0.1,6.865872629359923,1
WRK-008377,1.4615,0.1,12.658789524854752,1
WRK-008378,1.46,0.1,7.073388217540552,0
WRK-008379,1.452480573819486,0.1,19.23970648130562,0
WRK-008380,0.3333333333333333,0.1,5.288943749514425,1
WRK-008381,0.6666666666666666,0.1,28.876519430873188,0
WRK-008382,1.0,0.1,129.9419096683622,5
WRK-008383,1.0,1.0,61.48257871560415,1
WRK-008384,0.3333333333333333,0.1,26.93832070410376,0
WRK-008385,0.8888888888888888,0.1,21.283022116379936,0
WRK-008386,0.6666666666666666,0.1,7.046973380068575,0
WRK-008387,1.452480573819486,0.1,0.9473002582853858,0
WRK-008388,0.8333333333333334,0.1,10.213616434514252,0
WRK-008389,1.0,0.1,6.029300045557163,0
WRK-008390,1.452480573819486,0.1,0.6270739146661028,0
WRK-008391,1.462,0.1,19.57282119884868,0
WRK-008392,1.462,0.1,32.320263651275134,0
WRK-008393,1.462,0.1,268.7872517582442,3
WRK-008394,1.462,0.1,0.9468649931724181,0
WRK-008395,1.462,0.1,0.5020814521973492,0
WRK-008396,3.0,0.1,82.13934790543532,0
WRK-008397,1.462,0.15202702702702703,205.3019755286001,2
WRK-008398,0.7225738396624473,0.1,181.1146081832946,5
WRK-008399,2.848101265822785,0.1518987341772152,24.527150709547225,0
WRK-008400,1.022038,0.1,6.079698402390461,1
WRK-008401,1.0548523206751055,0.1,0.3099839901582428,0
WRK-008402,1.0485232067510548,0.1518987341772152,13.84827588374584,0
WRK-008403,0.6329113924050633,0.1518987341772152,149.1300446247809,4
WRK-008404,5.6781115879828326,0.1,4.618543393299995,0
WRK-008405,4.289270386266095,0.1,8.677096327224493,0
WRK-008406,1.25,1.0,4.237601578301283,1
WRK-008407,6.436480686695279,1.0,4.38414484207661,0
WRK-008408,6.436480686695279,0.1,4.6278140997337065,1
WRK-008409,5.683690987124463,0.1,2.124094535582117,0
WRK-008410,0.0,1.0,0.6508911586122478,1
WRK-008411,1.3041539134236992,0.1,10.675563904383898,0
WRK-008412,5.6781115879828326,0.1,21.06986698303533,0
WRK-008413,1.25,0.1,184.549579462839,2
WRK-008414,1.25,0.1,21.447355092117103,1
WRK-008415,1.25,0.1,12.36834932446044,1
WRK-008416,1.0,0.1,0.055158591399380515,1
WRK-008417,1.25,1.0,2.356641513470331,1
WRK-008418,0.998796,1.0,3.3705819927505543,1
WRK-008419,1.25,0.1,4.241922624023829,0
WRK-008420,1.25,1.0,15.084454384604438,0
WRK-008421,1.0014866637516397,0.1,187.67366556406472,3
WRK-008422,1.484933,1.0,8.37777729144882,0
WRK-008423,1.0,0.1,51.085533808135814,0
WRK-008424,1.486089,1.0,89.4534299600763,0
WRK-008425,1.5,1.0,14.422538121711092,2
WRK-008426,1.48455,1.0,4.493251519540619,0
WRK-008427,0.9085475194261805,0.1,4.861637194292962,0
WRK-008428,0.9085475194261805,0.1,9.875457774471242,0
WRK-008429,0.9085475194261805,0.1,9.492580404762355,1
WRK-008430,0.9085475194261805,0.1,5.3461423529242165,0
WRK-008431,0.9085475194261805,0.1,43.992129491381746,0
WRK-008432,0.9085475194261805,0.1,11.80630223845608,0
WRK-008433,0.9085475194261805,0.1,12.236414678443495,1
WRK-008434,0.9085475194261805,0.1,75.38426625937349,0
WRK-008435,0.9085475194261805,0.1,137.0144646813258,2
WRK-008436,0.9085475194261805,0.1,36.03390754668718,0
WRK-008437,0.9085475194261805,0.1,11.795000926334104,0
WRK-008438,0.9085475194261805,0.1,44.70133848096877,0
WRK-008439,0.9085475194261805,0.1,5.314730654877854,0
WRK-008440,0.9085475194261805,0.1,0.18703919519855794,0
WRK-008441,0.9085475194261805,0.1,33.33661098686727,2
WRK-008442,0.9085475194261805,0.1,5.9003942940463014,0
WRK-008443,0.9085475194261805,0.1,18.291701590487694,1
WRK-008444,0.9085475194261805,0.1,13.95083734467689,1
WRK-008445,0.9085475194261805,0.1,2.8617666017687537,0
WRK-008446,0.9085475194261805,0.1,5.366771188338479,0
WRK-008447,0.9085475194261805,0.1,66.35887139659422,1
WRK-008448,0.9085475194261805,0.1,61.903989790005454,0
WRK-008449,0.9085475194261805,0.1,13.769876999820191,2
WRK-008450,0.9085475194261805,0.1,6.79678506529685,0
WRK-008451,0.9085475194261805,0.1,21.565552091990682,0
WRK-008452,0.9085475194261805,0.1,37.50036230771317,0
WRK-008453,0.9085475194261805,0.1,59.17482674714121,0
WRK-008454,0.9085475194261805,0.1,4.796068172629633,0
WRK-008455,0.9085475194261805,0.1,5.697458382685067,2
WRK-008456,0.9085475194261805,0.1,1.6622286149429166,1
WRK-008457,0.9085475194261805,0.1,197.66032841047917,3
WRK-008458,0.9085475194261805,0.1,6.8683802334785575,0
WRK-008459,0.9085475194261805,0.1,1.6583249248086287,0
WRK-008460,0.9085475194261805,0.1,23.05071571841706,0
WRK-008461,0.9085475194261805,0.1,8.418516033946927,0
WRK-008462,0.9085475194261805,0.1,4.780967100480636,0
WRK-008463,0.9085475194261805,0.1,16.949935536822423,0
WRK-008464,0.9085475194261805,0.1,17.080659295246722,0
WRK-008465,0.9085475194261805,0.1,6.178329161701424,0
WRK-008466,0.9085475194261805,0.1,20.14622311531628,0
WRK-008467,0.9085475194261805,0.1,57.5058374152363,0
WRK-008468,0.9085475194261805,0.1,233.1840773389731,2
WRK-008469,0.9085475194261805,0.1,1.5021421247231137,0
WRK-008470,0.9085475194261805,0.1,8.9205429261898,0
WRK-008471,0.9085475194261805,0.1,27.052611899114027,0
WRK-008472,0.9085475194261805,0.1,36.52870599133393,0
WRK-008473,0.9085475194261805,0.1,6.0380331138333805,0
WRK-008474,0.9085475194261805,0.1,34.93379423755086,0
WRK-008475,0.9085475194261805,0.1,16.380180707687593,1
WRK-008476,0.9085475194261805,0.1,43.338146108437705,0
WRK-008477,0.9085475194261805,0.1,16.69685529524354,1
WRK-008478,0.9085475194261805,0.1,44.095910372325974,0
WRK-008479,0.9085475194261805,0.1,3.2660268624765894,0
WRK-008480,0.9085475194261805,0.1,73.2337475478329,1
WRK-008481,0.9085475194261805,0.1,1.2606317892240584,0
WRK-008482,0.9085475194261805,0.1,31.535692885068677,0
WRK-008483,0.9085475194261805,0.1,2.2361837850727437,0
WRK-008484,0.9085475194261805,0.1,47.7645197758262,0
WRK-008485,0.9085475194261805,0.1,2.2344068395936962,0
WRK-008486,0.9085475194261805,0.1,19.074306581056103,1
WRK-008487,0.9085475194261805,0.1,13.510802810191812,0
WRK-008488,0.9085475194261805,0.1,5.104853977106885,1
WRK-008489,0.9085475194261805,0.1,41.67678707898156,0
WRK-008490,0.9085475194261805,0.1,12.978876413864862,0
WRK-008491,0.9085475194261805,0.1,18.805015796051297,0
WRK-008492,0.9085475194261805,0.1,6.637965963560205,0
WRK-008493,1.7776363636363637,0.1,55.59520408559646,0
WRK-008494,1.4561,0.1,20.880413482991464,0
WRK-008495,1.0,0.1,11.132194996011751,0
WRK-008496,0.9993999599973331,0.1,20.915410208825808,2
WRK-008497,1.3083515522518583,0.1,26.49035297941171,0
WRK-008498,0.9085475194261805,0.1,4.703829186857048,1
WRK-008499,0.9085475194261805,0.1,30.53703610650723,0
WRK-008500,0.9085475194261805,0.1,4.603678366856155,0
WRK-008501,0.9085475194261805,0.1,20.67851682606516,0
WRK-008502,0.9085475194261805,0.1,4.464928955896568,0
WRK-008503,0.9085475194261805,0.1,4.17327366506788,0
WRK-008504,1.4568,0.1,15.022467268854854,0
WRK-008505,1.4539,0.1,6.806276574955211,1
WRK-008506,1.4539,0.1,0.5762174079844988,0
WRK-008507,1.4568,0.1,32.584683282612765,0
WRK-008508,0.9085475194261805,0.1,94.24797852508667,0
WRK-008509,0.9085475194261805,0.1,25.196887341764004,0
WRK-008510,0.9085475194261805,0.1,54.10006292067229,0
WRK-008511,0.9085475194261805,0.1,27.715050424296898,0
WRK-008512,0.9085475194261805,0.1,97.30391142802567,1
WRK-008513,0.9085475194261805,0.1,120.12667829718384,4
WRK-008514,0.9085475194261805,0.1,15.460862634388853,0
WRK-008515,0.9085475194261805,0.1,9.442859091133982,0
WRK-008516,0.9085475194261805,0.1,69.8214016200056,1
WRK-008517,0.9085475194261805,0.1,14.074511671074038,0
WRK-008518,0.9085475194261805,0.1,45.6186589799665,0
WRK-008519,0.9085475194261805,0.1,2.365326918207202,0
WRK-008520,0.9085475194261805,0.1,6.305873351710966,0
WRK-008521,0.9085475194261805,0.1,120.3812081652438,5
WRK-008522,0.9085475194261805,0.1,8.784132375986935,1
WRK-008523,0.9085475194261805,0.1,6.539827420262698,2
WRK-008524,0.9085475194261805,0.1,9.793712631962963,2
WRK-008525,0.9085475194261805,0.1,4.68191422742765,0
WRK-008526,0.9085475194261805,0.1,37.85415584548457,0
WRK-008527,0.9085475194261805,0.1,7.544653187387888,0
WRK-008528,0.9085475194261805,0.1,20.49258090749779,0
WRK-008529,0.9085475194261805,0.1,3.2672008840371083,0
WRK-008530,0.9085475194261805,0.1,35.160345579559944,0
WRK-008531,0.9085475194261805,0.1,6.736862842025959,0
WRK-008532,0.9085475194261805,0.1,9.938595544592838,0
WRK-008533,0.9085475194261805,0.1,34.955482323578785,0
WRK-008534,0.9085475194261805,0.1,5.471339534460701,1
WRK-008535,0.9085475194261805,0.1,36.602076425797534,0
WRK-008536,0.9085475194261805,0.1,6.483208977000901,0
WRK-008537,0.9085475194261805,0.1,8.663353182457927,1
WRK-008538,0.9085475194261805,0.1,45.20848748317003,0
WRK-008539,0.9085475194261805,0.1,2.743617618310439,0
WRK-008540,0.9085475194261805,0.1,9.304584940994534,0
WRK-008541,0.9085475194261805,0.1,8.60756587103806,0
WRK-008542,0.9085475194261805,0.1,20.61958600060096,0
WRK-008543,0.9085475194261805,0.1,15.960349933864777,0
WRK-008544,0.9085475194261805,0.1,16.132567595577967,0
WRK-008545,0.9085475194261805,0.1,19.021065023343912,1
WRK-008546,0.9085475194261805,0.1,24.088956664517646,1
WRK-008547,0.9085475194261805,0.1,71.44336036254768,0
WRK-008548,0.9085475194261805,0.1,31.17698549967596,0
WRK-008549,0.9085475194261805,0.1,7.427573109694907,1
WRK-008550,0.9085475194261805,0.1,4.500341037859447,0
WRK-008551,0.9085475194261805,0.1,12.132127724860965,0
WRK-008552,0.9085475194261805,0.1,20.26063885913085,0
WRK-008553,0.9085475194261805,0.1,24.866478015934923,0
WRK-008554,0.9085475194261805,0.1,13.446218344401641,1
WRK-008555,0.9085475194261805,0.1,14.481210315221782,0
WRK-008556,0.9085475194261805,0.1,9.986253432628114,0
WRK-008557,0.9085475194261805,0.1,9.043525466325777,0
WRK-008558,0.9085475194261805,0.1,20.91292032853721,1
WRK-008559,0.9085475194261805,0.1,10.321287893424525,1
WRK-008560,0.9085475194261805,0.1,14.248836713215896,0
WRK-008561,0.9085475194261805,0.1,39.359145339148796,0
WRK-008562,0.9085475194261805,0.1,63.4470452916233,0
WRK-008563,0.9085475194261805,0.1,0.3681840174294387,0
WRK-008564,0.9085475194261805,0.1,16.279391479740205,0
WRK-008565,0.9085475194261805,0.1,6.592759452744925,1
WRK-008566,0.9085475194261805,0.1,23.52587228427648,0
WRK-008567,0.9085475194261805,0.1,1.3326464351061937,0
WRK-008568,0.9085475194261805,0.1,16.65594644901671,0
WRK-008569,0.9085475194261805,0.1,4.084554474810976,0
WRK-008570,0.9085475194261805,0.1,16.057264396383815,0
WRK-008571,0.9085475194261805,0.1,1.201499439972093,0
WRK-008572,0.9085475194261805,1.0,11.000242327430286,0
WRK-008573,0.9085475194261805,0.1,0.9431651677033865,0
WRK-008574,0.9085475194261805,0.1,13.330565949443137,1
WRK-008575,0.9085475194261805,0.1,49.6785412182047,1
WRK-008576,0.9085475194261805,0.1,4.921268905294483,1
WRK-008577,0.9085475194261805,0.1,185.71718698042068,3
WRK-008578,0.9085475194261805,1.0,22.808700038729665,0
WRK-008579,0.9085475194261805,0.1,46.996645226762965,0
WRK-008580,0.9085475194261805,0.1,23.049238446652623,0
WRK-008581,0.9085475194261805,0.1,30.374966662745063,0
WRK-008582,0.9085475194261805,0.1,1.0889599651456245,0
WRK-008583,0.9085475194261805,0.1,231.1225397442807,2
WRK-008584,0.9085475194261805,0.1,6.367107386277708,1
WRK-008585,0.9085475194261805,0.1,0.6137340215784649,0
WRK-008586,0.9085475194261805,0.1,29.095976115052412,0
WRK-008587,0.9085475194261805,0.1,27.14011418155399,0
WRK-008588,0.9085475194261805,0.1,1.2137262222748146,0
WRK-008589,0.9085475194261805,0.1,54.73900223010641,0
WRK-008590,0.9085475194261805,0.1,7.194023453059772,0
WRK-008591,0.9085475194261805,0.1,22.570016803252674,0
WRK-008592,0.9085475194261805,0.1,16.743083578799446,1
WRK-008593,0.9085475194261805,0.1,24.232729260097884,0
WRK-008594,0.9085475194261805,0.1,1.7554577294748532,0
WRK-008595,0.9085475194261805,0.1,17.43519568702929,0
WRK-008596,0.9085475194261805,0.1,8.115675080176318,0
WRK-008597,1.0,1.0,1.4936249252852938,1
WRK-008598,1.0,0.1,3.1380101444438386,0
WRK-008599,1.0,1.0,13.772924945847683,1
WRK-008600,1.0,1.0,11.369970030995942,0
WRK-008601,1.0,1.0,12.527500706158662,1
WRK-008602,0.91,0.1,7.059642505749348,1
WRK-008603,1.365,0.1,19.62329887173052,1
WRK-008604,1.1375,0.1,1.4709656923562289,0
WRK-008605,1.1375,0.1,5.87294216488461,0
WRK-008606,1.0,0.1507537688442211,286.95509246048596,5
WRK-008607,0.6666666666666666,0.1507537688442211,54.423335735146985,1
WRK-008608,0.4444444444444444,0.1507537688442211,11.151132231451367,0
WRK-008609,0.6666666666666666,0.1507537688442211,10.46246087566553,0
WRK-008610,0.5555555555555556,0.1507537688442211,4.017932885388161,0
WRK-008611,0.5555555555555556,0.1507537688442211,36.25216474113028,0
WRK-008612,1.6666666666666667,0.30569514237855944,13.147868605695914,1
WRK-008613,0.8333333333333334,0.1,19.174431979787098,0
WRK-008614,0.5555555555555556,0.1507537688442211,4.447504521588573,0
WRK-008615,1.1111111111111112,0.1507537688442211,12.930456296521204,1
WRK-008616,0.5555555555555556,0.1507537688442211,5.783959424442225,1
WRK-008617,0.5555555555555556,0.1507537688442211,36.909556566517836,1
WRK-008618,0.5555555555555556,0.1507537688442211,11.121893961632725,1
WRK-008619,0.5555555555555556,0.1507537688442211,20.721586611652366,1
WRK-008620,1.6666666666666667,0.22613065326633167,26.68703236881982,1
WRK-008621,0.4444444444444444,0.1507537688442211,0.05613749093249289,0
WRK-008622,0.5555555555555556,0.1,9.388271100864182,0
WRK-008623,0.5555555555555556,0.1,10.923394677547263,0
WRK-008624,0.5555555555555556,0.1507537688442211,20.28210257892578,0
WRK-008625,0.5555555555555556,0.1507537688442211,5.336954383077563,0
WRK-008626,1.7,0.1,9.308450933167304,0
WRK-008627,2.63,0.1,13.975777410934269,0
WRK-008628,1.0,0.10050251256281408,17.304935773669772,0
WRK-008629,2.359229957805907,0.1507537688442211,42.6486114442585,0
WRK-008630,1.7569251054852322,0.1507537688442211,10.573402218606319,0
WRK-008631,2.305139240506329,0.1507537688442211,2.564372335899621,0
WRK-008632,0.6666666666666666,0.1507537688442211,35.36416488686529,0
WRK-008633,0.5555555555555556,1.0,5.7703256505744775,0
WRK-008634,1.9620253164556962,0.1,37.917718995231134,0
WRK-008635,1.3364978902953586,0.15,5.838577176533281,0
WRK-008636,0.520042194092827,0.1,0.4379279534386774,2
WRK-008637,1.0358649789029535,0.15,14.066866344200077,2
WRK-008638,0.6538461538461539,0.1,55.96767174372804,0
WRK-008639,0.6729957805907173,0.1,271.33726844722116,2
WRK-008640,1.3461538461538463,0.1,4.093626991180659,1
WRK-008641,1.0,0.1,3.7381181177474594,0
WRK-008642,1.0,0.1,34.77096810359746,1
WRK-008643,1.0,0.1,21.06519801141117,0
WRK-008644,1.2,0.1,10.808433218710789,1
WRK-008645,1.0,0.1,1.2524443460325472,2
WRK-008646,1.0,0.1,17.155308511312956,1
WRK-008647,1.2,0.1,34.324854095336136,2
WRK-008648,1.2,0.1,1.6080346322226706,1
WRK-008649,2.07,0.1,6.174410571474404,0
WRK-008650,1.568,0.1,17.24889292543539,0
WRK-008651,1.116756,0.1,40.50865855878497,0
WRK-008652,1.455732,0.1,91.83996468776158,1
WRK-008653,1.228704,0.1,272.89946685473325,2
WRK-008654,1.6,0.1,19.08911898509229,0
WRK-008655,2.2,0.1,278.46112136838696,5
WRK-008656,0.89487,0.1,5.7680950368126185,0
WRK-008657,1.155204,0.1,0.07206944996947581,2
WRK-008658,0.20450742546011103,0.1,11.087625571755487,1
WRK-008659,0.8888888888888888,0.1,24.641574467793404,0
